Project_ID,Project_Type,Location_Zone,Land_Type,Land_Area_Acres,Number_of_Owners,Number_of_Parcels,Legal_Cases,Ownership_Disputes,Documents_Missing,Objections_Received,Affected_Families,Rehabilitation_Required,Government_Clearances,Compensation_Dispute,Previous_Acquisition_Delay,Planned_Duration_Days,Approval_Days,Actual_Duration_Days,Delayed
LA00001,Airport,Urban,Commercial,82.39,13.0,16,1.0,1,0.0,2,21,No,4,Yes,Yes,399,62.0,443,1
LA00002,Railway,Semi-Urban,Commercial,42.4,10.0,12,1.0,0,2.0,4,20,Yes,3,No,No,389,48.0,524,1
LA00003,Housing,Rural,Residential,98.76,9.0,11,2.0,1,3.0,6,11,No,4,No,No,366,46.0,454,1
LA00004,Industrial,Urban,Residential,42.62,3.0,7,3.0,1,1.0,3,6,No,5,No,No,451,29.0,455,0
LA00005,Road,Urban,Agricultural,24.08,6.0,14,0.0,0,1.0,4,11,No,2,Yes,No,398,39.0,391,0
LA00006,Housing,Semi-Urban,Residential,39.98,9.0,13,0.0,2,1.0,3,13,Yes,3,Yes,No,330,63.0,427,1
LA00007,Airport,Rural,Agricultural,17.27,6.0,11,1.0,2,3.0,2,15,No,1,No,No,382,102.0,507,1
LA00008,Airport,Semi-Urban,Mixed,18.01,9.0,13,2.0,3,0.0,0,16,No,5,Yes,Yes,333,,403,1
LA00009,Road,Rural,Residential,30.76,13.0,21,1.0,0,2.0,2,17,No,3,No,Yes,233,54.0,323,1
LA00010,Railway,Semi-Urban,Agricultural,27.62,4.0,9,0.0,0,0.0,6,10,No,2,No,No,344,43.0,354,0
LA00011,Railway,Urban,Commercial,80.91,7.0,12,1.0,1,2.0,2,13,Yes,7,No,No,456,142.0,564,1
LA00012,Housing,Semi-Urban,Agricultural,30.48,9.0,11,4.0,2,0.0,2,11,No,6,No,No,255,84.0,362,1
LA00013,Industrial,Urban,Residential,15.28,10.0,11,0.0,2,2.0,1,13,No,5,No,No,398,56.0,449,1
LA00014,Housing,Rural,Residential,34.89,5.0,11,3.0,0,1.0,3,7,No,6,Yes,No,436,52.0,548,1
LA00015,Railway,Urban,Mixed,42.32,7.0,9,4.0,1,1.0,5,10,No,4,No,No,411,51.0,515,1
LA00016,Road,Urban,Residential,37.6,12.0,16,2.0,1,0.0,4,18,No,3,No,Yes,511,41.0,502,0
LA00017,Industrial,Semi-Urban,Commercial,14.65,13.0,14,2.0,1,2.0,5,13,Yes,5,Yes,No,301,66.0,457,1
LA00018,Road,Semi-Urban,Mixed,86.63,15.0,15,1.0,1,0.0,4,17,No,4,No,No,648,80.0,803,1
LA00019,Housing,Semi-Urban,Residential,6.92,5.0,10,1.0,1,2.0,5,10,No,4,No,Yes,553,96.0,623,1
LA00020,Industrial,Semi-Urban,Commercial,37.19,8.0,15,0.0,0,1.0,0,13,No,2,No,No,374,66.0,355,0
LA00021,Airport,Rural,Residential,14.23,4.0,13,1.0,1,1.0,4,9,No,3,No,No,338,38.0,353,0
LA00022,Railway,Rural,Residential,68.03,9.0,15,2.0,1,1.0,6,11,No,6,Yes,No,466,74.0,491,0
LA00023,Housing,Rural,Agricultural,46.8,4.0,9,1.0,0,2.0,4,10,Yes,3,No,Yes,339,78.0,364,0
LA00024,Housing,Semi-Urban,Mixed,42.32,4.0,5,0.0,0,0.0,2,9,No,3,Yes,Yes,186,46.0,229,1
LA00025,Airport,Semi-Urban,Residential,28.79,7.0,14,3.0,0,3.0,2,12,No,4,No,No,248,58.0,368,1
LA00026,Road,Semi-Urban,Residential,81.78,9.0,13,0.0,1,0.0,1,17,No,5,,No,475,15.0,486,0
LA00027,Railway,Semi-Urban,Mixed,28.73,5.0,9,0.0,2,2.0,3,9,Yes,5,Yes,No,365,78.0,497,1
LA00028,Road,Urban,Residential,104.39,5.0,9,2.0,0,0.0,3,11,No,1,Yes,No,347,60.0,423,1
LA00029,Road,Semi-Urban,Mixed,17.58,4.0,12,0.0,0,2.0,1,9,No,6,No,No,441,32.0,529,1
LA00030,Industrial,Urban,Commercial,35.06,7.0,11,1.0,1,1.0,3,10,Yes,4,Yes,No,320,46.0,420,1
LA00031,Airport,Urban,Agricultural,56.95,8.0,9,1.0,1,2.0,2,16,Yes,2,No,Yes,120,56.0,144,0
LA00032,Housing,Rural,Mixed,49.02,11.0,14,0.0,2,2.0,2,12,No,3,No,No,347,113.0,340,0
LA00033,Road,Urban,Commercial,33.11,7.0,10,0.0,1,4.0,7,12,No,1,Yes,Yes,322,94.0,443,1
LA00034,Railway,Semi-Urban,Residential,7.88,5.0,10,,2,1.0,4,6,No,2,Yes,No,302,74.0,391,1
LA00035,Railway,Semi-Urban,Mixed,39.0,6.0,10,0.0,0,0.0,3,12,No,3,Yes,Yes,415,70.0,527,1
LA00036,Road,Urban,Mixed,26.21,6.0,8,0.0,2,0.0,3,12,No,2,No,No,251,98.0,330,1
LA00037,Road,Rural,Mixed,21.65,7.0,14,3.0,1,3.0,4,13,No,2,Yes,No,337,72.0,448,1
LA00038,Railway,Urban,Commercial,59.21,6.0,11,0.0,0,1.0,2,10,No,2,No,No,348,68.0,355,0
LA00039,Road,Rural,Agricultural,6.32,7.0,14,1.0,0,3.0,4,12,Yes,5,Yes,No,286,84.0,277,0
LA00040,Industrial,Rural,Agricultural,33.99,5.0,10,0.0,1,2.0,2,8,No,2,No,No,377,53.0,480,1
LA00041,Railway,Urban,Residential,2.15,4.0,7,,0,0.0,3,9,No,7,No,No,257,67.0,385,1
LA00042,Housing,Urban,Agricultural,49.28,6.0,13,1.0,1,2.0,1,13,No,3,No,Yes,206,48.0,198,0
LA00043,Airport,Urban,Commercial,59.63,11.0,13,2.0,3,,4,17,No,3,No,No,300,85.0,286,0
LA00044,Road,Semi-Urban,Commercial,38.61,5.0,12,2.0,1,0.0,0,9,No,3,No,No,490,54.0,476,0
LA00045,Housing,Urban,Agricultural,24.35,7.0,14,1.0,0,2.0,4,11,Yes,4,Yes,No,443,42.0,434,0
LA00046,Housing,Rural,Agricultural,81.0,10.0,14,2.0,1,,3,19,No,6,No,No,221,70.0,247,0
LA00047,Railway,Urban,Commercial,84.56,15.0,22,1.0,1,2.0,4,19,No,9,Yes,No,450,64.0,476,0
LA00048,Road,Rural,Agricultural,43.86,5.0,9,3.0,0,1.0,3,8,No,3,No,Yes,270,48.0,249,0
LA00049,Industrial,Urban,Mixed,92.83,5.0,11,1.0,2,2.0,5,9,No,4,No,No,371,67.0,482,1
LA00050,Road,Rural,Commercial,17.55,9.0,14,4.0,1,0.0,4,12,Yes,3,No,Yes,254,95.0,238,0
LA00051,Road,Urban,Residential,31.62,9.0,12,0.0,0,1.0,4,12,No,2,No,No,425,48.0,548,1
LA00052,Road,Semi-Urban,Residential,3.56,8.0,12,1.0,1,1.0,2,15,Yes,3,No,No,311,82.0,369,1
LA00053,Airport,Semi-Urban,Commercial,13.38,13.0,18,0.0,2,3.0,2,16,No,3,No,No,391,50.0,500,1
LA00054,Industrial,Urban,Agricultural,12.36,6.0,12,0.0,2,1.0,3,8,No,7,No,No,486,64.0,586,1
LA00055,Airport,Rural,Mixed,49.07,7.0,9,1.0,0,2.0,3,10,Yes,3,Yes,No,341,98.0,352,0
LA00056,Airport,Urban,Residential,14.2,10.0,15,0.0,0,0.0,3,14,No,4,No,Yes,467,31.0,462,0
LA00057,Railway,Semi-Urban,Residential,5.91,11.0,15,0.0,1,2.0,3,13,Yes,2,No,No,290,91.0,366,1
LA00058,Industrial,Semi-Urban,Agricultural,20.34,4.0,6,2.0,3,1.0,2,10,No,5,No,No,364,69.0,461,1
LA00059,Road,Semi-Urban,Commercial,22.43,9.0,14,1.0,3,1.0,2,13,No,1,No,No,330,82.0,325,0
LA00060,Road,Urban,Mixed,11.17,9.0,13,2.0,3,1.0,4,12,Yes,7,No,No,407,106.0,489,1
LA00061,Industrial,Urban,Mixed,36.53,8.0,10,0.0,1,1.0,1,14,Yes,5,No,Yes,220,63.0,220,0
LA00062,Railway,Urban,Agricultural,,6.0,11,1.0,1,1.0,2,11,No,2,Yes,Yes,247,77.0,349,1
LA00063,Industrial,Urban,Mixed,8.78,4.0,11,1.0,2,1.0,4,7,No,3,No,Yes,178,32.0,181,0
LA00064,Airport,Urban,Residential,54.29,7.0,14,1.0,0,1.0,4,13,No,3,No,No,326,66.0,497,1
LA00065,Industrial,Rural,Agricultural,16.56,8.0,13,0.0,2,2.0,3,11,Yes,3,No,Yes,364,64.0,351,0
LA00066,Industrial,Semi-Urban,Mixed,22.15,7.0,13,1.0,2,0.0,4,13,No,7,No,No,226,71.0,250,0
LA00067,Industrial,Semi-Urban,Agricultural,47.05,8.0,12,2.0,0,3.0,3,10,No,5,Yes,Yes,265,76.0,267,0
LA00068,Road,Semi-Urban,Mixed,22.31,8.0,12,1.0,3,1.0,4,14,No,4,No,No,538,53.0,540,0
LA00069,Road,Urban,Residential,13.56,8.0,12,2.0,2,1.0,6,12,No,5,No,No,376,112.0,553,1
LA00070,Railway,Semi-Urban,Residential,35.02,10.0,13,1.0,1,0.0,2,17,No,6,No,No,308,15.0,434,1
LA00071,Road,Urban,Agricultural,68.56,11.0,13,1.0,3,1.0,7,17,No,6,No,Yes,362,50.0,483,1
LA00072,Railway,Urban,Mixed,63.12,6.0,11,0.0,1,2.0,3,12,Yes,1,No,Yes,426,92.0,491,1
LA00073,Housing,Semi-Urban,Agricultural,,9.0,14,0.0,1,0.0,2,15,No,4,Yes,No,499,70.0,582,1
LA00074,Road,Semi-Urban,Mixed,15.57,10.0,17,0.0,0,,1,14,Yes,3,No,Yes,357,60.0,467,1
LA00075,Road,Rural,Residential,18.35,11.0,12,2.0,0,3.0,5,15,No,5,No,Yes,344,90.0,429,1
LA00076,Road,Urban,Commercial,63.57,9.0,11,0.0,1,4.0,3,10,No,4,No,Yes,293,77.0,282,0
LA00077,Road,Semi-Urban,Agricultural,18.1,5.0,11,0.0,1,2.0,4,10,No,10,No,No,343,,347,0
LA00078,Industrial,Urban,Residential,89.89,12.0,19,2.0,2,2.0,1,15,Yes,3,Yes,No,580,111.0,641,1
LA00079,Industrial,Urban,Commercial,46.64,10.0,14,1.0,0,0.0,0,16,Yes,5,Yes,No,495,57.0,561,1
LA00080,Airport,Rural,Commercial,32.17,9.0,14,2.0,0,2.0,4,14,No,3,No,No,401,70.0,384,0
LA00081,Industrial,Urban,Agricultural,20.41,10.0,14,0.0,1,0.0,5,12,No,2,Yes,Yes,545,38.0,683,1
LA00082,Railway,Semi-Urban,Residential,35.36,7.0,12,2.0,0,1.0,1,8,No,5,No,No,306,82.0,403,1
LA00083,Housing,Semi-Urban,Residential,13.49,9.0,11,0.0,2,3.0,1,15,No,3,Yes,No,320,73.0,509,1
LA00084,Road,Urban,Mixed,9.05,8.0,11,1.0,4,2.0,3,8,Yes,5,No,Yes,354,114.0,462,1
LA00085,Road,Rural,Commercial,46.95,5.0,9,0.0,2,1.0,4,9,Yes,2,No,No,436,88.0,484,1
LA00086,Road,Semi-Urban,Mixed,32.07,9.0,10,1.0,0,3.0,3,13,No,7,Yes,No,290,58.0,409,1
LA00087,Airport,Rural,Commercial,55.64,7.0,10,1.0,2,3.0,6,10,Yes,3,No,Yes,304,97.0,454,1
LA00088,Railway,Semi-Urban,Mixed,40.46,8.0,9,,3,0.0,6,13,No,3,Yes,No,407,58.0,413,0
LA00089,Road,Rural,Residential,20.15,6.0,9,2.0,0,0.0,3,9,Yes,6,No,Yes,374,42.0,383,0
LA00090,Railway,Urban,Agricultural,63.07,11.0,15,1.0,1,1.0,1,12,No,6,Yes,No,170,47.0,290,1
LA00091,Road,Semi-Urban,Commercial,22.08,12.0,15,0.0,0,1.0,1,15,No,4,No,Yes,375,68.0,455,1
LA00092,Industrial,Rural,Residential,75.0,12.0,15,0.0,1,1.0,2,15,Yes,2,No,Yes,120,78.0,207,1
LA00093,Railway,Urban,Residential,21.54,7.0,7,3.0,1,0.0,3,14,Yes,2,No,No,212,52.0,297,1
LA00094,Railway,Semi-Urban,Commercial,10.5,12.0,15,,1,1.0,4,13,No,2,No,No,288,60.0,299,0
LA00095,Road,Rural,Mixed,83.92,7.0,12,0.0,4,0.0,2,15,No,2,No,Yes,369,67.0,475,1
LA00096,Industrial,Semi-Urban,Commercial,20.96,3.0,5,2.0,2,2.0,5,7,No,4,,No,370,52.0,366,0
LA00097,Railway,Semi-Urban,Residential,22.15,5.0,7,2.0,1,1.0,5,9,No,4,No,No,403,40.0,411,0
LA00098,Road,Semi-Urban,Mixed,10.93,6.0,9,0.0,1,1.0,4,10,Yes,5,No,No,478,103.0,544,1
LA00099,Road,Rural,Residential,30.16,9.0,17,3.0,3,1.0,4,12,No,3,No,No,548,86.0,669,1
LA00100,Housing,Rural,Residential,,7.0,11,2.0,2,2.0,3,14,No,5,No,Yes,301,75.0,461,1
LA00101,Housing,Semi-Urban,Mixed,80.75,5.0,12,1.0,0,0.0,1,8,No,2,Yes,No,364,32.0,368,0
LA00102,Industrial,Urban,Mixed,24.79,9.0,13,1.0,1,1.0,3,16,No,3,No,No,441,,441,0
LA00103,Road,Urban,Mixed,15.82,8.0,15,0.0,2,0.0,0,9,Yes,4,Yes,No,343,31.0,353,0
LA00104,Housing,Semi-Urban,Mixed,34.11,6.0,8,1.0,1,3.0,4,10,Yes,3,No,No,254,120.0,373,1
LA00105,Airport,Rural,Commercial,127.45,7.0,10,0.0,0,3.0,2,10,No,3,No,No,390,37.0,380,0
LA00106,Airport,Semi-Urban,Residential,35.24,7.0,14,0.0,2,3.0,3,14,No,6,No,No,478,52.0,465,0
LA00107,Railway,Urban,Agricultural,27.45,7.0,11,1.0,1,1.0,2,12,No,4,No,No,414,16.0,449,0
LA00108,Road,Urban,Mixed,33.53,9.0,15,2.0,1,2.0,1,14,Yes,4,No,Yes,263,89.0,476,1
LA00109,Road,Semi-Urban,Mixed,57.54,9.0,14,1.0,1,0.0,1,15,Yes,5,Yes,No,409,86.0,482,1
LA00110,Housing,Rural,Agricultural,54.07,10.0,15,0.0,0,0.0,1,13,Yes,1,No,No,361,71.0,360,0
LA00111,Railway,Urban,Agricultural,39.61,9.0,11,0.0,0,0.0,3,15,Yes,7,No,No,240,99.0,234,0
LA00112,Road,Semi-Urban,Residential,64.8,4.0,7,1.0,4,,1,8,Yes,3,Yes,No,346,124.0,349,0
LA00113,Road,Rural,Agricultural,34.9,4.0,6,1.0,1,1.0,1,6,Yes,2,Yes,No,268,25.0,272,0
LA00114,Industrial,Rural,Mixed,29.19,6.0,7,1.0,2,1.0,0,8,Yes,2,No,Yes,419,76.0,567,1
LA00115,Road,Urban,Residential,34.35,8.0,10,2.0,0,2.0,6,9,No,2,Yes,No,482,62.0,512,0
LA00116,Housing,Rural,Agricultural,21.65,12.0,13,0.0,0,0.0,1,13,Yes,2,No,No,336,34.0,328,0
LA00117,Airport,Semi-Urban,Mixed,58.36,12.0,14,1.0,0,2.0,2,17,No,6,No,No,353,53.0,335,0
LA00118,Airport,Rural,Agricultural,20.83,5.0,10,0.0,2,2.0,0,10,Yes,6,Yes,No,338,78.0,426,1
LA00119,Railway,Urban,Agricultural,5.12,11.0,14,0.0,0,1.0,4,16,No,2,No,No,345,81.0,337,0
LA00120,Industrial,Semi-Urban,Agricultural,9.0,7.0,12,1.0,3,0.0,0,8,No,4,No,No,225,45.0,225,0
LA00121,Industrial,Semi-Urban,Residential,42.45,10.0,14,1.0,1,1.0,7,13,Yes,5,Yes,No,326,72.0,440,1
LA00122,Industrial,Urban,Residential,18.19,9.0,13,0.0,1,3.0,6,12,No,3,No,No,465,39.0,492,0
LA00123,Road,Semi-Urban,Residential,54.93,6.0,10,1.0,0,0.0,3,11,Yes,2,Yes,Yes,483,44.0,578,1
LA00124,Railway,Semi-Urban,Residential,32.29,9.0,14,2.0,1,2.0,5,16,No,5,No,Yes,331,89.0,314,0
LA00125,Road,Semi-Urban,Residential,58.07,9.0,14,1.0,0,,0,13,Yes,3,Yes,No,228,59.0,236,0
LA00126,Railway,Urban,Agricultural,5.66,7.0,14,3.0,0,1.0,4,10,No,5,No,No,567,75.0,570,0
LA00127,Road,Semi-Urban,Residential,20.71,7.0,7,3.0,0,0.0,0,9,No,6,No,No,282,43.0,372,1
LA00128,Road,Urban,Mixed,15.4,13.0,18,2.0,0,1.0,3,16,Yes,3,No,No,414,67.0,431,0
LA00129,Road,Rural,Residential,143.5,5.0,7,1.0,2,1.0,5,10,No,2,No,No,319,25.0,410,1
LA00130,Industrial,Rural,Agricultural,23.51,7.0,10,0.0,2,0.0,1,13,Yes,3,No,No,476,91.0,589,1
LA00131,Road,Urban,Mixed,,5.0,8,2.0,0,0.0,3,8,No,2,No,No,413,57.0,501,1
LA00132,Housing,Urban,Residential,41.9,7.0,12,1.0,0,0.0,2,8,No,3,No,Yes,476,38.0,466,0
LA00133,Industrial,Urban,Agricultural,,2.0,4,1.0,3,1.0,2,8,Yes,3,No,No,458,75.0,579,1
LA00134,Road,Semi-Urban,Mixed,62.13,9.0,11,1.0,1,0.0,4,15,Yes,5,No,No,421,79.0,529,1
LA00135,Industrial,Rural,Agricultural,69.09,4.0,5,3.0,2,2.0,2,7,No,6,No,No,445,102.0,626,1
LA00136,Road,Semi-Urban,Residential,15.52,7.0,14,3.0,0,0.0,4,12,No,2,No,No,340,54.0,357,0
LA00137,Housing,Urban,Commercial,18.62,6.0,10,0.0,1,2.0,2,14,Yes,3,Yes,No,485,49.0,511,0
LA00138,Railway,Urban,Commercial,39.21,16.0,17,2.0,2,2.0,5,19,No,6,No,No,448,67.0,553,1
LA00139,Airport,Urban,Agricultural,63.35,5.0,15,2.0,1,1.0,3,7,No,2,Yes,No,365,52.0,486,1
LA00140,Road,Rural,Residential,42.43,6.0,11,0.0,1,0.0,1,11,Yes,3,No,No,475,55.0,476,0
LA00141,Railway,Semi-Urban,Residential,23.54,10.0,17,2.0,1,1.0,4,12,No,3,No,Yes,385,87.0,463,1
LA00142,Railway,Semi-Urban,Mixed,10.56,5.0,8,1.0,1,0.0,3,9,Yes,3,No,No,548,55.0,612,1
LA00143,Housing,Urban,Agricultural,95.16,5.0,10,1.0,1,0.0,2,7,No,2,No,No,381,43.0,390,0
LA00144,Industrial,Rural,Residential,43.14,18.0,19,2.0,0,2.0,2,22,Yes,5,No,No,369,62.0,347,0
LA00145,Railway,Urban,Agricultural,108.29,17.0,22,2.0,2,0.0,2,25,Yes,4,No,Yes,339,95.0,339,0
LA00146,Road,Rural,Mixed,47.48,9.0,11,1.0,1,1.0,5,10,Yes,4,No,Yes,329,45.0,422,1
LA00147,Road,Rural,Residential,99.28,9.0,14,2.0,0,1.0,2,12,Yes,2,Yes,Yes,331,61.0,405,1
LA00148,Railway,Semi-Urban,Residential,17.26,9.0,11,1.0,2,3.0,2,11,Yes,4,No,No,333,87.0,416,1
LA00149,Railway,Rural,Agricultural,18.33,6.0,9,3.0,1,0.0,1,9,Yes,3,No,No,241,98.0,314,1
LA00150,Road,Urban,Commercial,28.36,10.0,14,0.0,2,0.0,3,15,Yes,7,Yes,No,252,56.0,242,0
LA00151,Housing,Semi-Urban,Agricultural,16.14,9.0,12,3.0,1,2.0,4,14,Yes,4,No,No,345,124.0,405,1
LA00152,Housing,Urban,Mixed,7.57,8.0,12,1.0,0,2.0,2,12,No,3,No,No,352,56.0,446,1
LA00153,Road,Semi-Urban,Residential,19.92,13.0,19,3.0,0,3.0,4,21,No,4,No,No,168,40.0,342,1
LA00154,Industrial,Urban,Agricultural,47.02,5.0,6,1.0,1,3.0,6,11,Yes,2,Yes,No,377,89.0,497,1
LA00155,Road,Urban,Agricultural,11.75,4.0,10,0.0,1,1.0,3,5,Yes,4,No,No,223,69.0,276,1
LA00156,Industrial,Urban,Agricultural,12.95,12.0,14,2.0,2,2.0,2,14,Yes,2,No,Yes,284,68.0,364,1
LA00157,Road,Urban,Agricultural,20.95,12.0,15,1.0,3,0.0,2,19,No,4,No,Yes,369,77.0,515,1
LA00158,Industrial,Semi-Urban,Mixed,14.67,9.0,13,3.0,3,0.0,2,13,No,3,Yes,Yes,298,81.0,438,1
LA00159,Airport,Semi-Urban,Agricultural,21.9,9.0,14,0.0,2,3.0,4,13,No,1,No,No,275,72.0,262,0
LA00160,Airport,Urban,Commercial,29.95,6.0,11,2.0,0,0.0,4,8,Yes,4,No,No,415,58.0,438,0
LA00161,Road,Rural,Residential,12.48,10.0,14,1.0,2,4.0,2,12,No,3,No,No,572,50.0,689,1
LA00162,Housing,Rural,Agricultural,21.33,12.0,14,1.0,1,3.0,6,15,Yes,3,No,No,435,109.0,517,1
LA00163,Road,Urban,Agricultural,31.97,7.0,13,0.0,1,1.0,7,14,No,4,Yes,No,463,77.0,551,1
LA00164,Road,Semi-Urban,Agricultural,16.69,4.0,7,1.0,0,2.0,2,6,No,5,Yes,Yes,372,24.0,386,0
LA00165,Industrial,Semi-Urban,Residential,10.56,10.0,12,3.0,1,2.0,1,15,No,5,No,No,314,58.0,290,0
LA00166,Railway,Rural,Mixed,17.72,7.0,8,1.0,0,3.0,2,11,No,8,No,Yes,172,,187,0
LA00167,Housing,Semi-Urban,Mixed,24.58,13.0,16,0.0,1,0.0,4,15,No,3,Yes,No,351,66.0,433,1
LA00168,Housing,Rural,Mixed,7.18,6.0,10,1.0,1,3.0,5,12,No,3,No,No,471,80.0,616,1
LA00169,Road,Urban,Mixed,47.51,6.0,8,1.0,0,1.0,5,9,No,5,No,No,217,21.0,229,0
LA00170,Housing,Urban,Residential,25.6,11.0,13,2.0,2,2.0,3,15,Yes,7,Yes,No,336,95.0,432,1
LA00171,Road,Rural,Agricultural,17.8,5.0,12,0.0,5,1.0,5,9,No,4,No,No,433,61.0,573,1
LA00172,Railway,Semi-Urban,Agricultural,8.36,11.0,13,3.0,0,2.0,3,16,No,5,,No,363,67.0,362,0
LA00173,Road,Rural,Mixed,43.42,9.0,12,0.0,1,3.0,1,13,Yes,3,No,Yes,397,65.0,461,1
LA00174,Housing,Urban,Residential,69.55,13.0,16,2.0,1,0.0,4,16,Yes,2,Yes,No,514,117.0,522,0
LA00175,Road,Urban,Residential,20.58,6.0,12,1.0,1,1.0,4,11,No,4,Yes,Yes,334,53.0,441,1
LA00176,Road,Urban,Commercial,102.24,10.0,11,0.0,3,1.0,3,13,No,6,Yes,Yes,376,74.0,502,1
LA00177,Railway,Urban,Residential,30.88,10.0,17,2.0,0,4.0,6,13,Yes,3,No,No,499,103.0,648,1
LA00178,Housing,Urban,Commercial,31.71,10.0,15,2.0,1,1.0,0,14,Yes,5,No,No,416,70.0,592,1
LA00179,Housing,Semi-Urban,Residential,56.68,12.0,20,0.0,1,,2,17,Yes,2,No,Yes,291,91.0,375,1
LA00180,Airport,Semi-Urban,Commercial,45.0,5.0,8,2.0,0,3.0,1,6,No,6,,No,382,49.0,388,0
LA00181,Housing,Semi-Urban,Mixed,11.68,7.0,10,0.0,3,2.0,4,9,No,4,Yes,Yes,512,84.0,593,1
LA00182,Housing,Semi-Urban,Commercial,19.97,11.0,14,0.0,1,1.0,4,16,No,3,No,No,410,89.0,421,0
LA00183,Railway,Urban,Residential,63.22,7.0,10,0.0,2,,6,9,Yes,4,No,Yes,285,62.0,397,1
LA00184,Road,Semi-Urban,Residential,45.63,7.0,10,0.0,1,1.0,3,12,No,1,Yes,No,279,47.0,500,1
LA00185,Airport,Urban,Residential,102.85,10.0,14,1.0,1,2.0,4,14,No,6,Yes,No,366,64.0,569,1
LA00186,Industrial,Rural,Residential,40.9,12.0,13,0.0,1,0.0,3,18,Yes,2,Yes,No,334,37.0,320,0
LA00187,Railway,Urban,Agricultural,46.7,6.0,9,1.0,1,1.0,2,10,Yes,4,No,No,500,91.0,584,1
LA00188,Road,Semi-Urban,Agricultural,17.67,7.0,9,0.0,0,1.0,2,12,Yes,4,No,No,430,66.0,529,1
LA00189,Airport,Rural,Residential,68.84,4.0,7,1.0,1,2.0,4,6,No,4,Yes,No,501,70.0,508,0
LA00190,Road,Semi-Urban,Residential,3.51,9.0,16,,1,1.0,2,11,No,5,Yes,No,329,75.0,326,0
LA00191,Housing,Semi-Urban,Mixed,35.78,5.0,12,1.0,2,0.0,4,8,No,2,No,No,357,79.0,366,0
LA00192,Road,Semi-Urban,Residential,47.66,6.0,11,1.0,1,2.0,7,9,No,8,No,No,430,85.0,444,0
LA00193,Road,Urban,Agricultural,39.03,5.0,11,2.0,0,3.0,2,10,No,5,No,No,381,66.0,357,0
LA00194,Housing,Semi-Urban,Agricultural,31.07,6.0,12,1.0,1,1.0,2,9,No,5,No,No,473,58.0,475,0
LA00195,Road,Rural,Residential,28.56,9.0,14,0.0,1,0.0,6,16,No,8,Yes,No,313,60.0,297,0
LA00196,Road,Rural,Mixed,32.01,5.0,10,0.0,0,1.0,3,11,No,2,No,No,519,59.0,528,0
LA00197,Industrial,Semi-Urban,Residential,13.34,7.0,12,2.0,1,2.0,3,12,Yes,1,,No,323,,457,1
LA00198,Housing,Urban,Commercial,38.89,10.0,18,4.0,3,0.0,2,15,No,5,Yes,No,241,65.0,233,0
LA00199,Road,Rural,Commercial,17.84,5.0,10,1.0,2,1.0,5,10,Yes,4,Yes,No,289,65.0,369,1
LA00200,Road,Semi-Urban,Mixed,20.59,13.0,21,4.0,3,0.0,1,14,No,6,Yes,Yes,397,62.0,561,1
LA00201,Airport,Urban,Commercial,12.06,10.0,15,2.0,0,4.0,3,13,No,2,No,No,389,61.0,522,1
LA00202,Housing,Urban,Mixed,150.0,3.0,5,2.0,3,1.0,0,10,No,5,Yes,No,402,54.0,408,0
LA00203,Railway,Urban,Agricultural,36.99,10.0,16,3.0,1,2.0,1,17,No,5,No,Yes,479,99.0,555,1
LA00204,Road,Semi-Urban,Agricultural,9.92,7.0,15,1.0,1,2.0,2,10,No,4,No,No,510,38.0,501,0
LA00205,Road,Urban,Commercial,34.31,6.0,12,1.0,0,1.0,2,8,No,3,Yes,Yes,364,85.0,437,1
LA00206,Road,Urban,Agricultural,68.34,12.0,14,0.0,1,1.0,2,16,No,6,Yes,No,366,78.0,368,0
LA00207,Road,Urban,Agricultural,38.58,9.0,10,2.0,0,2.0,2,12,No,3,No,No,225,74.0,240,0
LA00208,Industrial,Rural,Residential,30.47,2.0,10,0.0,0,2.0,2,6,Yes,1,Yes,No,395,89.0,459,1
LA00209,Road,Urban,Residential,16.66,10.0,11,1.0,0,1.0,1,13,No,3,No,No,401,25.0,486,1
LA00210,Railway,Urban,Agricultural,38.63,8.0,13,1.0,0,1.0,1,9,Yes,3,No,No,143,96.0,263,1
LA00211,Industrial,Semi-Urban,Residential,52.78,8.0,10,0.0,0,0.0,4,15,No,2,Yes,No,401,58.0,494,1
LA00212,Industrial,Urban,Agricultural,53.16,13.0,15,2.0,3,0.0,4,19,No,3,No,Yes,518,59.0,513,0
LA00213,Road,Rural,Residential,36.11,2.0,3,3.0,1,0.0,2,10,No,5,No,No,452,71.0,441,0
LA00214,Housing,Rural,Agricultural,36.03,12.0,17,0.0,1,2.0,1,15,No,3,Yes,No,330,27.0,398,1
LA00215,Airport,Semi-Urban,Commercial,75.81,6.0,9,0.0,1,2.0,3,10,No,3,No,No,573,61.0,590,0
LA00216,Airport,Semi-Urban,Agricultural,70.68,12.0,18,1.0,3,2.0,4,17,Yes,7,Yes,No,329,97.0,348,0
LA00217,Road,Semi-Urban,Commercial,27.37,7.0,14,3.0,0,0.0,2,10,No,4,No,No,348,69.0,373,0
LA00218,Road,Urban,Residential,97.21,10.0,10,1.0,0,0.0,1,15,Yes,5,Yes,No,319,67.0,311,0
LA00219,Housing,Urban,Residential,10.08,19.0,23,1.0,1,1.0,3,22,Yes,4,Yes,No,415,101.0,512,1
LA00220,Railway,Urban,Commercial,37.26,8.0,11,2.0,4,0.0,1,9,No,1,No,No,194,63.0,300,1
LA00221,Road,Urban,Mixed,39.94,12.0,20,2.0,2,4.0,4,17,Yes,2,No,No,337,111.0,488,1
LA00222,Railway,Semi-Urban,Commercial,15.86,3.0,5,1.0,1,1.0,1,9,Yes,3,No,No,170,76.0,266,1
LA00223,Industrial,Urban,Commercial,8.19,13.0,18,1.0,1,1.0,6,19,No,5,,Yes,227,73.0,228,0
LA00224,Housing,Urban,Commercial,16.16,12.0,14,1.0,0,3.0,4,14,No,8,No,No,257,40.0,262,0
LA00225,Road,Semi-Urban,Commercial,59.97,5.0,9,0.0,1,2.0,2,10,Yes,5,No,No,407,139.0,498,1
LA00226,Housing,Semi-Urban,Commercial,61.15,7.0,13,4.0,0,1.0,3,14,No,4,No,Yes,225,48.0,350,1
LA00227,Road,Urban,Commercial,50.85,10.0,11,2.0,1,3.0,3,18,No,7,No,No,428,94.0,420,0
LA00228,Industrial,Urban,Residential,18.09,11.0,13,1.0,0,,1,16,Yes,4,No,No,649,73.0,665,0
LA00229,Industrial,Urban,Residential,61.65,10.0,10,1.0,0,2.0,2,10,No,7,No,No,272,48.0,270,0
LA00230,Road,Urban,Agricultural,19.13,11.0,13,2.0,1,2.0,4,12,No,3,No,No,417,63.0,544,1
LA00231,Road,Rural,Agricultural,38.88,5.0,7,1.0,0,1.0,5,8,Yes,2,Yes,Yes,494,41.0,553,1
LA00232,Railway,Rural,Mixed,31.87,13.0,19,1.0,3,1.0,3,17,No,3,No,No,374,31.0,446,1
LA00233,Housing,Semi-Urban,Agricultural,23.81,7.0,11,2.0,0,2.0,3,14,No,5,No,No,225,63.0,315,1
LA00234,Industrial,Semi-Urban,Residential,49.16,5.0,10,1.0,0,1.0,3,12,No,4,Yes,No,408,65.0,424,0
LA00235,Housing,Rural,Mixed,55.9,8.0,15,2.0,1,0.0,2,13,No,2,No,No,295,16.0,391,1
LA00236,Housing,Semi-Urban,Residential,17.22,6.0,12,1.0,1,1.0,1,11,No,8,No,No,370,82.0,389,0
LA00237,Railway,Urban,Mixed,33.25,10.0,14,0.0,2,1.0,2,13,No,4,Yes,No,329,52.0,324,0
LA00238,Airport,Urban,Residential,53.96,10.0,11,2.0,2,1.0,5,14,No,2,No,Yes,346,60.0,332,0
LA00239,Road,Semi-Urban,Agricultural,1.86,7.0,8,1.0,2,4.0,3,9,Yes,3,No,No,120,91.0,246,1
LA00240,Road,Semi-Urban,Agricultural,42.54,12.0,15,1.0,0,0.0,2,14,No,4,No,No,219,65.0,461,1
LA00241,Housing,Urban,Residential,54.72,6.0,14,1.0,3,1.0,0,11,No,3,No,No,467,48.0,619,1
LA00242,Airport,Urban,Residential,43.87,5.0,10,1.0,2,0.0,4,9,No,6,No,Yes,214,91.0,212,0
LA00243,Road,Urban,Residential,45.33,7.0,12,0.0,0,0.0,3,12,No,6,Yes,Yes,389,79.0,511,1
LA00244,Railway,Urban,Agricultural,30.2,7.0,13,0.0,1,2.0,2,10,Yes,2,No,No,314,78.0,413,1
LA00245,Industrial,Semi-Urban,Agricultural,52.22,8.0,10,3.0,0,1.0,1,14,No,2,No,No,401,75.0,405,0
LA00246,Housing,Semi-Urban,Mixed,11.38,11.0,14,4.0,0,5.0,3,13,No,1,No,No,392,83.0,398,0
LA00247,Industrial,Semi-Urban,Residential,16.24,6.0,10,1.0,0,0.0,3,12,No,6,Yes,Yes,295,57.0,362,1
LA00248,Railway,Urban,Agricultural,44.8,7.0,7,0.0,1,3.0,3,10,No,3,No,No,471,74.0,471,0
LA00249,Railway,Urban,Residential,52.34,7.0,14,0.0,2,0.0,3,10,Yes,4,Yes,Yes,508,78.0,538,1
LA00250,Railway,Rural,Mixed,68.63,7.0,15,1.0,1,4.0,1,10,No,2,No,No,383,71.0,456,1
LA00251,Industrial,Semi-Urban,Mixed,88.08,7.0,16,3.0,1,3.0,5,10,Yes,5,Yes,No,256,81.0,237,0
LA00252,Housing,Urban,Mixed,18.29,9.0,13,1.0,2,2.0,2,11,No,4,Yes,No,559,72.0,630,1
LA00253,Railway,Urban,Mixed,13.14,,9,2.0,0,3.0,5,7,No,4,No,No,266,119.0,259,0
LA00254,Road,Rural,Agricultural,59.06,7.0,10,0.0,0,3.0,5,9,No,7,No,Yes,419,71.0,480,1
LA00255,Road,Rural,Commercial,23.02,14.0,19,1.0,1,0.0,3,21,Yes,3,No,Yes,464,84.0,536,1
LA00256,Airport,Rural,Agricultural,31.1,10.0,14,0.0,1,2.0,2,11,No,3,Yes,Yes,270,74.0,356,1
LA00257,Housing,Semi-Urban,Mixed,55.14,13.0,16,0.0,1,1.0,7,17,Yes,4,No,No,559,71.0,711,1
LA00258,Road,Semi-Urban,Agricultural,37.21,11.0,18,1.0,1,0.0,4,16,No,2,Yes,No,349,57.0,423,1
LA00259,Road,Semi-Urban,Agricultural,51.12,11.0,16,1.0,3,4.0,3,18,Yes,5,No,No,531,86.0,702,1
LA00260,Industrial,Urban,Mixed,16.91,12.0,19,0.0,0,0.0,2,16,No,2,No,Yes,167,,230,1
LA00261,Road,Semi-Urban,Mixed,40.28,7.0,17,2.0,0,1.0,2,10,No,4,No,No,311,90.0,392,1
LA00262,Housing,Semi-Urban,Mixed,39.7,7.0,12,1.0,4,0.0,3,10,No,3,Yes,No,175,41.0,327,1
LA00263,Road,Urban,Residential,67.84,7.0,10,0.0,2,0.0,6,15,No,4,No,No,250,64.0,348,1
LA00264,Road,Rural,Residential,77.85,10.0,14,3.0,0,1.0,2,15,Yes,5,No,No,583,65.0,666,1
LA00265,Housing,Semi-Urban,Agricultural,22.63,7.0,11,1.0,5,2.0,3,11,No,3,Yes,No,373,92.0,359,0
LA00266,Road,Urban,Agricultural,14.5,9.0,11,1.0,3,0.0,6,15,No,3,No,No,452,47.0,542,1
LA00267,Road,Urban,Agricultural,53.16,8.0,14,2.0,1,1.0,4,13,No,6,No,No,152,72.0,141,0
LA00268,Road,Rural,Residential,7.45,7.0,11,1.0,1,1.0,2,12,No,3,Yes,No,270,60.0,282,0
LA00269,Road,Rural,Mixed,55.68,12.0,13,2.0,0,3.0,4,20,Yes,7,No,No,469,123.0,602,1
LA00270,Road,Semi-Urban,Residential,58.58,6.0,9,1.0,0,0.0,2,8,No,6,No,No,510,78.0,501,0
LA00271,Road,Rural,Commercial,21.25,6.0,12,2.0,2,3.0,1,9,No,7,No,No,348,65.0,359,0
LA00272,Road,Rural,Mixed,2.47,6.0,10,3.0,3,5.0,4,8,No,7,Yes,No,372,103.0,519,1
LA00273,Road,Rural,Commercial,62.73,5.0,10,2.0,1,0.0,4,7,Yes,3,No,No,308,,330,0
LA00274,Industrial,Rural,Agricultural,81.4,11.0,16,1.0,1,,1,16,No,5,No,No,393,33.0,366,0
LA00275,Industrial,Semi-Urban,Residential,77.84,7.0,14,3.0,1,0.0,5,8,Yes,4,No,No,335,64.0,432,1
LA00276,Railway,Rural,Residential,79.49,13.0,16,2.0,0,1.0,3,15,Yes,2,No,No,378,87.0,376,0
LA00277,Road,Semi-Urban,Commercial,10.62,8.0,16,0.0,1,4.0,5,10,No,4,Yes,No,451,56.0,458,0
LA00278,Railway,Rural,Agricultural,33.97,8.0,13,3.0,3,0.0,2,12,No,5,Yes,Yes,467,64.0,470,0
LA00279,Housing,Urban,Residential,39.52,7.0,8,4.0,3,0.0,4,11,No,3,No,No,435,98.0,670,1
LA00280,Housing,Rural,Mixed,35.44,6.0,9,4.0,1,2.0,0,10,No,2,No,No,555,44.0,713,1
LA00281,Road,Rural,Commercial,51.48,6.0,9,0.0,3,1.0,3,11,No,3,Yes,No,415,98.0,567,1
LA00282,Road,Urban,Mixed,13.72,8.0,13,2.0,5,0.0,0,12,Yes,3,No,No,556,89.0,570,0
LA00283,Road,Rural,Agricultural,7.24,9.0,14,1.0,2,2.0,4,12,No,3,Yes,No,513,84.0,644,1
LA00284,Road,Semi-Urban,Mixed,5.11,9.0,13,1.0,0,1.0,5,13,No,4,Yes,Yes,345,61.0,422,1
LA00285,Industrial,Urban,Residential,,10.0,11,2.0,1,0.0,3,13,No,5,No,No,469,61.0,424,0
LA00286,Railway,Urban,Residential,10.51,10.0,13,1.0,2,0.0,2,14,No,4,No,No,309,89.0,390,1
LA00287,Road,Rural,Mixed,35.27,9.0,12,3.0,1,2.0,2,11,Yes,8,No,No,313,75.0,432,1
LA00288,Railway,Semi-Urban,Mixed,20.47,4.0,10,0.0,1,2.0,3,11,No,1,No,No,320,78.0,308,0
LA00289,Railway,Urban,Agricultural,21.22,6.0,8,1.0,0,1.0,5,10,No,3,No,No,305,,452,1
LA00290,Road,Semi-Urban,Residential,28.04,4.0,5,2.0,1,3.0,2,6,Yes,1,No,No,340,84.0,404,1
LA00291,Housing,Urban,Agricultural,21.96,9.0,14,1.0,2,3.0,3,15,Yes,5,No,No,461,95.0,620,1
LA00292,Road,Semi-Urban,Mixed,7.26,9.0,12,0.0,1,1.0,5,15,No,5,No,No,314,91.0,428,1
LA00293,Housing,Rural,Mixed,28.05,16.0,19,2.0,0,2.0,2,22,No,2,No,No,218,76.0,242,0
LA00294,Road,Semi-Urban,Agricultural,17.21,11.0,16,1.0,0,0.0,3,15,No,3,No,No,120,70.0,96,0
LA00295,Housing,Rural,Residential,16.51,11.0,15,1.0,0,1.0,3,20,No,2,Yes,No,483,74.0,599,1
LA00296,Housing,Semi-Urban,Commercial,96.59,6.0,8,1.0,1,3.0,2,9,No,6,No,Yes,337,60.0,428,1
LA00297,Housing,Rural,Commercial,9.03,11.0,14,2.0,0,2.0,2,18,No,7,No,No,285,76.0,399,1
LA00298,Housing,Urban,Agricultural,27.06,12.0,16,0.0,3,0.0,4,18,No,6,Yes,Yes,230,75.0,305,1
LA00299,Airport,Urban,Agricultural,37.48,14.0,17,1.0,1,4.0,2,19,No,4,Yes,No,493,78.0,605,1
LA00300,Industrial,Urban,Mixed,96.66,6.0,7,3.0,1,0.0,3,9,No,1,Yes,Yes,189,36.0,295,1
LA00301,Airport,Semi-Urban,Residential,12.48,9.0,14,0.0,1,1.0,2,15,Yes,1,No,Yes,339,66.0,426,1
LA00302,Road,Semi-Urban,Agricultural,75.22,12.0,16,1.0,0,1.0,2,15,No,3,,No,471,70.0,477,0
LA00303,Railway,Rural,Commercial,27.9,7.0,8,1.0,2,2.0,5,11,Yes,5,No,No,252,73.0,352,1
LA00304,Railway,Urban,Agricultural,28.67,8.0,13,2.0,0,0.0,3,13,No,4,No,No,281,92.0,331,1
LA00305,Housing,Urban,Mixed,49.45,8.0,10,1.0,1,2.0,1,9,No,6,No,Yes,306,83.0,303,0
LA00306,Railway,Semi-Urban,Commercial,82.96,3.0,5,1.0,2,2.0,2,3,Yes,4,No,No,441,64.0,467,0
LA00307,Railway,Rural,Agricultural,21.83,7.0,12,1.0,1,1.0,4,8,No,2,No,No,391,57.0,393,0
LA00308,Industrial,Urban,Residential,39.47,8.0,10,,0,1.0,2,12,No,2,Yes,No,474,38.0,476,0
LA00309,Road,Urban,Commercial,35.74,8.0,13,1.0,0,1.0,3,12,Yes,7,Yes,No,420,66.0,397,0
LA00310,Road,Urban,Residential,34.52,10.0,14,0.0,2,2.0,7,12,Yes,2,Yes,No,441,106.0,651,1
LA00311,Railway,Semi-Urban,Residential,55.31,10.0,17,1.0,1,2.0,4,16,No,5,No,No,318,101.0,325,0
LA00312,Railway,Urban,Agricultural,18.22,3.0,7,0.0,0,3.0,4,7,Yes,4,No,No,466,64.0,477,0
LA00313,Road,Urban,Agricultural,24.24,10.0,14,3.0,1,2.0,3,16,No,6,Yes,No,613,92.0,781,1
LA00314,Railway,Semi-Urban,Mixed,7.47,10.0,12,2.0,1,1.0,2,12,No,9,No,No,377,68.0,371,0
LA00315,Railway,Urban,Commercial,46.82,13.0,17,2.0,0,1.0,1,21,No,5,No,No,429,67.0,437,0
LA00316,Road,Semi-Urban,Mixed,33.38,8.0,12,0.0,1,0.0,6,11,Yes,5,Yes,No,356,80.0,515,1
LA00317,Railway,Urban,Agricultural,81.62,7.0,10,2.0,1,0.0,5,10,No,6,Yes,No,454,48.0,445,0
LA00318,Industrial,Rural,Agricultural,12.24,8.0,10,1.0,0,0.0,2,12,Yes,6,No,No,347,74.0,368,0
LA00319,Road,Semi-Urban,Mixed,104.47,9.0,11,1.0,0,0.0,3,14,Yes,3,No,No,152,82.0,146,0
LA00320,Housing,Urban,Agricultural,52.26,6.0,8,1.0,2,3.0,4,8,No,2,Yes,Yes,477,57.0,650,1
LA00321,Housing,Urban,Mixed,50.73,10.0,12,4.0,0,2.0,4,12,Yes,2,No,No,391,72.0,530,1
LA00322,Railway,Semi-Urban,Agricultural,20.08,8.0,15,0.0,1,1.0,5,14,No,5,Yes,No,430,57.0,426,0
LA00323,Road,Rural,Residential,26.15,11.0,20,0.0,2,0.0,0,13,Yes,6,No,No,366,81.0,375,0
LA00324,Railway,Urban,Agricultural,22.92,8.0,11,1.0,1,,1,13,Yes,1,No,Yes,442,92.0,554,1
LA00325,Housing,Urban,Residential,72.22,6.0,9,2.0,1,2.0,5,11,No,2,Yes,No,276,70.0,374,1
LA00326,Industrial,Urban,Residential,6.33,6.0,15,0.0,2,0.0,4,9,Yes,5,Yes,No,477,105.0,461,0
LA00327,Housing,Semi-Urban,Residential,29.1,7.0,12,2.0,2,1.0,2,13,No,4,No,Yes,368,57.0,514,1
LA00328,Railway,Rural,Residential,30.94,11.0,16,0.0,1,2.0,5,15,Yes,3,No,No,207,43.0,334,1
LA00329,Industrial,Semi-Urban,Agricultural,22.29,4.0,5,3.0,1,2.0,4,6,No,3,No,No,249,43.0,255,0
LA00330,Road,Urban,Mixed,15.06,6.0,8,1.0,2,1.0,3,8,No,7,Yes,No,376,50.0,453,1
LA00331,Airport,Rural,Agricultural,3.26,5.0,13,2.0,0,3.0,1,9,No,2,No,No,401,54.0,390,0
LA00332,Road,Rural,Mixed,29.45,8.0,9,3.0,1,0.0,3,11,No,2,No,No,471,93.0,679,1
LA00333,Industrial,Urban,Agricultural,46.74,14.0,17,0.0,2,2.0,2,16,Yes,5,Yes,Yes,398,80.0,550,1
LA00334,Housing,Urban,Residential,33.41,7.0,11,,2,,3,11,No,2,No,No,465,65.0,469,0
LA00335,Road,Semi-Urban,Residential,15.07,13.0,19,0.0,1,4.0,2,18,No,3,No,No,496,84.0,618,1
LA00336,Industrial,Rural,Mixed,31.17,6.0,9,0.0,0,0.0,3,9,No,8,No,No,260,15.0,255,0
LA00337,Road,Semi-Urban,Commercial,82.26,5.0,8,0.0,2,1.0,0,10,Yes,4,No,No,176,77.0,148,0
LA00338,Airport,Semi-Urban,Mixed,18.88,8.0,13,1.0,1,2.0,1,9,No,2,No,No,251,85.0,244,0
LA00339,Road,Rural,Agricultural,36.98,9.0,17,3.0,1,0.0,2,11,No,5,No,No,424,84.0,522,1
LA00340,Housing,Urban,Commercial,40.74,8.0,11,2.0,1,2.0,2,12,Yes,5,No,No,374,69.0,526,1
LA00341,Road,Urban,Mixed,9.69,5.0,6,1.0,1,2.0,3,7,No,5,No,Yes,122,74.0,111,0
LA00342,Housing,Urban,Mixed,25.22,7.0,8,0.0,0,1.0,2,11,No,5,No,No,397,31.0,466,1
LA00343,Housing,Rural,Residential,25.45,8.0,10,1.0,0,,1,13,No,2,,No,418,15.0,410,0
LA00344,Industrial,Semi-Urban,Mixed,,9.0,11,1.0,1,0.0,2,11,No,6,Yes,Yes,312,74.0,315,0
LA00345,Airport,Urban,Agricultural,70.64,12.0,16,3.0,1,2.0,2,16,No,4,Yes,No,427,70.0,410,0
LA00346,Airport,Urban,Mixed,11.84,11.0,14,2.0,0,1.0,3,17,Yes,3,Yes,No,363,48.0,363,0
LA00347,Housing,Rural,Agricultural,73.53,6.0,13,1.0,2,1.0,0,13,No,2,No,Yes,249,72.0,267,0
LA00348,Road,Rural,Agricultural,49.16,6.0,12,2.0,0,1.0,1,8,Yes,4,No,No,128,110.0,234,1
LA00349,Industrial,Semi-Urban,Agricultural,106.33,5.0,13,0.0,3,0.0,2,7,No,1,Yes,Yes,246,15.0,236,0
LA00350,Road,Urban,Mixed,4.55,7.0,9,0.0,3,2.0,5,12,No,5,Yes,No,350,109.0,338,0
LA00351,Industrial,Rural,Residential,2.2,10.0,16,1.0,2,1.0,7,16,Yes,1,No,No,346,59.0,404,1
LA00352,Road,Rural,Agricultural,143.97,7.0,12,0.0,0,0.0,0,11,No,2,No,No,296,66.0,284,0
LA00353,Industrial,Semi-Urban,Agricultural,9.3,5.0,11,2.0,1,0.0,1,10,No,4,No,No,348,29.0,352,0
LA00354,Industrial,Semi-Urban,Commercial,16.0,7.0,11,2.0,1,0.0,2,10,Yes,5,Yes,No,425,76.0,587,1
LA00355,Railway,Rural,Agricultural,,7.0,11,0.0,2,,2,14,No,2,No,Yes,294,58.0,302,0
LA00356,Railway,Rural,Commercial,47.57,8.0,14,1.0,0,2.0,3,13,No,4,No,No,469,65.0,567,1
LA00357,Airport,Semi-Urban,Agricultural,26.9,6.0,7,3.0,2,3.0,4,12,No,3,Yes,Yes,340,104.0,492,1
LA00358,Airport,Semi-Urban,Commercial,18.15,6.0,11,0.0,2,1.0,8,14,Yes,4,Yes,No,422,120.0,530,1
LA00359,Railway,Semi-Urban,Commercial,94.08,7.0,11,2.0,2,0.0,2,8,No,5,Yes,No,442,53.0,416,0
LA00360,Industrial,Rural,Commercial,3.73,13.0,17,1.0,1,3.0,2,16,Yes,3,No,No,443,112.0,543,1
LA00361,Housing,Semi-Urban,Mixed,61.97,4.0,8,1.0,0,0.0,4,10,No,5,No,No,482,,470,0
LA00362,Road,Urban,Agricultural,30.41,9.0,13,2.0,1,2.0,2,17,No,2,No,No,236,106.0,229,0
LA00363,Road,Urban,Residential,17.88,11.0,16,1.0,0,0.0,2,14,No,2,No,No,257,40.0,265,0
LA00364,Road,Rural,Commercial,19.71,,19,1.0,3,1.0,6,16,No,5,No,No,387,59.0,479,1
LA00365,Industrial,Rural,Residential,24.87,9.0,13,1.0,3,2.0,1,13,No,3,No,Yes,309,104.0,435,1
LA00366,Railway,Rural,Residential,16.31,8.0,12,4.0,0,1.0,1,9,No,4,No,No,380,31.0,388,0
LA00367,Airport,Semi-Urban,Mixed,55.56,8.0,11,1.0,2,2.0,2,9,No,6,Yes,No,424,67.0,514,1
LA00368,Industrial,Rural,Agricultural,23.28,6.0,9,1.0,1,3.0,4,10,No,2,Yes,No,417,84.0,432,0
LA00369,Road,Rural,Agricultural,50.28,8.0,12,0.0,3,1.0,5,13,No,1,No,Yes,181,91.0,257,1
LA00370,Housing,Urban,Mixed,19.96,9.0,11,1.0,1,0.0,3,11,No,3,No,Yes,279,50.0,396,1
LA00371,Airport,Urban,Residential,36.52,8.0,12,3.0,1,0.0,2,12,Yes,3,No,No,392,77.0,405,0
LA00372,Road,Rural,Residential,36.51,10.0,16,0.0,2,2.0,2,17,Yes,3,No,No,251,106.0,291,0
LA00373,Railway,Urban,Residential,32.23,7.0,10,,0,1.0,2,16,Yes,6,No,No,477,98.0,634,1
LA00374,Road,Semi-Urban,Residential,75.06,9.0,13,2.0,0,4.0,1,11,No,7,No,Yes,434,50.0,573,1
LA00375,Road,Semi-Urban,Commercial,80.01,5.0,8,0.0,3,0.0,1,9,No,4,No,Yes,455,50.0,442,0
LA00376,Road,Semi-Urban,Mixed,53.6,13.0,16,2.0,0,1.0,5,15,No,3,No,No,420,49.0,377,0
LA00377,Housing,Urban,Agricultural,65.41,6.0,11,3.0,3,1.0,2,9,No,7,Yes,No,312,71.0,461,1
LA00378,Railway,Rural,Residential,51.64,6.0,14,2.0,2,1.0,4,8,No,4,No,No,381,73.0,414,0
LA00379,Railway,Urban,Agricultural,22.0,8.0,13,1.0,3,4.0,1,10,No,7,Yes,No,618,62.0,731,1
LA00380,Airport,Rural,Residential,28.6,1.0,5,1.0,1,0.0,3,3,No,6,No,No,381,82.0,373,0
LA00381,Industrial,Urban,Commercial,4.58,6.0,11,1.0,1,0.0,4,10,No,3,No,No,275,58.0,280,0
LA00382,Housing,Semi-Urban,Commercial,14.16,11.0,16,2.0,3,1.0,5,14,Yes,5,No,No,338,114.0,458,1
LA00383,Airport,Rural,Residential,9.36,10.0,20,1.0,1,1.0,1,17,No,4,No,No,424,60.0,419,0
LA00384,Railway,Urban,Mixed,17.75,8.0,9,1.0,1,2.0,3,15,No,6,No,No,383,37.0,502,1
LA00385,Railway,Urban,Mixed,38.61,10.0,16,0.0,1,2.0,6,12,Yes,6,No,Yes,397,56.0,417,0
LA00386,Housing,Rural,Agricultural,21.37,12.0,13,3.0,2,1.0,3,21,Yes,4,No,No,301,73.0,293,0
LA00387,Airport,Urban,Commercial,57.36,8.0,13,1.0,1,3.0,1,11,No,5,No,No,340,67.0,406,1
LA00388,Housing,Urban,Commercial,14.64,8.0,12,1.0,1,1.0,4,13,No,2,Yes,No,542,72.0,528,0
LA00389,Road,Semi-Urban,Residential,48.68,8.0,12,1.0,1,0.0,0,13,No,1,No,No,385,52.0,367,0
LA00390,Housing,Rural,Residential,13.54,,12,2.0,0,5.0,5,12,Yes,9,No,No,289,100.0,400,1
LA00391,Industrial,Semi-Urban,Commercial,71.6,7.0,12,0.0,0,0.0,2,8,No,4,Yes,No,528,,535,0
LA00392,Road,Semi-Urban,Mixed,14.62,7.0,11,0.0,3,3.0,3,11,No,5,No,No,397,58.0,444,0
LA00393,Industrial,Rural,Agricultural,43.87,4.0,7,2.0,0,1.0,1,11,No,3,Yes,No,233,43.0,329,1
LA00394,Industrial,Semi-Urban,Agricultural,18.17,7.0,9,2.0,0,3.0,2,9,No,3,No,No,459,62.0,575,1
LA00395,Road,Semi-Urban,Commercial,87.92,9.0,13,0.0,0,1.0,1,10,No,3,No,No,366,52.0,371,0
LA00396,Railway,Semi-Urban,Agricultural,85.56,10.0,14,0.0,2,2.0,1,14,No,4,Yes,Yes,377,46.0,506,1
LA00397,Housing,Urban,Residential,42.84,5.0,7,2.0,1,2.0,5,11,No,4,Yes,Yes,320,79.0,327,0
LA00398,Road,Urban,Agricultural,42.25,9.0,16,2.0,1,3.0,3,16,No,3,No,No,360,37.0,535,1
LA00399,Railway,Semi-Urban,Mixed,54.54,7.0,11,2.0,2,1.0,5,11,No,4,No,Yes,120,60.0,241,1
LA00400,Railway,Urban,Mixed,48.12,11.0,13,0.0,0,2.0,3,18,No,4,Yes,No,219,37.0,310,1
LA00401,Road,Semi-Urban,Mixed,59.54,7.0,9,0.0,1,0.0,3,10,No,5,No,No,490,90.0,484,0
LA00402,Housing,Urban,Residential,14.33,10.0,13,1.0,1,1.0,4,11,No,3,No,No,355,73.0,425,1
LA00403,Airport,Semi-Urban,Agricultural,32.23,11.0,13,2.0,0,0.0,3,14,Yes,4,No,No,394,72.0,393,0
LA00404,Road,Urban,Agricultural,19.3,10.0,16,0.0,2,3.0,6,14,Yes,3,No,No,349,103.0,349,0
LA00405,Housing,Semi-Urban,Residential,84.71,8.0,10,4.0,1,2.0,2,13,No,3,No,Yes,361,82.0,475,1
LA00406,Housing,Rural,Residential,,7.0,14,3.0,0,3.0,3,14,No,5,No,Yes,232,26.0,349,1
LA00407,Road,Semi-Urban,Mixed,94.5,10.0,13,4.0,1,1.0,6,15,Yes,3,Yes,No,483,87.0,567,1
LA00408,Housing,Urban,Commercial,32.66,12.0,14,1.0,0,0.0,4,14,No,4,No,No,574,64.0,575,0
LA00409,Road,Urban,Commercial,60.16,6.0,11,1.0,0,0.0,6,9,No,4,No,Yes,275,82.0,335,1
LA00410,Housing,Rural,Residential,21.22,9.0,10,1.0,0,2.0,1,16,Yes,3,No,No,310,46.0,322,0
LA00411,Industrial,Urban,Agricultural,10.02,7.0,10,1.0,2,1.0,4,9,No,4,No,Yes,274,63.0,264,0
LA00412,Industrial,Rural,Residential,82.53,6.0,9,0.0,0,1.0,5,11,No,3,Yes,No,178,65.0,272,1
LA00413,Road,Urban,Residential,45.55,12.0,15,0.0,1,2.0,3,13,No,6,No,Yes,573,57.0,593,0
LA00414,Housing,Urban,Agricultural,11.78,4.0,6,0.0,1,0.0,5,10,No,4,No,No,342,55.0,370,0
LA00415,Road,Rural,Agricultural,29.55,8.0,13,0.0,3,1.0,3,15,Yes,2,Yes,No,379,87.0,406,0
LA00416,Road,Semi-Urban,Mixed,27.9,4.0,9,2.0,1,2.0,4,7,No,1,No,No,261,88.0,423,1
LA00417,Road,Urban,Agricultural,44.45,10.0,12,1.0,1,0.0,3,14,No,2,No,No,352,48.0,409,1
LA00418,Airport,Rural,Residential,14.27,8.0,11,1.0,0,1.0,1,11,No,3,No,Yes,451,68.0,447,0
LA00419,Road,Urban,Residential,11.54,10.0,11,2.0,3,2.0,3,15,Yes,8,No,No,382,67.0,376,0
LA00420,Housing,Semi-Urban,Commercial,35.48,4.0,7,1.0,2,1.0,5,7,No,6,Yes,Yes,333,26.0,437,1
LA00421,Industrial,Semi-Urban,Residential,15.01,7.0,10,3.0,2,2.0,4,10,Yes,6,No,No,448,67.0,471,0
LA00422,Road,Semi-Urban,Residential,84.22,7.0,9,0.0,2,1.0,2,11,No,6,No,No,329,62.0,330,0
LA00423,Road,Rural,Agricultural,56.33,9.0,13,1.0,0,1.0,4,12,No,5,No,No,353,97.0,360,0
LA00424,Road,Urban,Residential,55.22,8.0,12,2.0,4,1.0,4,13,No,2,No,No,278,85.0,455,1
LA00425,Industrial,Rural,Commercial,4.46,8.0,13,0.0,3,3.0,2,14,Yes,5,No,No,346,124.0,471,1
LA00426,Housing,Semi-Urban,Agricultural,21.91,6.0,9,2.0,2,0.0,2,9,Yes,4,No,No,194,61.0,190,0
LA00427,Road,Rural,Residential,25.61,7.0,14,0.0,2,0.0,2,11,No,4,No,No,506,34.0,485,0
LA00428,Housing,Rural,Mixed,13.01,5.0,10,0.0,6,2.0,4,7,No,6,No,No,262,83.0,384,1
LA00429,Road,Rural,Agricultural,48.24,7.0,10,1.0,1,1.0,6,12,No,6,No,No,383,69.0,401,0
LA00430,Housing,Semi-Urban,Commercial,43.86,10.0,11,0.0,0,1.0,3,15,No,4,Yes,No,238,71.0,266,1
LA00431,Housing,Semi-Urban,Residential,53.71,7.0,9,2.0,2,3.0,1,10,Yes,9,,Yes,246,94.0,321,1
LA00432,Airport,Semi-Urban,Commercial,64.55,9.0,14,1.0,1,3.0,4,10,Yes,7,No,No,387,91.0,359,0
LA00433,Industrial,Semi-Urban,Residential,62.38,5.0,10,0.0,0,2.0,1,10,No,6,No,No,331,96.0,368,1
LA00434,Housing,Semi-Urban,Agricultural,150.0,6.0,10,0.0,1,1.0,3,12,No,5,Yes,No,195,20.0,227,0
LA00435,Road,Rural,Residential,31.46,9.0,13,0.0,0,4.0,3,12,No,4,No,Yes,396,77.0,430,0
LA00436,Road,Urban,Mixed,27.58,7.0,10,1.0,1,1.0,0,12,No,3,Yes,Yes,487,44.0,515,0
LA00437,Road,Rural,Residential,47.81,4.0,5,0.0,1,3.0,2,12,Yes,3,Yes,No,250,,340,1
LA00438,Railway,Urban,Mixed,72.27,6.0,11,0.0,1,0.0,0,10,No,6,Yes,No,289,57.0,429,1
LA00439,Airport,Rural,Mixed,7.32,13.0,15,2.0,0,0.0,5,16,No,3,No,No,437,54.0,441,0
LA00440,Industrial,Urban,Agricultural,16.85,8.0,12,0.0,4,2.0,4,12,No,5,Yes,No,380,88.0,398,0
LA00441,Housing,Urban,Agricultural,20.24,9.0,11,0.0,1,2.0,2,12,No,4,No,Yes,287,68.0,353,1
LA00442,Road,Rural,Agricultural,33.85,8.0,11,2.0,0,1.0,5,16,Yes,4,No,No,425,81.0,560,1
LA00443,Airport,Rural,Mixed,22.01,6.0,9,0.0,1,4.0,4,13,Yes,3,No,No,337,49.0,321,0
LA00444,Road,Rural,Commercial,65.22,12.0,15,1.0,2,2.0,4,15,Yes,4,No,No,420,101.0,401,0
LA00445,Road,Rural,Agricultural,37.37,6.0,11,0.0,1,0.0,1,9,No,4,No,No,548,15.0,564,0
LA00446,Airport,Urban,Residential,29.29,12.0,17,1.0,0,3.0,2,15,No,5,No,No,509,73.0,669,1
LA00447,Housing,Rural,Mixed,44.14,6.0,8,1.0,0,0.0,6,12,No,4,No,No,305,68.0,305,0
LA00448,Industrial,Semi-Urban,Residential,5.27,5.0,9,4.0,3,2.0,6,10,Yes,4,No,No,329,95.0,327,0
LA00449,Road,Semi-Urban,Residential,42.65,11.0,14,2.0,3,0.0,2,22,No,4,Yes,No,335,90.0,622,1
LA00450,Industrial,Semi-Urban,Residential,15.39,3.0,13,0.0,0,0.0,3,5,Yes,4,Yes,Yes,434,73.0,497,1
LA00451,Road,Urban,Agricultural,57.59,4.0,7,2.0,0,2.0,7,8,Yes,4,No,No,376,82.0,367,0
LA00452,Housing,Semi-Urban,Mixed,6.28,5.0,6,2.0,0,1.0,1,9,No,5,Yes,Yes,405,81.0,564,1
LA00453,Airport,Rural,Mixed,46.2,8.0,14,1.0,0,1.0,5,11,No,3,No,No,279,30.0,278,0
LA00454,Road,Urban,Residential,15.75,7.0,11,1.0,0,0.0,2,11,No,3,No,Yes,362,,414,1
LA00455,Road,Rural,Agricultural,73.24,6.0,9,0.0,1,0.0,3,11,No,4,No,No,229,28.0,246,0
LA00456,Road,Semi-Urban,Mixed,7.95,5.0,12,2.0,0,1.0,1,6,No,4,Yes,Yes,383,47.0,399,0
LA00457,Housing,Urban,Agricultural,32.95,9.0,13,0.0,0,3.0,3,14,No,2,No,Yes,285,54.0,362,1
LA00458,Railway,Semi-Urban,Residential,52.02,4.0,8,2.0,1,2.0,1,13,Yes,2,No,No,252,96.0,248,0
LA00459,Airport,Urban,Agricultural,40.93,13.0,15,5.0,1,1.0,3,14,No,4,Yes,No,371,77.0,479,1
LA00460,Industrial,Urban,Commercial,40.75,5.0,6,2.0,0,1.0,5,8,No,7,Yes,No,376,62.0,435,1
LA00461,Industrial,Semi-Urban,Mixed,10.77,10.0,12,3.0,4,1.0,3,13,No,2,No,No,313,87.0,306,0
LA00462,Road,Urban,Commercial,10.12,6.0,9,1.0,0,0.0,2,11,Yes,4,No,Yes,356,65.0,336,0
LA00463,Housing,Urban,Residential,39.64,9.0,13,3.0,0,2.0,2,11,Yes,4,No,No,290,52.0,407,1
LA00464,Road,Rural,Commercial,35.42,13.0,19,0.0,0,1.0,2,21,No,4,No,No,293,15.0,289,0
LA00465,Industrial,Urban,Residential,13.57,9.0,10,1.0,3,1.0,2,16,No,6,No,No,289,70.0,371,1
LA00466,Industrial,Rural,Mixed,12.89,10.0,14,2.0,1,2.0,2,16,No,2,Yes,No,401,45.0,409,0
LA00467,Industrial,Rural,Agricultural,29.64,9.0,12,,2,1.0,3,12,No,4,Yes,Yes,377,76.0,455,1
LA00468,Housing,Urban,Residential,23.83,9.0,13,1.0,0,2.0,5,14,No,3,No,No,140,91.0,214,1
LA00469,Road,Semi-Urban,Agricultural,103.94,7.0,10,1.0,5,1.0,2,9,No,7,Yes,No,501,89.0,663,1
LA00470,Railway,Urban,Residential,76.12,5.0,7,0.0,1,4.0,3,9,Yes,4,No,No,148,80.0,157,0
LA00471,Railway,Semi-Urban,Residential,56.17,10.0,10,0.0,3,1.0,1,16,No,7,No,No,264,87.0,367,1
LA00472,Railway,Urban,Agricultural,82.33,8.0,11,1.0,3,0.0,3,13,No,4,No,No,465,35.0,466,0
LA00473,Road,Rural,Mixed,19.06,9.0,12,0.0,0,2.0,6,11,No,5,No,Yes,323,65.0,394,1
LA00474,Road,Urban,Mixed,21.44,5.0,7,0.0,1,1.0,1,9,No,5,No,Yes,430,30.0,448,0
LA00475,Road,Semi-Urban,Agricultural,68.96,10.0,17,0.0,0,0.0,2,16,Yes,6,No,No,416,82.0,423,0
LA00476,Road,Urban,Residential,32.88,2.0,7,1.0,2,3.0,0,12,No,4,No,No,290,67.0,439,1
LA00477,Railway,Urban,Agricultural,34.36,9.0,12,0.0,1,2.0,3,13,No,4,No,No,450,46.0,566,1
LA00478,Industrial,Semi-Urban,Agricultural,12.13,12.0,16,0.0,0,0.0,1,16,No,4,Yes,No,406,29.0,446,1
LA00479,Industrial,Semi-Urban,Residential,66.87,10.0,13,3.0,0,1.0,3,13,No,4,Yes,Yes,375,57.0,367,0
LA00480,Railway,Rural,Mixed,47.74,9.0,15,1.0,2,1.0,3,15,Yes,2,Yes,No,354,96.0,351,0
LA00481,Railway,Urban,Mixed,26.0,8.0,11,1.0,0,3.0,4,12,No,3,Yes,No,596,84.0,695,1
LA00482,Road,Urban,Residential,21.57,10.0,13,0.0,3,2.0,4,17,No,5,No,No,331,89.0,437,1
LA00483,Industrial,Semi-Urban,Mixed,74.08,9.0,9,1.0,5,1.0,3,13,No,4,No,No,456,80.0,448,0
LA00484,Road,Semi-Urban,Commercial,19.25,7.0,8,0.0,1,1.0,2,12,Yes,5,No,No,467,63.0,505,0
LA00485,Road,Rural,Residential,8.89,5.0,6,0.0,0,2.0,2,9,No,4,No,No,481,52.0,492,0
LA00486,Railway,Rural,Commercial,76.84,8.0,10,4.0,0,0.0,4,9,Yes,3,No,No,500,102.0,621,1
LA00487,Railway,Rural,Residential,77.86,12.0,13,2.0,2,3.0,4,18,No,3,No,No,370,101.0,358,0
LA00488,Road,Urban,Residential,19.19,7.0,8,0.0,0,2.0,1,13,No,2,No,No,368,88.0,463,1
LA00489,Industrial,Semi-Urban,Mixed,117.01,8.0,9,0.0,1,1.0,3,12,No,5,No,No,474,62.0,538,1
LA00490,Industrial,Rural,Commercial,30.18,11.0,15,2.0,0,0.0,6,15,No,6,Yes,No,314,65.0,380,1
LA00491,Airport,Urban,Residential,19.37,6.0,9,2.0,0,0.0,1,9,No,1,No,No,291,40.0,298,0
LA00492,Industrial,Semi-Urban,Agricultural,46.67,3.0,8,1.0,1,2.0,2,7,Yes,2,No,No,435,94.0,426,0
LA00493,Industrial,Urban,Mixed,10.52,7.0,9,0.0,0,1.0,0,12,No,3,No,No,268,43.0,387,1
LA00494,Road,Urban,Agricultural,14.92,10.0,15,0.0,0,1.0,0,14,No,4,No,No,336,15.0,336,0
LA00495,Airport,Rural,Mixed,39.82,13.0,13,1.0,1,0.0,6,15,Yes,3,No,No,359,57.0,336,0
LA00496,Railway,Urban,Mixed,34.93,8.0,10,0.0,1,1.0,3,13,No,3,Yes,Yes,353,50.0,466,1
LA00497,Railway,Rural,Agricultural,59.99,11.0,15,1.0,2,0.0,2,14,No,3,No,No,371,61.0,375,0
LA00498,Industrial,Urban,Commercial,12.0,6.0,11,0.0,3,2.0,2,9,No,7,No,No,443,113.0,473,0
LA00499,Railway,Urban,Commercial,104.4,4.0,5,1.0,1,1.0,2,8,No,2,No,No,514,46.0,518,0
LA00500,Railway,Urban,Mixed,23.47,5.0,8,1.0,0,3.0,3,8,No,1,Yes,No,290,67.0,236,0
LA00501,Airport,Urban,Agricultural,34.02,3.0,5,0.0,0,1.0,3,7,No,6,No,No,392,60.0,551,1
LA00502,Housing,Semi-Urban,Residential,22.64,6.0,7,0.0,3,0.0,6,11,Yes,2,No,Yes,360,121.0,475,1
LA00503,Housing,Urban,Residential,10.44,11.0,15,0.0,0,0.0,4,15,Yes,2,No,No,387,54.0,486,1
LA00504,Railway,Semi-Urban,Commercial,31.39,10.0,14,2.0,1,4.0,4,14,No,3,No,Yes,343,48.0,467,1
LA00505,Railway,Rural,Mixed,51.54,3.0,4,3.0,2,0.0,4,10,Yes,3,No,No,282,116.0,412,1
LA00506,Airport,Semi-Urban,Mixed,27.99,9.0,11,1.0,1,2.0,4,13,No,3,Yes,No,411,65.0,473,1
LA00507,Road,Urban,Agricultural,16.37,7.0,10,1.0,1,1.0,2,11,Yes,3,No,No,295,71.0,313,0
LA00508,Housing,Semi-Urban,Residential,61.33,12.0,13,2.0,0,0.0,2,15,Yes,6,No,No,412,63.0,478,1
LA00509,Railway,Rural,Residential,62.89,8.0,14,0.0,2,2.0,4,10,Yes,2,Yes,No,452,47.0,531,1
LA00510,Road,Semi-Urban,Mixed,26.9,12.0,14,0.0,0,1.0,9,15,No,2,No,No,229,83.0,276,1
LA00511,Road,Urban,Agricultural,41.58,13.0,17,2.0,1,0.0,4,20,No,4,Yes,No,435,77.0,534,1
LA00512,Housing,Semi-Urban,Mixed,61.03,,15,0.0,1,1.0,1,12,No,2,Yes,No,285,44.0,412,1
LA00513,Road,Semi-Urban,Residential,51.14,10.0,12,2.0,1,0.0,3,16,No,4,No,No,131,59.0,125,0
LA00514,Road,Urban,Agricultural,40.76,9.0,14,0.0,1,1.0,3,11,Yes,2,Yes,No,399,60.0,471,1
LA00515,Road,Urban,Mixed,49.72,11.0,14,0.0,1,1.0,5,14,Yes,7,Yes,No,359,91.0,461,1
LA00516,Road,Rural,Residential,43.59,6.0,10,1.0,1,1.0,3,10,Yes,6,No,Yes,400,85.0,485,1
LA00517,Road,Urban,Residential,32.72,8.0,11,1.0,0,2.0,3,10,No,2,No,No,330,60.0,336,0
LA00518,Airport,Urban,Commercial,11.79,9.0,10,0.0,2,1.0,3,11,Yes,2,Yes,No,201,75.0,390,1
LA00519,Road,Urban,Agricultural,14.4,9.0,13,1.0,1,1.0,5,11,No,2,No,No,445,50.0,533,1
LA00520,Housing,Semi-Urban,Mixed,44.9,6.0,13,1.0,2,2.0,2,11,Yes,4,No,No,320,46.0,325,0
LA00521,Housing,Semi-Urban,Mixed,22.46,12.0,17,2.0,0,0.0,3,15,Yes,3,,No,480,88.0,540,1
LA00522,Railway,Urban,Commercial,43.79,7.0,8,2.0,2,,1,12,No,5,No,No,296,97.0,383,1
LA00523,Road,Semi-Urban,Residential,11.51,9.0,12,2.0,0,1.0,4,11,Yes,3,No,No,476,66.0,461,0
LA00524,Industrial,Semi-Urban,Agricultural,17.65,8.0,10,0.0,4,0.0,2,13,Yes,3,No,No,252,94.0,263,0
LA00525,Road,Urban,Mixed,27.99,4.0,12,1.0,2,2.0,5,6,No,6,No,No,308,91.0,520,1
LA00526,Railway,Rural,Agricultural,3.52,13.0,19,0.0,1,1.0,3,18,Yes,2,No,No,337,78.0,342,0
LA00527,Housing,Urban,Mixed,15.8,6.0,12,1.0,2,0.0,2,9,No,5,No,No,354,77.0,337,0
LA00528,Housing,Urban,Commercial,19.57,11.0,19,3.0,0,3.0,4,13,No,8,No,No,324,68.0,470,1
LA00529,Airport,Rural,Residential,36.76,5.0,11,1.0,2,2.0,1,6,No,5,No,No,503,49.0,493,0
LA00530,Road,Rural,Agricultural,26.73,11.0,13,2.0,1,1.0,3,17,No,5,No,Yes,386,61.0,376,0
LA00531,Industrial,Urban,Commercial,38.16,14.0,22,1.0,0,3.0,5,14,No,5,No,No,413,69.0,541,1
LA00532,Airport,Rural,Residential,33.57,11.0,13,1.0,1,2.0,4,18,Yes,3,Yes,Yes,427,57.0,477,1
LA00533,Railway,Semi-Urban,Agricultural,25.91,12.0,15,0.0,0,1.0,2,20,No,4,No,No,462,43.0,460,0
LA00534,Industrial,Urban,Commercial,19.67,6.0,10,0.0,1,,5,7,No,5,No,No,501,56.0,633,1
LA00535,Road,Rural,Residential,34.39,8.0,9,1.0,0,0.0,5,11,Yes,5,No,No,405,48.0,478,1
LA00536,Road,Rural,Agricultural,72.35,6.0,7,1.0,0,2.0,5,10,Yes,4,No,No,198,88.0,285,1
LA00537,Railway,Urban,Commercial,19.58,6.0,9,1.0,0,3.0,8,13,No,7,No,No,418,76.0,424,0
LA00538,Road,Semi-Urban,Mixed,101.69,10.0,14,2.0,3,2.0,4,13,No,5,No,No,212,59.0,232,0
LA00539,Road,Semi-Urban,Agricultural,34.85,10.0,13,2.0,0,3.0,3,14,No,3,No,Yes,414,71.0,504,1
LA00540,Housing,Urban,Mixed,57.98,11.0,16,0.0,1,1.0,6,19,No,3,Yes,Yes,255,34.0,394,1
LA00541,Housing,Rural,Mixed,41.9,4.0,10,0.0,0,1.0,3,5,Yes,3,No,No,385,67.0,386,0
LA00542,Industrial,Semi-Urban,Agricultural,46.22,17.0,20,2.0,1,0.0,0,23,No,3,No,No,332,70.0,335,0
LA00543,Housing,Semi-Urban,Residential,15.7,6.0,14,1.0,0,0.0,2,12,No,4,No,No,464,34.0,488,0
LA00544,Housing,Semi-Urban,Mixed,22.31,5.0,5,1.0,1,,1,7,No,5,Yes,Yes,412,53.0,397,0
LA00545,Road,Semi-Urban,Residential,7.15,3.0,7,1.0,2,2.0,2,7,No,6,No,No,159,78.0,259,1
LA00546,Railway,Urban,Mixed,27.52,5.0,9,1.0,2,0.0,1,6,No,3,No,No,381,85.0,476,1
LA00547,Railway,Rural,Agricultural,49.2,12.0,19,0.0,2,0.0,0,19,No,5,No,No,497,51.0,600,1
LA00548,Road,Semi-Urban,Agricultural,27.67,10.0,13,2.0,1,0.0,4,15,No,4,Yes,No,378,59.0,482,1
LA00549,Airport,Semi-Urban,Agricultural,60.11,6.0,10,0.0,0,0.0,5,10,No,4,Yes,No,448,42.0,507,1
LA00550,Railway,Semi-Urban,Agricultural,24.02,8.0,14,,0,2.0,3,15,No,1,No,No,364,35.0,346,0
LA00551,Railway,Urban,Mixed,18.61,10.0,13,1.0,1,1.0,4,14,No,4,No,No,315,52.0,311,0
LA00552,Road,Urban,Residential,21.58,10.0,14,1.0,1,3.0,2,13,No,4,No,No,457,37.0,475,0
LA00553,Road,Semi-Urban,Mixed,52.44,7.0,8,2.0,2,1.0,0,10,No,6,Yes,No,316,79.0,327,0
LA00554,Housing,Urban,Residential,87.8,7.0,13,2.0,4,2.0,4,10,Yes,3,No,Yes,365,75.0,529,1
LA00555,Road,Semi-Urban,Mixed,,7.0,11,0.0,2,2.0,2,10,No,2,No,No,154,55.0,284,1
LA00556,Road,Rural,Mixed,48.8,6.0,11,1.0,1,2.0,2,13,Yes,4,Yes,No,364,68.0,366,0
LA00557,Road,Urban,Agricultural,58.28,10.0,14,0.0,2,1.0,3,14,No,2,Yes,No,370,45.0,554,1
LA00558,Railway,Urban,Residential,8.86,11.0,15,1.0,1,1.0,2,13,No,4,No,No,373,77.0,352,0
LA00559,Industrial,Semi-Urban,Mixed,11.29,8.0,8,1.0,0,2.0,2,11,No,7,No,Yes,353,69.0,492,1
LA00560,Railway,Urban,Mixed,16.27,10.0,14,5.0,1,0.0,4,11,No,3,No,No,321,63.0,331,0
LA00561,Road,Rural,Agricultural,75.21,6.0,8,2.0,1,1.0,4,9,No,7,Yes,No,266,63.0,342,1
LA00562,Road,Semi-Urban,Agricultural,74.52,9.0,10,3.0,1,2.0,3,12,No,4,,No,405,73.0,543,1
LA00563,Housing,Urban,Mixed,123.94,10.0,13,2.0,1,2.0,0,14,No,5,No,No,371,43.0,491,1
LA00564,Industrial,Urban,Residential,15.96,4.0,8,2.0,0,0.0,2,8,No,7,No,No,376,75.0,377,0
LA00565,Industrial,Rural,Commercial,29.99,8.0,9,1.0,3,2.0,1,12,No,5,No,Yes,443,98.0,462,0
LA00566,Industrial,Urban,Agricultural,7.1,6.0,10,3.0,4,1.0,2,11,Yes,5,No,No,453,133.0,450,0
LA00567,Airport,Semi-Urban,Residential,9.74,10.0,16,0.0,1,2.0,2,15,No,6,No,Yes,222,70.0,339,1
LA00568,Road,Urban,Mixed,25.83,8.0,11,2.0,3,1.0,3,12,Yes,1,No,Yes,400,57.0,397,0
LA00569,Railway,Urban,Agricultural,16.55,5.0,6,2.0,0,1.0,1,7,No,2,No,No,464,15.0,570,1
LA00570,Railway,Rural,Mixed,16.72,15.0,20,0.0,0,3.0,1,21,No,3,No,Yes,400,64.0,500,1
LA00571,Road,Urban,Agricultural,20.29,4.0,12,2.0,1,1.0,2,8,No,2,No,Yes,404,70.0,501,1
LA00572,Housing,Urban,Agricultural,80.8,7.0,11,0.0,1,0.0,5,8,No,3,No,No,304,54.0,371,1
LA00573,Railway,Semi-Urban,Agricultural,65.69,8.0,14,1.0,2,3.0,5,11,No,6,Yes,No,434,47.0,433,0
LA00574,Airport,Rural,Agricultural,14.26,11.0,14,3.0,0,2.0,1,15,No,2,No,No,174,67.0,171,0
LA00575,Housing,Urban,Mixed,64.5,9.0,13,2.0,1,1.0,5,12,No,4,No,No,377,88.0,420,1
LA00576,Railway,Urban,Commercial,17.67,7.0,12,0.0,1,2.0,1,12,No,2,No,No,230,42.0,222,0
LA00577,Housing,Rural,Mixed,8.75,4.0,8,0.0,2,2.0,1,11,No,3,No,No,398,71.0,399,0
LA00578,Industrial,Semi-Urban,Agricultural,19.73,7.0,11,2.0,2,0.0,4,11,No,4,Yes,No,273,38.0,296,0
LA00579,Housing,Rural,Residential,39.28,5.0,7,2.0,1,1.0,0,7,No,5,No,No,501,69.0,520,0
LA00580,Road,Rural,Residential,15.65,9.0,14,2.0,1,3.0,5,13,No,3,Yes,Yes,342,80.0,465,1
LA00581,Railway,Semi-Urban,Mixed,48.2,6.0,9,1.0,0,1.0,3,11,Yes,4,,No,310,94.0,391,1
LA00582,Railway,Semi-Urban,Agricultural,20.84,4.0,12,2.0,1,2.0,4,9,Yes,3,Yes,No,323,97.0,320,0
LA00583,Road,Urban,Agricultural,41.27,10.0,14,1.0,2,0.0,4,14,Yes,4,No,Yes,515,93.0,586,1
LA00584,Railway,Rural,Agricultural,14.11,11.0,15,1.0,0,4.0,6,14,No,3,No,No,391,74.0,508,1
LA00585,Housing,Rural,Agricultural,32.16,8.0,15,3.0,0,2.0,2,15,Yes,1,No,Yes,308,74.0,484,1
LA00586,Industrial,Rural,Commercial,16.05,6.0,9,,0,0.0,7,12,No,2,,Yes,437,83.0,522,1
LA00587,Road,Semi-Urban,Commercial,26.4,,11,2.0,0,0.0,1,13,No,3,Yes,No,410,52.0,393,0
LA00588,Road,Urban,Mixed,102.67,12.0,18,0.0,0,0.0,3,14,No,6,No,No,370,39.0,361,0
LA00589,Road,Semi-Urban,Residential,23.03,8.0,12,4.0,0,0.0,2,15,No,3,No,No,368,65.0,321,0
LA00590,Road,Semi-Urban,Agricultural,11.07,11.0,14,0.0,0,4.0,3,13,No,3,Yes,No,383,68.0,467,1
LA00591,Housing,Semi-Urban,Residential,33.64,10.0,13,1.0,1,3.0,8,11,No,1,Yes,Yes,375,55.0,478,1
LA00592,Railway,Rural,Mixed,34.05,5.0,11,0.0,1,1.0,4,5,No,2,No,No,381,54.0,389,0
LA00593,Road,Semi-Urban,Commercial,33.89,3.0,4,1.0,3,3.0,3,7,No,5,No,No,461,56.0,453,0
LA00594,Industrial,Urban,Agricultural,46.32,8.0,10,1.0,1,3.0,2,12,No,2,No,No,260,98.0,252,0
LA00595,Road,Semi-Urban,Mixed,22.2,7.0,17,0.0,2,0.0,3,11,No,3,No,No,314,15.0,335,0
LA00596,Road,Semi-Urban,Agricultural,49.44,10.0,13,1.0,2,2.0,5,15,Yes,4,No,No,477,64.0,497,0
LA00597,Airport,Rural,Residential,31.22,14.0,16,2.0,1,2.0,3,19,Yes,5,No,No,439,106.0,437,0
LA00598,Industrial,Semi-Urban,Agricultural,10.51,3.0,8,0.0,4,2.0,0,9,No,4,No,No,339,72.0,508,1
LA00599,Housing,Semi-Urban,Residential,54.18,10.0,17,2.0,1,4.0,1,13,Yes,4,No,No,463,74.0,560,1
LA00600,Industrial,Semi-Urban,Mixed,35.95,10.0,14,1.0,0,2.0,4,17,Yes,3,No,Yes,287,106.0,438,1
LA00601,Railway,Semi-Urban,Commercial,47.71,15.0,17,1.0,1,2.0,7,19,Yes,5,No,No,193,,279,1
LA00602,Airport,Urban,Mixed,11.64,4.0,11,1.0,0,1.0,2,9,No,2,No,No,241,56.0,263,0
LA00603,Housing,Rural,Mixed,56.33,6.0,9,0.0,3,2.0,4,8,No,5,Yes,Yes,344,122.0,386,1
LA00604,Airport,Rural,Mixed,120.02,4.0,9,0.0,2,1.0,5,7,No,4,No,Yes,314,74.0,438,1
LA00605,Housing,Semi-Urban,Agricultural,10.88,3.0,7,2.0,1,1.0,2,6,Yes,1,No,No,440,64.0,434,0
LA00606,Airport,Semi-Urban,Residential,61.62,11.0,13,0.0,3,,2,19,No,4,Yes,No,488,60.0,632,1
LA00607,Housing,Urban,Agricultural,36.06,8.0,9,1.0,1,3.0,1,12,No,2,No,No,412,86.0,547,1
LA00608,Road,Semi-Urban,Mixed,31.46,12.0,13,1.0,1,4.0,1,15,No,2,No,No,368,103.0,373,0
LA00609,Airport,Semi-Urban,Mixed,56.76,9.0,12,2.0,4,0.0,2,14,No,5,No,No,277,47.0,303,0
LA00610,Railway,Rural,Mixed,52.71,10.0,13,1.0,0,0.0,2,17,No,2,No,Yes,386,77.0,381,0
LA00611,Industrial,Urban,Residential,71.84,11.0,17,1.0,3,1.0,3,14,No,9,No,Yes,477,107.0,683,1
LA00612,Industrial,Rural,Residential,12.05,10.0,12,0.0,0,1.0,5,16,No,5,No,No,396,49.0,394,0
LA00613,Housing,Urban,Mixed,73.65,3.0,3,0.0,1,3.0,1,6,No,4,Yes,No,378,82.0,380,0
LA00614,Housing,Semi-Urban,Residential,40.99,10.0,11,0.0,1,1.0,4,11,No,4,No,No,337,64.0,338,0
LA00615,Road,Semi-Urban,Agricultural,7.31,6.0,9,1.0,1,4.0,2,10,No,3,No,Yes,157,90.0,314,1
LA00616,Airport,Urban,Agricultural,23.2,9.0,13,0.0,1,3.0,4,12,Yes,5,Yes,Yes,479,119.0,557,1
LA00617,Airport,Semi-Urban,Agricultural,36.65,9.0,12,2.0,2,,6,9,No,2,No,No,321,50.0,423,1
LA00618,Road,Rural,Commercial,22.81,8.0,15,0.0,0,3.0,2,14,No,5,No,Yes,408,74.0,478,1
LA00619,Road,Semi-Urban,Mixed,28.69,3.0,8,2.0,1,1.0,2,7,No,3,No,No,160,39.0,341,1
LA00620,Road,Urban,Mixed,20.4,4.0,8,2.0,0,1.0,6,5,No,6,No,Yes,371,54.0,358,0
LA00621,Airport,Semi-Urban,Agricultural,150.0,9.0,11,1.0,0,2.0,2,12,Yes,4,No,No,358,61.0,358,0
LA00622,Railway,Urban,Agricultural,49.98,,11,1.0,0,1.0,3,15,No,4,Yes,No,363,15.0,567,1
LA00623,Housing,Semi-Urban,Mixed,33.51,6.0,9,3.0,1,1.0,2,13,No,7,Yes,No,472,,477,0
LA00624,Railway,Semi-Urban,Agricultural,13.84,9.0,13,1.0,0,0.0,4,14,Yes,7,No,No,382,94.0,650,1
LA00625,Housing,Urban,Agricultural,71.96,8.0,13,3.0,2,2.0,4,13,No,3,Yes,No,526,84.0,547,0
LA00626,Railway,Semi-Urban,Commercial,45.66,14.0,18,0.0,1,0.0,10,16,No,4,No,Yes,318,67.0,310,0
LA00627,Airport,Rural,Residential,15.08,9.0,12,0.0,2,2.0,7,14,No,2,Yes,No,232,88.0,393,1
LA00628,Road,Rural,Residential,15.17,4.0,5,1.0,1,1.0,5,6,No,3,No,No,358,,530,1
LA00629,Industrial,Urban,Mixed,29.21,5.0,10,0.0,1,1.0,4,10,Yes,3,No,Yes,469,92.0,539,1
LA00630,Housing,Urban,Commercial,33.76,11.0,17,1.0,1,0.0,5,13,No,2,No,No,205,24.0,242,1
LA00631,Housing,Semi-Urban,Residential,49.19,13.0,15,2.0,1,0.0,0,14,No,3,No,Yes,338,74.0,455,1
LA00632,Housing,Urban,Residential,30.64,5.0,9,3.0,1,2.0,1,12,Yes,2,No,No,279,88.0,269,0
LA00633,Road,Semi-Urban,Mixed,52.04,5.0,11,2.0,3,1.0,1,7,No,6,No,No,493,86.0,500,0
LA00634,Railway,Urban,Commercial,22.83,8.0,13,1.0,1,1.0,3,13,No,10,No,No,545,58.0,553,0
LA00635,Road,Urban,Commercial,30.7,7.0,11,4.0,1,0.0,1,9,No,2,No,Yes,339,27.0,339,0
LA00636,Road,Semi-Urban,Residential,73.7,6.0,10,1.0,0,3.0,3,9,No,4,Yes,No,128,79.0,135,0
LA00637,Industrial,Urban,Mixed,53.62,6.0,8,1.0,0,3.0,1,9,No,2,No,No,353,69.0,423,1
LA00638,Airport,Rural,Mixed,32.05,10.0,13,2.0,2,1.0,5,13,No,3,No,No,389,70.0,474,1
LA00639,Airport,Urban,Agricultural,39.98,12.0,13,2.0,0,1.0,3,15,No,4,Yes,Yes,206,74.0,291,1
LA00640,Housing,Semi-Urban,Agricultural,30.8,9.0,12,0.0,1,3.0,2,14,No,4,No,No,436,31.0,426,0
LA00641,Airport,Semi-Urban,Commercial,9.83,7.0,8,1.0,3,1.0,4,11,No,3,No,No,527,88.0,652,1
LA00642,Housing,Rural,Mixed,90.28,8.0,11,1.0,1,1.0,5,10,Yes,5,No,No,494,73.0,570,1
LA00643,Road,Rural,Mixed,15.92,7.0,11,0.0,1,2.0,2,10,No,3,No,Yes,412,87.0,432,0
LA00644,Road,Semi-Urban,Mixed,24.18,8.0,10,2.0,1,2.0,1,13,Yes,4,No,Yes,469,80.0,451,0
LA00645,Industrial,Semi-Urban,Commercial,143.08,13.0,15,0.0,1,2.0,3,16,Yes,6,Yes,Yes,353,69.0,420,1
LA00646,Housing,Urban,Agricultural,13.38,7.0,9,1.0,2,1.0,2,10,No,7,Yes,No,284,78.0,282,0
LA00647,Road,Semi-Urban,Agricultural,29.52,12.0,13,1.0,0,2.0,4,17,No,3,No,No,435,92.0,412,0
LA00648,Railway,Urban,Mixed,76.87,8.0,12,1.0,2,1.0,3,12,No,3,Yes,No,462,62.0,566,1
LA00649,Industrial,Semi-Urban,Residential,102.99,12.0,18,0.0,2,3.0,5,15,No,2,No,Yes,266,92.0,374,1
LA00650,Road,Urban,Residential,45.22,14.0,17,1.0,3,,3,19,Yes,6,No,No,323,96.0,422,1
LA00651,Railway,Rural,Commercial,72.4,7.0,13,1.0,2,2.0,1,8,Yes,5,No,No,419,104.0,510,1
LA00652,Housing,Semi-Urban,Agricultural,27.34,11.0,14,0.0,1,2.0,2,13,No,5,Yes,No,564,82.0,585,0
LA00653,Industrial,Semi-Urban,Mixed,2.07,9.0,15,0.0,1,0.0,4,11,No,3,No,No,301,57.0,415,1
LA00654,Road,Semi-Urban,Residential,68.22,9.0,13,2.0,2,2.0,4,10,No,3,No,No,434,92.0,417,0
LA00655,Housing,Urban,Agricultural,31.52,8.0,10,,3,2.0,3,15,No,1,No,No,229,84.0,208,0
LA00656,Road,Urban,Residential,25.01,8.0,12,2.0,2,0.0,5,11,No,4,Yes,No,430,88.0,491,1
LA00657,Housing,Rural,Commercial,23.35,7.0,8,1.0,1,2.0,5,12,Yes,2,No,No,332,79.0,339,0
LA00658,Road,Rural,Mixed,51.35,9.0,13,1.0,2,2.0,2,11,No,4,Yes,Yes,252,51.0,378,1
LA00659,Industrial,Urban,Agricultural,50.94,4.0,9,0.0,2,1.0,3,5,No,3,No,No,285,44.0,261,0
LA00660,Railway,Rural,Agricultural,32.19,11.0,17,3.0,2,0.0,3,16,No,4,No,Yes,518,75.0,609,1
LA00661,Road,Semi-Urban,Residential,43.73,7.0,12,2.0,0,1.0,1,10,No,2,No,No,369,85.0,362,0
LA00662,Housing,Urban,Commercial,13.15,8.0,11,0.0,3,1.0,2,13,No,2,Yes,No,202,60.0,344,1
LA00663,Road,Semi-Urban,Mixed,27.65,10.0,11,1.0,1,0.0,3,13,Yes,2,No,No,313,70.0,342,0
LA00664,Road,Urban,Mixed,13.68,8.0,11,1.0,0,1.0,3,12,Yes,6,No,No,577,85.0,690,1
LA00665,Road,Urban,Residential,13.28,6.0,9,1.0,3,,4,7,No,6,No,No,191,64.0,210,0
LA00666,Airport,Semi-Urban,Commercial,40.88,8.0,12,1.0,0,3.0,2,9,Yes,3,Yes,Yes,393,104.0,534,1
LA00667,Housing,Urban,Residential,33.45,9.0,15,1.0,3,2.0,3,14,No,2,No,No,660,100.0,681,0
LA00668,Housing,Rural,Residential,22.86,5.0,8,2.0,3,1.0,7,9,No,3,Yes,No,241,106.0,397,1
LA00669,Road,Semi-Urban,Residential,26.63,9.0,14,1.0,1,1.0,4,12,No,5,No,No,368,65.0,547,1
LA00670,Railway,Rural,Residential,43.29,9.0,15,0.0,1,1.0,3,11,Yes,1,Yes,No,329,64.0,309,0
LA00671,Road,Semi-Urban,Residential,52.06,5.0,9,0.0,0,1.0,2,8,No,3,Yes,Yes,488,34.0,490,0
LA00672,Industrial,Rural,Mixed,46.51,8.0,13,4.0,0,0.0,7,14,Yes,1,No,No,376,76.0,497,1
LA00673,Housing,Semi-Urban,Residential,6.98,7.0,14,1.0,0,1.0,4,10,Yes,5,No,No,440,50.0,534,1
LA00674,Airport,Semi-Urban,Mixed,3.27,6.0,9,2.0,1,0.0,1,9,No,1,No,No,313,30.0,297,0
LA00675,Industrial,Semi-Urban,Mixed,17.19,5.0,11,1.0,1,1.0,1,13,No,2,Yes,No,276,59.0,278,0
LA00676,Railway,Rural,Agricultural,3.33,10.0,12,1.0,0,3.0,3,15,No,3,No,Yes,420,64.0,549,1
LA00677,Housing,Urban,Agricultural,83.54,6.0,10,0.0,0,1.0,1,12,No,5,No,Yes,331,89.0,433,1
LA00678,Railway,Semi-Urban,Mixed,25.97,5.0,10,2.0,0,2.0,4,9,No,4,No,No,337,20.0,358,0
LA00679,Road,Rural,Residential,10.44,7.0,9,2.0,1,1.0,0,9,Yes,4,No,Yes,210,99.0,262,1
LA00680,Railway,Semi-Urban,Agricultural,25.74,7.0,9,3.0,2,0.0,3,10,Yes,4,No,Yes,198,100.0,315,1
LA00681,Road,Rural,Agricultural,5.42,12.0,15,1.0,1,1.0,5,18,Yes,3,No,No,285,73.0,383,1
LA00682,Road,Semi-Urban,Mixed,10.66,7.0,11,0.0,0,1.0,3,8,Yes,4,No,Yes,361,81.0,440,1
LA00683,Road,Urban,Mixed,24.3,14.0,18,1.0,2,1.0,3,22,No,2,No,No,480,98.0,594,1
LA00684,Railway,Semi-Urban,Mixed,21.29,14.0,16,3.0,3,0.0,5,17,No,7,No,No,390,57.0,389,0
LA00685,Industrial,Semi-Urban,Commercial,24.15,5.0,8,2.0,1,0.0,1,6,No,5,Yes,No,428,37.0,412,0
LA00686,Road,Urban,Agricultural,44.25,10.0,14,1.0,0,,7,11,No,6,No,No,316,84.0,329,0
LA00687,Railway,Urban,Mixed,60.88,6.0,11,2.0,1,1.0,4,7,Yes,2,No,No,128,90.0,206,1
LA00688,Housing,Urban,Mixed,35.0,11.0,14,0.0,0,1.0,2,15,No,4,Yes,Yes,488,69.0,484,0
LA00689,Airport,Rural,Agricultural,63.04,7.0,13,2.0,3,0.0,3,10,No,2,No,Yes,582,60.0,720,1
LA00690,Railway,Rural,Mixed,21.68,8.0,10,2.0,1,0.0,1,10,No,4,Yes,No,326,67.0,315,0
LA00691,Road,Semi-Urban,Mixed,68.76,9.0,12,1.0,0,1.0,3,12,No,4,No,Yes,419,47.0,499,1
LA00692,Housing,Urban,Agricultural,35.4,9.0,14,0.0,1,0.0,3,12,No,3,No,Yes,281,35.0,263,0
LA00693,Road,Semi-Urban,Residential,57.42,4.0,7,1.0,3,1.0,3,9,Yes,1,No,No,413,77.0,542,1
LA00694,Road,Rural,Residential,22.03,10.0,15,0.0,1,4.0,4,13,No,1,No,No,173,50.0,265,1
LA00695,Housing,Rural,Mixed,34.26,8.0,11,0.0,1,3.0,4,10,No,3,No,Yes,431,25.0,473,1
LA00696,Railway,Urban,Residential,111.83,12.0,13,2.0,3,1.0,4,18,Yes,2,No,No,658,77.0,667,0
LA00697,Airport,Urban,Agricultural,34.08,12.0,17,4.0,0,1.0,7,15,No,3,Yes,No,317,48.0,339,0
LA00698,Industrial,Rural,Commercial,60.53,7.0,10,0.0,3,2.0,2,13,No,2,Yes,Yes,423,59.0,418,0
LA00699,Industrial,Rural,Mixed,65.55,10.0,13,0.0,0,1.0,2,14,Yes,4,Yes,No,505,37.0,565,1
LA00700,Road,Urban,Mixed,48.98,8.0,13,1.0,2,1.0,0,10,Yes,3,Yes,No,338,55.0,444,1
LA00701,Road,Rural,Mixed,54.96,7.0,10,4.0,2,2.0,6,11,No,3,No,Yes,301,88.0,448,1
LA00702,Road,Urban,Agricultural,22.08,8.0,13,0.0,1,1.0,3,9,Yes,4,No,No,287,74.0,381,1
LA00703,Road,Urban,Residential,16.73,6.0,8,1.0,4,0.0,4,9,No,4,No,No,292,108.0,388,1
LA00704,Housing,Rural,Commercial,13.85,8.0,12,1.0,1,2.0,2,13,No,4,No,Yes,191,52.0,191,0
LA00705,Road,Semi-Urban,Residential,42.83,7.0,13,2.0,0,3.0,1,10,No,4,No,No,221,97.0,322,1
LA00706,Industrial,Semi-Urban,Agricultural,33.37,14.0,16,3.0,2,2.0,3,18,No,4,No,No,358,85.0,533,1
LA00707,Airport,Rural,Mixed,40.79,4.0,9,0.0,2,1.0,4,7,Yes,6,No,No,431,52.0,493,1
LA00708,Airport,Rural,Agricultural,11.9,11.0,15,1.0,0,2.0,3,17,Yes,4,No,Yes,592,89.0,669,1
LA00709,Railway,Urban,Commercial,18.94,9.0,10,0.0,1,0.0,1,17,No,5,No,No,509,50.0,480,0
LA00710,Railway,Semi-Urban,Commercial,59.42,4.0,10,1.0,1,1.0,1,7,No,4,No,Yes,235,91.0,303,1
LA00711,Housing,Rural,Mixed,37.17,5.0,9,1.0,0,1.0,5,9,No,6,No,No,298,94.0,295,0
LA00712,Industrial,Semi-Urban,Agricultural,35.59,5.0,9,3.0,1,3.0,0,8,Yes,2,Yes,No,263,75.0,396,1
LA00713,Housing,Rural,Agricultural,27.5,11.0,12,1.0,1,0.0,6,15,Yes,6,No,No,393,76.0,389,0
LA00714,Housing,Semi-Urban,Residential,17.58,7.0,16,1.0,2,3.0,3,9,No,5,No,No,339,40.0,335,0
LA00715,Airport,Urban,Commercial,70.26,8.0,16,2.0,0,0.0,1,13,No,3,No,No,513,24.0,503,0
LA00716,Road,Urban,Residential,77.97,10.0,16,1.0,3,1.0,1,12,No,4,No,No,256,83.0,376,1
LA00717,Industrial,Rural,Agricultural,34.38,13.0,17,1.0,0,0.0,6,17,No,4,No,No,554,42.0,656,1
LA00718,Road,Rural,Mixed,29.63,8.0,15,0.0,3,3.0,3,11,No,9,No,No,430,83.0,468,0
LA00719,Industrial,Urban,Residential,81.67,6.0,10,1.0,1,2.0,4,11,Yes,5,No,Yes,453,81.0,562,1
LA00720,Housing,Urban,Agricultural,19.39,7.0,9,2.0,0,4.0,1,12,No,10,No,No,357,63.0,485,1
LA00721,Railway,Rural,Residential,23.18,4.0,10,2.0,1,2.0,5,7,Yes,4,No,No,318,66.0,326,0
LA00722,Railway,Urban,Residential,57.58,7.0,17,1.0,0,0.0,2,12,Yes,9,Yes,Yes,374,58.0,365,0
LA00723,Road,Urban,Residential,22.88,7.0,11,0.0,0,1.0,0,14,Yes,1,No,No,242,63.0,276,1
LA00724,Housing,Rural,Residential,32.99,3.0,8,1.0,1,3.0,3,5,No,3,No,No,427,67.0,404,0
LA00725,Road,Rural,Mixed,4.27,6.0,9,0.0,1,2.0,2,11,No,4,No,Yes,235,59.0,220,0
LA00726,Road,Rural,Mixed,79.17,5.0,10,3.0,0,1.0,5,10,No,4,No,No,364,,335,0
LA00727,Road,Semi-Urban,Commercial,54.38,3.0,5,1.0,0,3.0,3,8,No,7,No,No,311,58.0,307,0
LA00728,Road,Urban,Commercial,67.1,8.0,17,1.0,1,,6,10,Yes,5,No,Yes,349,88.0,451,1
LA00729,Railway,Rural,Mixed,15.5,7.0,12,5.0,1,0.0,5,11,No,6,No,No,348,65.0,524,1
LA00730,Railway,Urban,Mixed,90.36,3.0,8,2.0,3,1.0,4,5,No,5,,Yes,335,75.0,423,1
LA00731,Road,Urban,Agricultural,30.82,13.0,15,0.0,1,3.0,2,18,No,6,No,No,363,62.0,464,1
LA00732,Road,Rural,Residential,70.93,12.0,13,2.0,1,3.0,1,18,No,5,No,No,252,45.0,250,0
LA00733,Road,Semi-Urban,Commercial,42.02,7.0,9,,2,0.0,0,11,No,3,No,No,279,68.0,368,1
LA00734,Railway,Rural,Mixed,56.06,4.0,13,1.0,0,5.0,2,8,No,3,Yes,No,281,100.0,358,1
LA00735,Road,Urban,Residential,44.28,15.0,19,3.0,0,1.0,3,20,No,6,,No,290,107.0,272,0
LA00736,Industrial,Rural,Agricultural,22.75,4.0,8,2.0,1,0.0,1,7,Yes,6,No,No,467,75.0,533,1
LA00737,Road,Semi-Urban,Agricultural,8.02,13.0,16,2.0,1,2.0,4,15,No,3,No,No,322,,404,1
LA00738,Road,Semi-Urban,Agricultural,74.52,7.0,10,2.0,0,2.0,4,9,No,3,Yes,No,319,102.0,437,1
LA00739,Railway,Rural,Commercial,2.34,8.0,13,,0,2.0,3,12,Yes,2,No,No,294,77.0,353,1
LA00740,Railway,Semi-Urban,Agricultural,60.24,9.0,13,1.0,1,1.0,5,12,No,4,No,No,474,61.0,618,1
LA00741,Road,Rural,Mixed,74.46,10.0,14,3.0,1,1.0,0,17,No,4,No,Yes,288,83.0,394,1
LA00742,Road,Semi-Urban,Mixed,10.06,8.0,15,2.0,1,1.0,2,9,No,6,No,No,290,66.0,383,1
LA00743,Housing,Rural,Residential,23.74,12.0,14,0.0,2,1.0,1,13,No,7,No,Yes,403,99.0,395,0
LA00744,Road,Rural,Mixed,9.02,5.0,12,2.0,0,2.0,6,11,Yes,4,No,No,574,77.0,672,1
LA00745,Railway,Semi-Urban,Mixed,20.17,8.0,11,2.0,0,4.0,3,13,No,6,No,No,258,75.0,270,0
LA00746,Railway,Urban,Agricultural,66.38,11.0,17,1.0,1,0.0,5,18,No,5,Yes,No,455,60.0,522,1
LA00747,Road,Urban,Agricultural,55.64,16.0,25,,3,3.0,3,19,No,4,No,Yes,353,70.0,350,0
LA00748,Railway,Rural,Mixed,50.72,7.0,12,,3,1.0,1,10,No,4,Yes,No,385,59.0,477,1
LA00749,Airport,Rural,Agricultural,23.87,7.0,10,2.0,1,1.0,1,12,No,5,No,No,325,87.0,306,0
LA00750,Housing,Rural,Residential,2.7,10.0,13,0.0,0,0.0,3,11,No,4,No,No,333,74.0,312,0
LA00751,Road,Urban,Agricultural,11.44,7.0,9,2.0,0,1.0,1,9,Yes,3,No,No,384,42.0,490,1
LA00752,Road,Semi-Urban,Residential,27.5,7.0,11,3.0,1,0.0,2,12,No,4,No,Yes,404,60.0,511,1
LA00753,Road,Rural,Commercial,13.77,,13,2.0,0,0.0,4,15,No,6,No,No,178,87.0,341,1
LA00754,Railway,Rural,Residential,60.67,12.0,18,1.0,1,4.0,1,14,No,3,No,No,382,55.0,489,1
LA00755,Industrial,Urban,Commercial,92.2,8.0,13,2.0,2,1.0,2,10,Yes,6,No,No,330,55.0,409,1
LA00756,Road,Semi-Urban,Agricultural,41.8,7.0,12,1.0,1,0.0,3,8,Yes,2,Yes,No,318,70.0,387,1
LA00757,Road,Urban,Mixed,9.95,5.0,10,1.0,0,2.0,1,7,Yes,2,No,Yes,334,69.0,508,1
LA00758,Housing,Semi-Urban,Agricultural,76.31,12.0,16,1.0,0,0.0,3,17,No,5,No,No,309,56.0,287,0
LA00759,Road,Urban,Mixed,35.61,9.0,10,2.0,0,2.0,4,16,No,2,Yes,No,371,87.0,526,1
LA00760,Railway,Urban,Mixed,32.22,8.0,11,2.0,0,2.0,3,11,Yes,3,No,No,366,92.0,457,1
LA00761,Airport,Urban,Residential,47.87,14.0,22,2.0,0,1.0,2,16,No,7,Yes,Yes,412,67.0,570,1
LA00762,Road,Rural,Commercial,11.88,8.0,14,2.0,1,4.0,5,12,Yes,2,No,No,404,81.0,549,1
LA00763,Road,Rural,Residential,24.18,8.0,12,2.0,0,2.0,5,10,No,8,No,Yes,363,78.0,404,0
LA00764,Road,Rural,Mixed,30.62,12.0,17,1.0,2,0.0,2,15,No,4,Yes,No,369,75.0,389,0
LA00765,Housing,Semi-Urban,Commercial,39.31,12.0,17,3.0,2,1.0,2,14,Yes,3,No,No,330,80.0,487,1
LA00766,Road,Semi-Urban,Residential,42.16,12.0,18,2.0,1,1.0,6,15,Yes,1,No,No,290,113.0,385,1
LA00767,Road,Semi-Urban,Residential,47.81,7.0,11,3.0,0,0.0,1,16,No,4,No,No,358,38.0,360,0
LA00768,Road,Semi-Urban,Agricultural,20.61,11.0,14,2.0,1,4.0,2,16,No,5,No,No,282,47.0,261,0
LA00769,Road,Semi-Urban,Mixed,6.53,7.0,13,1.0,0,1.0,8,10,Yes,2,No,No,398,65.0,400,0
LA00770,Industrial,Rural,Mixed,27.29,9.0,15,2.0,3,5.0,1,12,No,4,No,Yes,332,82.0,343,0
LA00771,Road,Rural,Residential,,6.0,9,0.0,2,4.0,4,10,Yes,6,No,No,570,80.0,764,1
LA00772,Industrial,Rural,Agricultural,6.23,10.0,11,2.0,1,1.0,1,16,Yes,6,Yes,No,412,112.0,502,1
LA00773,Industrial,Urban,Agricultural,19.72,8.0,17,3.0,0,0.0,2,11,No,4,No,Yes,361,83.0,370,0
LA00774,Housing,Semi-Urban,Agricultural,36.81,8.0,12,0.0,1,2.0,3,15,No,3,No,No,433,93.0,433,0
LA00775,Road,Urban,Residential,22.25,3.0,5,1.0,0,0.0,2,9,No,5,No,No,305,76.0,350,1
LA00776,Housing,Urban,Agricultural,35.75,1.0,3,1.0,1,0.0,2,4,No,9,No,Yes,521,,648,1
LA00777,Industrial,Rural,Mixed,21.5,7.0,12,2.0,2,2.0,3,12,Yes,7,No,Yes,434,61.0,667,1
LA00778,Road,Semi-Urban,Agricultural,50.24,7.0,12,,1,1.0,2,10,No,6,Yes,No,367,37.0,446,1
LA00779,Airport,Rural,Commercial,14.72,7.0,13,1.0,1,0.0,3,15,Yes,1,No,Yes,455,103.0,569,1
LA00780,Housing,Urban,Agricultural,32.52,6.0,10,0.0,0,1.0,2,14,No,3,No,No,498,46.0,478,0
LA00781,Road,Rural,Agricultural,33.68,9.0,12,0.0,1,1.0,2,12,No,5,No,Yes,503,70.0,519,0
LA00782,Housing,Rural,Commercial,59.11,5.0,13,2.0,2,1.0,3,11,Yes,7,No,No,466,,541,1
LA00783,Railway,Semi-Urban,Residential,25.17,9.0,15,0.0,4,4.0,5,12,No,1,Yes,Yes,207,129.0,224,0
LA00784,Industrial,Rural,Residential,91.37,5.0,7,0.0,2,1.0,4,8,Yes,6,No,No,318,85.0,404,1
LA00785,Housing,Urban,Mixed,89.13,8.0,12,0.0,2,1.0,2,9,No,6,No,No,390,54.0,397,0
LA00786,Railway,Rural,Mixed,15.56,10.0,15,1.0,1,3.0,6,17,Yes,5,No,Yes,276,113.0,381,1
LA00787,Housing,Rural,Commercial,31.83,5.0,7,0.0,0,2.0,2,9,No,3,No,No,191,45.0,194,0
LA00788,Road,Rural,Residential,10.91,4.0,9,0.0,0,2.0,2,9,No,4,No,No,171,58.0,186,0
LA00789,Airport,Rural,Residential,45.28,10.0,14,0.0,0,1.0,2,17,No,2,No,No,448,53.0,488,0
LA00790,Industrial,Semi-Urban,Residential,22.01,7.0,13,1.0,1,0.0,3,10,No,5,No,No,135,52.0,126,0
LA00791,Road,Rural,Mixed,35.26,8.0,18,0.0,1,0.0,2,13,No,5,No,No,327,68.0,359,0
LA00792,Railway,Semi-Urban,Mixed,26.75,9.0,14,1.0,1,0.0,4,13,Yes,5,No,No,198,107.0,203,0
LA00793,Road,Urban,Agricultural,150.0,7.0,11,2.0,0,1.0,2,9,Yes,3,No,Yes,389,71.0,526,1
LA00794,Road,Urban,Mixed,29.13,6.0,6,0.0,2,1.0,4,7,No,3,No,No,374,69.0,360,0
LA00795,Road,Rural,Residential,27.24,6.0,9,1.0,2,2.0,2,10,Yes,5,No,No,485,67.0,475,0
LA00796,Road,Semi-Urban,Agricultural,61.71,8.0,12,0.0,0,0.0,2,15,Yes,4,Yes,No,394,56.0,432,1
LA00797,Road,Semi-Urban,Residential,67.66,5.0,9,2.0,5,0.0,1,11,No,4,No,Yes,428,60.0,448,0
LA00798,Road,Rural,Agricultural,38.99,5.0,10,0.0,1,0.0,6,9,Yes,7,Yes,No,389,42.0,385,0
LA00799,Airport,Semi-Urban,Mixed,68.91,3.0,7,1.0,1,0.0,0,6,No,6,Yes,No,162,32.0,170,0
LA00800,Airport,Semi-Urban,Mixed,140.09,13.0,18,1.0,1,2.0,4,19,No,2,No,No,242,81.0,350,1
LA00801,Airport,Semi-Urban,Residential,25.69,8.0,12,1.0,2,0.0,1,12,Yes,7,No,No,545,60.0,709,1
LA00802,Road,Semi-Urban,Residential,12.11,11.0,15,2.0,3,0.0,1,13,Yes,1,No,Yes,351,91.0,505,1
LA00803,Housing,Rural,Agricultural,42.89,3.0,10,0.0,1,1.0,3,6,No,5,No,No,292,55.0,313,0
LA00804,Industrial,Semi-Urban,Residential,64.69,14.0,16,3.0,1,1.0,5,19,No,5,No,No,397,81.0,406,0
LA00805,Road,Semi-Urban,Agricultural,86.6,7.0,12,1.0,1,0.0,2,10,Yes,5,No,Yes,568,72.0,563,0
LA00806,Road,Rural,Agricultural,48.35,5.0,8,3.0,0,1.0,4,9,Yes,6,No,No,464,95.0,555,1
LA00807,Industrial,Rural,Residential,33.11,8.0,13,2.0,0,5.0,2,11,No,5,No,No,492,91.0,661,1
LA00808,Road,Rural,Residential,17.54,11.0,14,2.0,0,1.0,4,15,No,9,No,No,452,56.0,455,0
LA00809,Railway,Urban,Residential,74.72,5.0,13,0.0,0,2.0,6,6,Yes,5,No,No,414,,393,0
LA00810,Housing,Rural,Mixed,40.44,6.0,12,2.0,1,1.0,2,9,No,6,No,No,365,77.0,491,1
LA00811,Road,Semi-Urban,Agricultural,6.7,12.0,20,1.0,0,1.0,4,16,Yes,8,No,No,506,63.0,496,0
LA00812,Road,Urban,Agricultural,111.66,7.0,11,3.0,0,3.0,6,12,No,6,,No,313,92.0,346,0
LA00813,Housing,Semi-Urban,Agricultural,12.78,8.0,11,1.0,1,2.0,1,13,No,5,No,No,186,50.0,269,1
LA00814,Industrial,Rural,Commercial,65.5,6.0,9,0.0,0,,6,12,No,3,No,No,350,56.0,366,0
LA00815,Road,Semi-Urban,Residential,38.12,6.0,10,1.0,1,3.0,3,11,No,6,Yes,No,367,73.0,364,0
LA00816,Housing,Rural,Residential,7.24,7.0,11,1.0,1,1.0,9,9,No,6,No,No,348,89.0,557,1
LA00817,Housing,Urban,Commercial,30.35,10.0,15,0.0,0,2.0,3,13,No,3,No,No,298,59.0,378,1
LA00818,Railway,Urban,Commercial,25.74,11.0,15,1.0,1,3.0,3,12,Yes,2,No,No,246,79.0,252,0
LA00819,Industrial,Semi-Urban,Residential,9.02,6.0,11,0.0,1,0.0,1,10,No,4,No,No,301,64.0,319,0
LA00820,Road,Semi-Urban,Agricultural,45.2,6.0,11,1.0,1,0.0,4,14,No,4,No,No,326,52.0,337,0
LA00821,Road,Semi-Urban,Mixed,59.47,9.0,12,,1,2.0,4,14,No,6,No,No,434,77.0,500,1
LA00822,Industrial,Rural,Residential,31.93,10.0,13,1.0,2,2.0,2,14,No,8,No,No,310,78.0,418,1
LA00823,Road,Rural,Residential,25.22,7.0,10,0.0,0,2.0,1,12,No,4,No,Yes,417,79.0,403,0
LA00824,Industrial,Urban,Agricultural,47.61,11.0,15,1.0,1,2.0,4,13,No,2,No,No,259,,373,1
LA00825,Housing,Semi-Urban,Residential,1.61,9.0,13,1.0,1,1.0,5,10,Yes,3,Yes,No,326,80.0,425,1
LA00826,Road,Urban,Commercial,23.07,5.0,7,4.0,0,1.0,7,12,Yes,1,Yes,No,473,80.0,566,1
LA00827,Industrial,Semi-Urban,Commercial,24.43,12.0,17,1.0,0,2.0,2,16,No,4,No,Yes,357,56.0,501,1
LA00828,Road,Urban,Agricultural,32.69,10.0,14,1.0,0,0.0,3,15,No,3,No,Yes,414,71.0,402,0
LA00829,Housing,Semi-Urban,Commercial,8.48,8.0,11,0.0,0,2.0,4,10,No,3,Yes,Yes,237,55.0,285,1
LA00830,Road,Rural,Agricultural,4.92,11.0,17,1.0,1,2.0,1,13,Yes,2,No,No,413,69.0,406,0
LA00831,Industrial,Semi-Urban,Mixed,13.89,10.0,11,2.0,0,0.0,5,12,No,2,No,Yes,421,80.0,473,1
LA00832,Industrial,Urban,Residential,44.72,8.0,11,0.0,1,1.0,1,12,Yes,2,Yes,No,345,53.0,416,1
LA00833,Railway,Urban,Agricultural,24.11,11.0,16,0.0,3,2.0,3,15,No,4,No,No,550,68.0,717,1
LA00834,Industrial,Semi-Urban,Commercial,13.81,6.0,12,0.0,0,1.0,2,10,No,5,No,No,406,15.0,401,0
LA00835,Airport,Semi-Urban,Agricultural,100.67,8.0,13,2.0,2,2.0,3,9,Yes,2,No,No,334,80.0,341,0
LA00836,Industrial,Urban,Residential,25.2,7.0,11,0.0,2,1.0,4,11,No,4,No,No,433,55.0,423,0
LA00837,Airport,Rural,Agricultural,32.84,6.0,11,0.0,0,3.0,3,11,No,4,No,No,488,51.0,602,1
LA00838,Housing,Semi-Urban,Commercial,,5.0,6,0.0,2,1.0,3,7,No,5,No,No,506,69.0,516,0
LA00839,Railway,Semi-Urban,Residential,36.37,6.0,13,0.0,0,2.0,3,11,Yes,4,Yes,No,413,59.0,584,1
LA00840,Railway,Urban,Commercial,47.28,10.0,14,2.0,0,2.0,3,17,Yes,5,Yes,No,300,73.0,414,1
LA00841,Road,Semi-Urban,Mixed,16.82,7.0,10,0.0,3,2.0,3,13,Yes,9,Yes,No,514,95.0,529,0
LA00842,Airport,Urban,Commercial,34.14,11.0,17,0.0,1,4.0,2,14,No,1,No,No,324,82.0,466,1
LA00843,Railway,Urban,Residential,92.52,5.0,7,2.0,0,2.0,2,8,No,2,No,No,290,58.0,320,0
LA00844,Railway,Semi-Urban,Mixed,43.21,8.0,8,0.0,0,0.0,1,10,No,4,No,No,389,39.0,400,0
LA00845,Road,Semi-Urban,Residential,38.95,7.0,8,0.0,1,1.0,7,9,No,3,No,Yes,400,46.0,535,1
LA00846,Housing,Rural,Mixed,27.15,14.0,16,2.0,2,2.0,4,17,Yes,3,Yes,Yes,414,54.0,514,1
LA00847,Railway,Rural,Commercial,10.76,6.0,11,3.0,0,1.0,3,10,Yes,3,No,No,315,73.0,321,0
LA00848,Industrial,Urban,Residential,68.82,9.0,11,3.0,0,1.0,5,10,No,5,No,Yes,309,73.0,272,0
LA00849,Road,Urban,Mixed,30.96,11.0,13,1.0,0,1.0,5,16,Yes,4,No,Yes,493,63.0,592,1
LA00850,Housing,Rural,Agricultural,18.87,6.0,10,2.0,0,2.0,2,9,No,7,No,No,205,71.0,203,0
LA00851,Road,Rural,Agricultural,9.71,10.0,14,0.0,0,1.0,2,17,No,4,No,No,335,70.0,336,0
LA00852,Road,Rural,Agricultural,40.38,8.0,14,3.0,2,0.0,4,12,No,4,No,No,448,86.0,589,1
LA00853,Housing,Urban,Commercial,12.4,11.0,18,1.0,1,1.0,5,17,No,5,No,No,202,77.0,280,1
LA00854,Housing,Urban,Commercial,69.22,7.0,10,0.0,0,1.0,3,8,No,3,No,No,350,57.0,373,0
LA00855,Road,Urban,Mixed,19.8,9.0,15,1.0,2,1.0,7,12,No,1,No,No,335,77.0,318,0
LA00856,Railway,Rural,Residential,34.69,5.0,7,2.0,3,1.0,5,6,No,4,,Yes,292,97.0,406,1
LA00857,Airport,Semi-Urban,Commercial,42.62,10.0,16,1.0,3,2.0,3,13,No,5,No,Yes,264,68.0,364,1
LA00858,Housing,Semi-Urban,Commercial,39.25,6.0,7,0.0,3,2.0,1,10,No,2,No,No,375,75.0,374,0
LA00859,Railway,Semi-Urban,Commercial,59.6,6.0,12,2.0,0,1.0,5,13,No,3,Yes,No,574,15.0,592,0
LA00860,Railway,Urban,Agricultural,21.3,7.0,9,1.0,1,3.0,2,11,No,1,Yes,No,312,57.0,457,1
LA00861,Airport,Semi-Urban,Agricultural,33.0,4.0,4,2.0,3,4.0,4,10,No,2,No,No,379,102.0,475,1
LA00862,Airport,Urban,Mixed,49.06,4.0,6,1.0,0,1.0,4,9,No,2,No,No,280,54.0,488,1
LA00863,Airport,Semi-Urban,Agricultural,86.81,4.0,9,1.0,2,1.0,3,9,No,3,No,No,445,77.0,581,1
LA00864,Industrial,Rural,Residential,56.78,10.0,11,1.0,1,2.0,2,15,No,5,No,No,416,83.0,414,0
LA00865,Road,Semi-Urban,Agricultural,64.03,7.0,10,2.0,1,5.0,3,9,Yes,4,No,No,355,112.0,353,0
LA00866,Housing,Urban,Residential,25.7,7.0,8,1.0,0,1.0,2,12,No,4,No,No,145,49.0,124,0
LA00867,Housing,Rural,Residential,43.2,11.0,13,4.0,0,1.0,3,14,Yes,2,No,No,474,77.0,680,1
LA00868,Airport,Rural,Residential,78.75,6.0,10,1.0,1,1.0,1,8,No,1,Yes,No,375,34.0,484,1
LA00869,Road,Urban,Commercial,31.81,4.0,7,1.0,1,2.0,2,10,Yes,2,No,No,436,68.0,562,1
LA00870,Road,Urban,Mixed,43.37,5.0,7,0.0,0,1.0,5,9,Yes,3,Yes,No,327,79.0,393,1
LA00871,Airport,Semi-Urban,Agricultural,7.67,5.0,8,5.0,2,2.0,2,12,Yes,8,No,No,343,80.0,548,1
LA00872,Road,Urban,Residential,52.34,11.0,12,,1,1.0,3,17,No,3,Yes,No,416,81.0,433,0
LA00873,Housing,Urban,Mixed,38.66,7.0,11,,1,0.0,2,15,Yes,3,No,No,264,62.0,243,0
LA00874,Railway,Urban,Residential,50.01,5.0,8,0.0,3,1.0,3,5,No,2,Yes,Yes,396,38.0,399,0
LA00875,Airport,Urban,Mixed,26.17,11.0,18,0.0,0,1.0,3,12,No,7,No,Yes,411,70.0,499,1
LA00876,Housing,Semi-Urban,Agricultural,5.93,5.0,14,0.0,4,0.0,0,11,No,4,Yes,No,356,72.0,444,1
LA00877,Railway,Semi-Urban,Residential,54.03,10.0,11,1.0,0,1.0,5,17,Yes,7,Yes,No,398,89.0,446,1
LA00878,Road,Urban,Agricultural,18.74,10.0,17,0.0,0,2.0,5,13,No,5,No,No,356,46.0,423,1
LA00879,Industrial,Rural,Agricultural,8.54,5.0,10,1.0,1,2.0,5,10,No,5,No,No,217,82.0,337,1
LA00880,Industrial,Urban,Mixed,36.79,5.0,9,2.0,2,1.0,4,6,Yes,4,Yes,No,333,81.0,454,1
LA00881,Railway,Urban,Residential,94.12,4.0,9,2.0,2,1.0,4,7,Yes,2,No,No,503,96.0,516,0
LA00882,Industrial,Urban,Mixed,16.49,5.0,5,1.0,1,3.0,5,7,No,3,No,No,404,61.0,405,0
LA00883,Housing,Rural,Mixed,19.36,7.0,10,0.0,1,1.0,1,10,No,4,No,No,167,54.0,174,0
LA00884,Railway,Rural,Mixed,55.86,9.0,16,1.0,0,,1,13,No,4,No,No,479,63.0,475,0
LA00885,Road,Semi-Urban,Mixed,28.06,12.0,21,3.0,0,0.0,5,14,No,3,No,No,283,53.0,282,0
LA00886,Railway,Urban,Residential,53.9,13.0,24,0.0,0,,2,18,No,3,No,No,361,41.0,368,0
LA00887,Railway,Urban,Agricultural,26.93,4.0,7,2.0,2,2.0,2,11,No,3,No,No,465,57.0,447,0
LA00888,Road,Urban,Mixed,23.75,8.0,15,2.0,0,0.0,0,15,No,6,No,No,383,43.0,459,1
LA00889,Road,Rural,Agricultural,17.17,7.0,10,0.0,1,2.0,1,12,No,7,No,No,393,76.0,510,1
LA00890,Industrial,Urban,Residential,41.1,3.0,9,1.0,2,1.0,2,13,Yes,4,No,No,540,74.0,600,1
LA00891,Road,Rural,Residential,17.08,5.0,11,0.0,2,0.0,3,9,No,2,Yes,No,405,40.0,397,0
LA00892,Housing,Semi-Urban,Residential,22.65,7.0,10,0.0,1,0.0,0,9,Yes,4,No,No,363,40.0,332,0
LA00893,Road,Semi-Urban,Mixed,,10.0,13,1.0,1,1.0,6,15,No,5,Yes,No,207,,237,0
LA00894,Road,Rural,Agricultural,120.41,10.0,17,2.0,0,0.0,2,13,No,4,No,No,296,15.0,334,0
LA00895,Airport,Urban,Commercial,44.78,6.0,10,1.0,1,0.0,2,11,Yes,3,No,No,544,76.0,625,1
LA00896,Housing,Rural,Mixed,70.25,9.0,11,1.0,2,2.0,4,16,Yes,6,No,No,289,72.0,402,1
LA00897,Road,Urban,Residential,24.81,15.0,18,2.0,0,1.0,4,17,No,4,Yes,No,512,,519,0
LA00898,Road,Rural,Mixed,27.42,15.0,19,0.0,1,0.0,0,19,No,4,No,Yes,233,54.0,281,1
LA00899,Road,Semi-Urban,Residential,38.03,3.0,7,2.0,1,3.0,8,7,No,6,No,No,268,32.0,254,0
LA00900,Railway,Urban,Residential,18.97,5.0,15,3.0,0,2.0,0,10,Yes,9,No,Yes,178,75.0,296,1
LA00901,Railway,Rural,Residential,23.49,10.0,12,0.0,2,1.0,3,11,No,3,No,No,419,97.0,414,0
LA00902,Road,Urban,Agricultural,52.66,10.0,13,0.0,1,0.0,1,15,No,1,No,No,340,55.0,358,0
LA00903,Road,Urban,Agricultural,33.56,7.0,14,1.0,2,3.0,3,11,No,3,Yes,No,288,86.0,280,0
LA00904,Railway,Rural,Agricultural,29.63,7.0,10,0.0,1,1.0,4,11,No,4,Yes,No,296,64.0,402,1
LA00905,Housing,Semi-Urban,Residential,28.56,10.0,16,1.0,2,1.0,5,13,Yes,3,No,No,384,84.0,451,1
LA00906,Industrial,Rural,Residential,13.98,,7,0.0,0,0.0,0,10,Yes,4,No,No,387,84.0,471,1
LA00907,Railway,Semi-Urban,Commercial,37.03,10.0,15,1.0,3,3.0,10,15,No,4,Yes,No,120,57.0,218,1
LA00908,Road,Semi-Urban,Residential,18.98,8.0,11,1.0,3,1.0,1,10,Yes,2,No,No,452,46.0,567,1
LA00909,Road,Urban,Mixed,7.59,9.0,12,1.0,0,2.0,4,12,Yes,7,Yes,No,455,83.0,593,1
LA00910,Road,Urban,Mixed,12.3,8.0,12,,1,1.0,3,12,No,4,No,Yes,416,57.0,432,0
LA00911,Airport,Rural,Commercial,28.97,8.0,12,1.0,1,2.0,4,13,Yes,5,No,No,380,71.0,385,0
LA00912,Housing,Urban,Agricultural,49.78,11.0,14,1.0,2,3.0,3,14,Yes,6,Yes,No,474,123.0,663,1
LA00913,Housing,Semi-Urban,Commercial,58.84,5.0,9,0.0,1,,3,7,No,2,Yes,No,395,68.0,398,0
LA00914,Housing,Urban,Commercial,9.81,6.0,12,1.0,0,2.0,2,13,Yes,2,Yes,No,489,69.0,566,1
LA00915,Housing,Urban,Mixed,46.46,6.0,9,1.0,0,3.0,2,12,No,3,Yes,No,385,51.0,491,1
LA00916,Housing,Semi-Urban,Mixed,97.8,7.0,10,2.0,1,0.0,4,13,No,1,Yes,No,169,94.0,156,0
LA00917,Road,Rural,Agricultural,60.82,12.0,17,1.0,0,0.0,3,17,Yes,3,No,No,277,71.0,249,0
LA00918,Road,Rural,Commercial,36.02,6.0,8,0.0,2,1.0,4,13,No,2,No,No,532,52.0,526,0
LA00919,Road,Rural,Mixed,38.15,5.0,12,0.0,2,2.0,7,12,Yes,3,No,No,280,106.0,350,1
LA00920,Industrial,Urban,Residential,35.29,10.0,16,1.0,2,0.0,2,15,No,3,,No,335,60.0,404,1
LA00921,Road,Semi-Urban,Agricultural,22.19,5.0,9,2.0,1,5.0,3,8,No,1,No,Yes,536,72.0,684,1
LA00922,Housing,Urban,Commercial,62.78,12.0,19,1.0,0,2.0,1,14,No,3,No,No,389,32.0,404,0
LA00923,Industrial,Rural,Commercial,15.04,7.0,11,3.0,1,0.0,6,13,Yes,4,Yes,No,501,106.0,635,1
LA00924,Railway,Urban,Agricultural,37.38,11.0,19,3.0,2,1.0,2,17,Yes,4,No,No,193,65.0,269,1
LA00925,Road,Semi-Urban,Residential,7.45,9.0,11,1.0,1,1.0,1,14,No,2,No,No,430,70.0,421,0
LA00926,Road,Urban,Residential,,11.0,11,1.0,1,0.0,3,13,Yes,3,No,No,381,73.0,528,1
LA00927,Road,Rural,Agricultural,36.32,12.0,20,1.0,3,0.0,4,14,Yes,1,Yes,No,399,85.0,515,1
LA00928,Housing,Rural,Mixed,,7.0,11,0.0,1,0.0,5,9,No,6,No,No,365,78.0,368,0
LA00929,Industrial,Rural,Mixed,81.5,8.0,14,1.0,0,0.0,2,16,No,7,No,Yes,468,51.0,473,0
LA00930,Airport,Urban,Agricultural,30.61,12.0,17,0.0,1,1.0,4,16,No,2,No,No,451,59.0,437,0
LA00931,Road,Rural,Residential,11.17,8.0,10,2.0,0,0.0,3,17,Yes,3,No,No,351,77.0,346,0
LA00932,Railway,Urban,Mixed,103.43,5.0,7,2.0,3,1.0,1,6,No,3,No,No,341,70.0,347,0
LA00933,Railway,Urban,Commercial,26.98,12.0,17,0.0,0,3.0,1,16,No,9,Yes,Yes,491,68.0,575,1
LA00934,Airport,Urban,Agricultural,17.41,6.0,9,2.0,1,1.0,3,12,Yes,3,No,No,242,71.0,384,1
LA00935,Airport,Urban,Agricultural,38.69,5.0,9,1.0,1,0.0,1,8,Yes,4,No,Yes,330,68.0,460,1
LA00936,Road,Semi-Urban,Residential,12.39,10.0,15,2.0,2,2.0,5,14,Yes,6,Yes,No,406,99.0,490,1
LA00937,Housing,Urban,Mixed,22.19,14.0,17,0.0,2,2.0,3,18,No,1,No,No,463,76.0,481,0
LA00938,Road,Semi-Urban,Commercial,75.37,5.0,6,2.0,1,1.0,2,6,No,1,No,Yes,312,76.0,324,0
LA00939,Housing,Semi-Urban,Agricultural,27.48,10.0,14,1.0,2,2.0,4,13,No,5,No,No,234,71.0,240,0
LA00940,Road,Rural,Mixed,44.59,9.0,11,1.0,1,0.0,3,12,No,5,No,No,411,68.0,428,0
LA00941,Road,Semi-Urban,Commercial,77.59,8.0,9,1.0,0,1.0,4,13,No,3,No,Yes,412,46.0,404,0
LA00942,Housing,Semi-Urban,Mixed,26.84,11.0,15,5.0,1,3.0,1,17,No,5,Yes,Yes,317,123.0,576,1
LA00943,Road,Urban,Agricultural,16.81,6.0,8,1.0,1,0.0,2,8,No,5,No,No,382,77.0,463,1
LA00944,Railway,Rural,Agricultural,50.42,7.0,13,2.0,2,3.0,5,10,Yes,5,No,No,452,63.0,558,1
LA00945,Railway,Urban,Mixed,10.77,7.0,9,3.0,1,1.0,3,12,No,1,No,No,374,64.0,639,1
LA00946,Road,Urban,Mixed,15.29,15.0,19,3.0,4,1.0,1,16,Yes,2,No,No,284,97.0,417,1
LA00947,Airport,Urban,Mixed,8.9,11.0,13,1.0,0,2.0,0,15,Yes,4,Yes,No,445,61.0,446,0
LA00948,Housing,Semi-Urban,Mixed,73.98,13.0,13,1.0,1,0.0,2,16,Yes,3,No,No,321,86.0,296,0
LA00949,Housing,Semi-Urban,Agricultural,34.38,12.0,15,0.0,0,1.0,2,17,Yes,4,Yes,Yes,337,39.0,450,1
LA00950,Road,Semi-Urban,Residential,51.71,7.0,10,1.0,1,1.0,4,10,No,5,No,Yes,324,59.0,576,1
LA00951,Railway,Urban,Agricultural,16.16,8.0,14,3.0,1,0.0,1,12,No,5,No,No,500,62.0,492,0
LA00952,Road,Semi-Urban,Mixed,43.38,6.0,11,1.0,3,0.0,2,10,Yes,4,No,Yes,398,128.0,569,1
LA00953,Road,Semi-Urban,Agricultural,44.43,,8,1.0,0,0.0,4,9,Yes,5,No,No,372,,369,0
LA00954,Road,Urban,Mixed,103.09,8.0,14,0.0,1,5.0,1,15,No,1,No,No,172,43.0,134,0
LA00955,Housing,Semi-Urban,Mixed,48.74,7.0,11,0.0,3,1.0,4,9,No,3,No,No,581,50.0,632,1
LA00956,Housing,Semi-Urban,Mixed,58.75,6.0,13,2.0,0,1.0,3,12,No,4,No,No,238,,293,1
LA00957,Airport,Semi-Urban,Mixed,36.35,5.0,12,,0,4.0,4,9,Yes,4,No,No,376,96.0,375,0
LA00958,Railway,Urban,Agricultural,1.98,10.0,14,1.0,0,1.0,0,21,No,3,No,No,201,62.0,312,1
LA00959,Railway,Semi-Urban,Agricultural,40.73,9.0,16,1.0,1,0.0,3,10,Yes,1,No,Yes,310,57.0,278,0
LA00960,Railway,Urban,Mixed,28.82,7.0,16,2.0,4,1.0,1,12,No,4,No,No,280,72.0,272,0
LA00961,Railway,Urban,Residential,27.78,,10,1.0,1,0.0,2,12,No,5,Yes,No,683,48.0,687,0
LA00962,Railway,Urban,Residential,22.98,6.0,12,2.0,0,3.0,3,13,No,3,No,No,426,53.0,434,0
LA00963,Road,Semi-Urban,Mixed,27.78,5.0,13,1.0,3,1.0,0,9,Yes,5,Yes,No,315,88.0,416,1
LA00964,Road,Urban,Commercial,,5.0,9,2.0,2,0.0,2,8,No,5,No,No,435,77.0,442,0
LA00965,Housing,Semi-Urban,Agricultural,55.06,7.0,11,1.0,0,2.0,0,13,No,2,No,No,421,32.0,429,0
LA00966,Railway,Urban,Residential,14.14,5.0,7,1.0,0,2.0,2,6,No,7,No,No,274,42.0,286,0
LA00967,Housing,Rural,Agricultural,94.47,11.0,16,1.0,0,2.0,4,14,No,3,No,No,383,76.0,385,0
LA00968,Road,Urban,Mixed,51.95,10.0,16,0.0,0,5.0,4,16,No,5,No,No,405,105.0,400,0
LA00969,Industrial,Semi-Urban,Commercial,65.0,5.0,9,1.0,1,2.0,1,7,Yes,5,Yes,Yes,372,71.0,384,0
LA00970,Road,Rural,Agricultural,15.04,7.0,9,2.0,1,0.0,3,12,Yes,8,Yes,No,364,99.0,425,1
LA00971,Road,Semi-Urban,Agricultural,21.74,5.0,9,0.0,1,0.0,5,6,No,3,No,No,412,49.0,427,0
LA00972,Road,Urban,Mixed,35.34,6.0,10,0.0,1,2.0,4,15,No,4,Yes,No,458,28.0,478,0
LA00973,Road,Semi-Urban,Mixed,32.92,8.0,11,0.0,2,2.0,5,8,No,4,No,No,435,88.0,614,1
LA00974,Housing,Rural,Agricultural,52.04,7.0,10,1.0,4,0.0,3,11,No,4,Yes,No,458,74.0,564,1
LA00975,Road,Rural,Commercial,33.01,9.0,13,2.0,2,1.0,1,12,No,2,Yes,Yes,292,70.0,288,0
LA00976,Industrial,Urban,Residential,97.73,10.0,14,2.0,3,0.0,3,12,No,1,No,No,300,68.0,397,1
LA00977,Railway,Rural,Agricultural,15.32,7.0,13,2.0,0,0.0,3,10,Yes,3,No,No,497,40.0,489,0
LA00978,Railway,Urban,Residential,12.73,6.0,13,0.0,1,1.0,2,16,No,3,No,No,230,44.0,252,0
LA00979,Railway,Urban,Agricultural,20.92,7.0,8,1.0,0,1.0,4,9,No,3,No,No,182,73.0,280,1
LA00980,Road,Semi-Urban,Agricultural,27.82,6.0,8,3.0,0,2.0,1,14,No,3,No,No,485,83.0,501,0
LA00981,Housing,Semi-Urban,Agricultural,68.79,4.0,9,2.0,2,2.0,3,6,No,7,No,No,446,55.0,434,0
LA00982,Housing,Semi-Urban,Residential,42.57,4.0,10,2.0,0,1.0,3,8,No,6,No,Yes,225,68.0,321,1
LA00983,Airport,Rural,Residential,2.57,6.0,9,1.0,4,0.0,3,9,No,2,No,Yes,243,81.0,370,1
LA00984,Railway,Urban,Residential,2.94,5.0,5,0.0,1,0.0,1,6,No,2,Yes,No,423,15.0,410,0
LA00985,Road,Semi-Urban,Commercial,29.78,11.0,17,2.0,2,1.0,2,18,No,2,Yes,No,233,76.0,347,1
LA00986,Housing,Semi-Urban,Residential,23.68,6.0,12,3.0,0,1.0,0,12,No,5,No,No,445,,442,0
LA00987,Road,Urban,Residential,30.43,12.0,16,1.0,1,0.0,4,15,No,2,No,No,184,69.0,262,1
LA00988,Road,Semi-Urban,Mixed,27.83,11.0,14,0.0,1,1.0,2,13,No,7,No,No,195,62.0,209,0
LA00989,Road,Rural,Residential,88.66,8.0,8,2.0,1,1.0,6,11,No,3,Yes,No,316,61.0,307,0
LA00990,Airport,Semi-Urban,Mixed,62.06,10.0,14,1.0,2,1.0,4,14,No,3,No,No,278,56.0,268,0
LA00991,Industrial,Urban,Commercial,21.8,6.0,8,1.0,0,2.0,3,7,No,3,No,No,500,86.0,517,0
LA00992,Airport,Semi-Urban,Commercial,32.57,7.0,9,0.0,1,1.0,1,8,No,5,No,No,329,30.0,293,0
LA00993,Airport,Rural,Agricultural,26.14,8.0,13,3.0,0,0.0,4,13,No,4,No,No,450,43.0,556,1
LA00994,Road,Rural,Residential,4.62,7.0,9,0.0,0,1.0,2,9,No,1,No,No,252,38.0,268,0
LA00995,Housing,Semi-Urban,Mixed,22.61,4.0,8,2.0,1,1.0,5,5,No,6,No,Yes,469,74.0,569,1
LA00996,Railway,Semi-Urban,Mixed,22.86,10.0,15,1.0,0,1.0,4,20,No,1,No,No,407,59.0,517,1
LA00997,Industrial,Semi-Urban,Agricultural,19.05,6.0,11,0.0,0,0.0,3,9,No,7,No,No,409,42.0,409,0
LA00998,Road,Rural,Mixed,22.09,11.0,17,2.0,1,0.0,5,16,Yes,2,No,Yes,294,63.0,282,0
LA00999,Housing,Rural,Agricultural,26.53,11.0,16,1.0,0,1.0,0,18,No,4,No,No,403,63.0,407,0
LA01000,Road,Rural,Mixed,44.99,9.0,13,4.0,1,2.0,2,13,No,3,No,No,289,108.0,300,0
LA01001,Road,Semi-Urban,Mixed,20.3,11.0,15,0.0,0,0.0,1,18,No,4,No,No,354,73.0,390,0
LA01002,Railway,Urban,Residential,75.58,7.0,8,2.0,2,,3,14,No,4,No,Yes,511,50.0,698,1
LA01003,Road,Semi-Urban,Mixed,15.17,,9,1.0,1,1.0,7,11,No,3,Yes,No,466,68.0,559,1
LA01004,Road,Urban,Mixed,67.3,10.0,12,4.0,1,1.0,1,13,No,4,No,No,187,56.0,194,0
LA01005,Industrial,Urban,Commercial,40.15,7.0,11,1.0,0,0.0,2,10,No,4,Yes,No,327,57.0,394,1
LA01006,Railway,Semi-Urban,Residential,11.77,9.0,14,0.0,3,1.0,2,14,No,4,No,Yes,314,81.0,322,0
LA01007,Housing,Semi-Urban,Mixed,26.02,5.0,6,1.0,2,1.0,3,9,Yes,3,No,Yes,453,97.0,644,1
LA01008,Road,Rural,Commercial,90.84,11.0,16,1.0,1,2.0,6,13,No,6,Yes,Yes,500,104.0,709,1
LA01009,Airport,Rural,Agricultural,15.41,5.0,8,1.0,2,1.0,3,7,No,4,No,No,420,77.0,444,0
LA01010,Railway,Rural,Mixed,92.5,5.0,8,0.0,1,1.0,7,10,No,4,Yes,No,436,65.0,428,0
LA01011,Industrial,Rural,Agricultural,45.87,9.0,12,1.0,2,2.0,6,14,Yes,8,No,No,451,55.0,620,1
LA01012,Industrial,Rural,Mixed,40.63,13.0,16,1.0,2,2.0,6,18,No,4,No,Yes,327,87.0,336,0
LA01013,Railway,Urban,Commercial,44.05,6.0,11,3.0,5,5.0,1,10,Yes,3,No,No,633,126.0,763,1
LA01014,Housing,Semi-Urban,Residential,25.52,11.0,14,1.0,0,,2,14,No,2,No,Yes,440,86.0,434,0
LA01015,Road,Urban,Mixed,15.99,8.0,11,0.0,1,1.0,2,13,No,5,Yes,No,330,87.0,424,1
LA01016,Road,Urban,Agricultural,33.64,5.0,7,1.0,0,1.0,2,10,No,5,Yes,No,165,56.0,236,1
LA01017,Industrial,Urban,Agricultural,41.66,6.0,10,1.0,1,1.0,3,9,Yes,3,No,Yes,131,59.0,261,1
LA01018,Housing,Rural,Agricultural,47.32,8.0,11,2.0,1,1.0,2,11,No,3,No,No,426,44.0,431,0
LA01019,Road,Rural,Residential,46.06,7.0,10,0.0,5,2.0,5,10,No,5,Yes,No,466,110.0,550,1
LA01020,Railway,Rural,Commercial,54.3,9.0,13,1.0,0,1.0,0,14,Yes,3,No,No,206,51.0,200,0
LA01021,Housing,Rural,Agricultural,115.61,5.0,9,2.0,0,2.0,0,7,No,5,No,No,229,50.0,299,1
LA01022,Airport,Rural,Mixed,39.23,5.0,13,1.0,0,0.0,0,11,Yes,5,No,No,577,38.0,688,1
LA01023,Housing,Urban,Mixed,73.02,12.0,19,1.0,1,1.0,4,16,Yes,4,No,No,346,122.0,465,1
LA01024,Railway,Rural,Mixed,48.51,9.0,14,2.0,0,0.0,2,15,No,2,Yes,No,330,65.0,414,1
LA01025,Industrial,Rural,Residential,123.48,7.0,8,1.0,0,2.0,3,11,No,7,No,Yes,391,67.0,406,0
LA01026,Road,Rural,Commercial,35.33,8.0,9,3.0,3,2.0,3,15,No,1,Yes,Yes,380,92.0,548,1
LA01027,Housing,Urban,Residential,32.6,7.0,8,1.0,1,1.0,4,11,No,3,No,No,196,51.0,199,0
LA01028,Railway,Urban,Mixed,70.04,9.0,13,1.0,1,1.0,2,13,No,6,No,No,492,84.0,674,1
LA01029,Airport,Rural,Agricultural,70.1,13.0,17,0.0,1,2.0,2,16,Yes,4,No,No,385,70.0,476,1
LA01030,Railway,Urban,Mixed,27.13,6.0,8,1.0,1,2.0,2,11,Yes,7,No,Yes,568,80.0,689,1
LA01031,Industrial,Semi-Urban,Agricultural,47.32,10.0,12,1.0,0,1.0,3,14,No,5,No,No,428,117.0,551,1
LA01032,Airport,Semi-Urban,Residential,54.67,6.0,9,1.0,2,3.0,2,10,No,4,No,No,376,60.0,376,0
LA01033,Railway,Urban,Mixed,52.63,7.0,11,3.0,1,1.0,3,13,Yes,4,No,Yes,336,93.0,478,1
LA01034,Housing,Urban,Agricultural,44.1,8.0,15,1.0,0,2.0,2,11,Yes,7,Yes,No,512,117.0,632,1
LA01035,Railway,Rural,Mixed,6.91,11.0,14,4.0,1,2.0,2,15,No,5,Yes,No,317,69.0,308,0
LA01036,Industrial,Rural,Mixed,53.14,10.0,13,1.0,1,0.0,5,16,No,4,No,Yes,346,49.0,404,1
LA01037,Road,Rural,Agricultural,54.81,5.0,9,1.0,0,3.0,4,8,Yes,3,No,No,291,80.0,291,0
LA01038,Railway,Urban,Agricultural,45.33,7.0,9,2.0,1,2.0,7,13,No,4,No,No,259,58.0,365,1
LA01039,Railway,Urban,Agricultural,24.93,5.0,13,0.0,0,2.0,3,9,No,4,No,Yes,364,92.0,477,1
LA01040,Road,Semi-Urban,Mixed,85.04,7.0,12,0.0,0,1.0,1,9,No,5,No,Yes,120,55.0,99,0
LA01041,Road,Semi-Urban,Mixed,15.73,9.0,11,2.0,0,4.0,2,18,No,2,No,Yes,322,86.0,501,1
LA01042,Industrial,Urban,Agricultural,70.94,4.0,10,,0,3.0,2,5,Yes,4,No,Yes,354,79.0,352,0
LA01043,Industrial,Rural,Commercial,15.56,8.0,12,0.0,0,,3,12,No,5,No,No,310,60.0,312,0
LA01044,Industrial,Rural,Residential,65.3,10.0,12,2.0,0,2.0,4,15,No,3,Yes,Yes,430,57.0,559,1
LA01045,Road,Semi-Urban,Commercial,16.17,9.0,11,0.0,0,2.0,3,12,Yes,8,No,No,218,,298,1
LA01046,Road,Semi-Urban,Mixed,62.81,8.0,10,0.0,0,1.0,5,9,No,4,No,No,439,56.0,432,0
LA01047,Road,Semi-Urban,Mixed,97.36,9.0,13,0.0,0,1.0,2,16,Yes,4,No,No,472,41.0,534,1
LA01048,Airport,Urban,Agricultural,97.6,6.0,10,2.0,0,6.0,5,10,Yes,5,No,No,537,97.0,677,1
LA01049,Housing,Urban,Agricultural,84.1,6.0,12,0.0,2,1.0,2,10,No,3,No,No,486,76.0,574,1
LA01050,Road,Semi-Urban,Residential,,11.0,12,2.0,1,1.0,3,15,No,4,Yes,No,376,69.0,458,1
LA01051,Industrial,Semi-Urban,Residential,21.8,10.0,15,1.0,1,1.0,1,12,No,6,No,No,401,93.0,462,1
LA01052,Road,Semi-Urban,Agricultural,31.24,7.0,12,1.0,2,2.0,5,12,No,8,No,No,352,19.0,453,1
LA01053,Road,Rural,Mixed,67.46,8.0,15,3.0,1,3.0,7,10,No,3,No,No,244,55.0,238,0
LA01054,Road,Urban,Agricultural,52.58,12.0,13,1.0,6,0.0,4,14,Yes,4,No,Yes,381,92.0,495,1
LA01055,Road,Urban,Agricultural,130.61,9.0,18,0.0,1,1.0,1,16,No,3,Yes,No,263,34.0,329,1
LA01056,Industrial,Urban,Commercial,23.52,11.0,13,1.0,1,0.0,5,18,No,3,Yes,No,402,85.0,518,1
LA01057,Housing,Urban,Residential,101.65,7.0,8,1.0,0,2.0,4,9,Yes,5,Yes,Yes,417,79.0,485,1
LA01058,Road,Semi-Urban,Residential,33.06,8.0,11,,2,4.0,1,11,No,3,No,Yes,327,56.0,491,1
LA01059,Railway,Rural,Mixed,15.51,8.0,13,0.0,1,2.0,2,11,No,2,Yes,No,503,81.0,604,1
LA01060,Airport,Rural,Residential,43.07,5.0,10,0.0,2,1.0,3,10,Yes,4,No,No,320,98.0,405,1
LA01061,Housing,Semi-Urban,Agricultural,51.68,5.0,8,1.0,1,1.0,2,7,Yes,2,No,No,530,80.0,511,0
LA01062,Industrial,Semi-Urban,Agricultural,79.11,16.0,22,0.0,0,0.0,3,20,Yes,2,Yes,No,371,39.0,428,1
LA01063,Road,Urban,Residential,23.44,6.0,9,0.0,0,2.0,1,11,No,3,No,Yes,345,40.0,373,0
LA01064,Industrial,Semi-Urban,Residential,43.06,3.0,8,1.0,1,2.0,2,7,No,6,No,No,434,45.0,553,1
LA01065,Road,Urban,Residential,35.62,8.0,13,3.0,1,2.0,1,13,No,10,No,No,233,74.0,231,0
LA01066,Housing,Rural,Agricultural,27.06,7.0,12,3.0,1,0.0,0,10,No,1,No,No,301,75.0,401,1
LA01067,Railway,Semi-Urban,Mixed,95.04,7.0,12,0.0,0,1.0,1,11,Yes,4,No,Yes,454,71.0,506,1
LA01068,Industrial,Urban,Agricultural,52.19,5.0,10,3.0,0,2.0,2,11,No,6,No,Yes,215,,188,0
LA01069,Road,Urban,Agricultural,4.09,7.0,12,2.0,1,0.0,2,10,Yes,6,No,No,270,107.0,449,1
LA01070,Railway,Urban,Agricultural,43.56,5.0,12,1.0,2,0.0,6,10,No,6,Yes,No,300,73.0,374,1
LA01071,Housing,Rural,Mixed,8.6,11.0,14,0.0,1,,1,17,No,3,No,Yes,455,40.0,471,0
LA01072,Industrial,Urban,Residential,40.58,2.0,4,2.0,1,4.0,3,2,No,2,No,No,349,62.0,516,1
LA01073,Railway,Urban,Mixed,10.1,8.0,10,0.0,3,1.0,6,10,Yes,6,No,Yes,345,103.0,411,1
LA01074,Housing,Urban,Agricultural,52.35,5.0,10,1.0,0,2.0,4,6,No,3,No,No,335,70.0,347,0
LA01075,Housing,Rural,Mixed,8.48,7.0,12,0.0,1,,5,14,No,2,No,No,367,52.0,379,0
LA01076,Road,Semi-Urban,Agricultural,,10.0,16,0.0,1,0.0,4,15,No,2,No,No,120,74.0,196,1
LA01077,Railway,Semi-Urban,Residential,60.48,9.0,12,2.0,2,2.0,2,12,No,6,No,No,501,79.0,631,1
LA01078,Railway,Semi-Urban,Agricultural,35.18,6.0,11,1.0,3,3.0,4,11,No,3,No,No,542,71.0,554,0
LA01079,Industrial,Urban,Residential,10.99,12.0,19,2.0,1,4.0,4,15,No,4,No,Yes,349,60.0,360,0
LA01080,Road,Rural,Mixed,91.22,7.0,10,2.0,1,0.0,4,12,Yes,5,No,Yes,403,72.0,507,1
LA01081,Road,Urban,Commercial,25.85,6.0,7,1.0,1,3.0,2,11,No,2,No,No,271,60.0,273,0
LA01082,Housing,Urban,Commercial,29.23,7.0,11,1.0,1,1.0,1,14,No,3,No,No,360,51.0,493,1
LA01083,Housing,Semi-Urban,Residential,31.23,12.0,13,0.0,1,1.0,2,21,Yes,5,No,No,355,35.0,322,0
LA01084,Housing,Urban,Commercial,55.28,6.0,12,0.0,0,1.0,6,9,Yes,3,No,No,390,77.0,504,1
LA01085,Housing,Urban,Agricultural,27.39,9.0,14,0.0,0,1.0,4,14,No,6,No,No,327,68.0,325,0
LA01086,Airport,Rural,Mixed,32.15,10.0,12,0.0,1,3.0,3,12,No,3,No,Yes,233,60.0,230,0
LA01087,Airport,Semi-Urban,Commercial,74.15,5.0,8,3.0,2,3.0,5,8,Yes,4,No,No,265,127.0,349,1
LA01088,Airport,Urban,Agricultural,68.21,4.0,9,0.0,1,0.0,1,7,No,4,No,No,330,43.0,316,0
LA01089,Railway,Urban,Mixed,30.71,7.0,12,0.0,1,0.0,3,10,No,4,Yes,No,171,72.0,184,0
LA01090,Railway,Rural,Agricultural,31.5,9.0,15,5.0,1,0.0,1,12,Yes,4,Yes,No,354,83.0,492,1
LA01091,Road,Urban,Agricultural,2.45,4.0,6,3.0,0,0.0,1,5,No,3,No,No,335,,516,1
LA01092,Industrial,Urban,Residential,40.08,7.0,10,1.0,0,2.0,5,11,Yes,2,No,No,245,61.0,392,1
LA01093,Road,Semi-Urban,Commercial,62.0,6.0,8,0.0,2,2.0,5,9,Yes,8,No,Yes,449,63.0,503,1
LA01094,Road,Semi-Urban,Agricultural,26.3,5.0,11,2.0,1,0.0,1,8,Yes,4,No,No,341,62.0,360,0
LA01095,Industrial,Rural,Residential,82.58,7.0,8,2.0,0,0.0,3,14,No,5,Yes,No,587,65.0,648,1
LA01096,Railway,Semi-Urban,Mixed,7.55,6.0,8,1.0,0,0.0,2,12,No,5,No,No,442,24.0,470,0
LA01097,Road,Urban,Residential,17.22,8.0,14,2.0,2,0.0,5,14,Yes,3,No,Yes,435,106.0,571,1
LA01098,Housing,Semi-Urban,Commercial,78.39,8.0,16,2.0,1,1.0,0,10,No,2,Yes,Yes,435,69.0,429,0
LA01099,Housing,Semi-Urban,Residential,60.38,5.0,9,3.0,3,1.0,2,12,No,2,Yes,No,599,83.0,587,0
LA01100,Road,Urban,Agricultural,7.08,10.0,16,3.0,0,,0,12,No,5,No,No,449,23.0,539,1
LA01101,Road,Semi-Urban,Mixed,8.57,5.0,11,2.0,0,2.0,5,6,Yes,6,No,Yes,256,110.0,368,1
LA01102,Road,Urban,Residential,52.9,6.0,10,4.0,1,0.0,4,7,No,3,No,No,258,96.0,259,0
LA01103,Airport,Rural,Commercial,45.69,5.0,13,3.0,1,2.0,2,7,Yes,7,Yes,No,203,64.0,352,1
LA01104,Housing,Rural,Commercial,28.86,6.0,11,0.0,0,0.0,2,7,No,1,No,No,190,73.0,199,0
LA01105,Road,Semi-Urban,Mixed,80.75,4.0,9,3.0,2,1.0,3,10,Yes,4,No,No,275,88.0,530,1
LA01106,Airport,Rural,Residential,20.9,9.0,11,0.0,1,3.0,1,12,No,3,No,No,370,77.0,476,1
LA01107,Road,Rural,Mixed,4.37,9.0,11,2.0,2,0.0,3,14,No,5,Yes,No,120,45.0,116,0
LA01108,Railway,Urban,Agricultural,55.27,9.0,15,0.0,0,1.0,6,13,Yes,6,No,Yes,422,75.0,475,1
LA01109,Housing,Semi-Urban,Agricultural,63.69,12.0,13,1.0,1,4.0,3,15,No,5,Yes,No,311,49.0,402,1
LA01110,Road,Semi-Urban,Agricultural,21.89,8.0,17,1.0,1,0.0,0,11,No,7,No,No,486,62.0,468,0
LA01111,Road,Urban,Agricultural,13.35,5.0,9,1.0,1,1.0,2,7,No,5,Yes,No,612,37.0,710,1
LA01112,Railway,Semi-Urban,Agricultural,4.63,13.0,16,3.0,1,,3,17,No,4,No,No,535,85.0,527,0
LA01113,Industrial,Urban,Residential,34.69,10.0,12,,0,1.0,1,17,Yes,4,Yes,No,234,87.0,231,0
LA01114,Housing,Rural,Agricultural,44.12,6.0,6,4.0,5,1.0,2,15,Yes,6,No,No,409,121.0,555,1
LA01115,Housing,Semi-Urban,Commercial,66.78,8.0,9,0.0,1,1.0,5,12,No,3,Yes,No,423,51.0,403,0
LA01116,Road,Rural,Agricultural,46.01,5.0,10,1.0,2,,5,9,No,2,Yes,Yes,635,69.0,743,1
LA01117,Road,Semi-Urban,Residential,23.27,10.0,15,1.0,0,1.0,3,15,No,5,Yes,No,539,53.0,717,1
LA01118,Airport,Urban,Agricultural,40.08,8.0,10,0.0,1,0.0,4,12,No,6,Yes,No,417,58.0,538,1
LA01119,Road,Rural,Agricultural,69.02,8.0,12,0.0,1,,2,12,No,1,No,No,357,36.0,348,0
LA01120,Housing,Urban,Commercial,43.72,8.0,12,0.0,0,2.0,3,12,No,3,No,No,253,46.0,247,0
LA01121,Industrial,Urban,Mixed,62.54,5.0,12,1.0,3,1.0,3,11,No,2,No,No,305,98.0,290,0
LA01122,Road,Semi-Urban,Agricultural,13.93,10.0,12,1.0,1,0.0,5,12,No,4,Yes,No,487,93.0,605,1
LA01123,Housing,Semi-Urban,Commercial,53.84,11.0,17,0.0,0,0.0,5,12,No,4,No,No,319,47.0,298,0
LA01124,Road,Urban,Residential,46.06,11.0,12,2.0,4,0.0,1,15,No,5,No,No,367,94.0,387,0
LA01125,Railway,Urban,Mixed,27.18,6.0,11,2.0,0,3.0,5,9,No,5,No,No,306,64.0,323,0
LA01126,Industrial,Urban,Agricultural,69.86,6.0,8,1.0,2,1.0,7,9,No,2,Yes,Yes,422,101.0,407,0
LA01127,Railway,Urban,Agricultural,114.69,2.0,6,1.0,1,2.0,4,2,No,6,No,No,374,83.0,396,0
LA01128,Industrial,Urban,Residential,6.84,9.0,12,0.0,3,1.0,2,11,Yes,6,No,No,384,41.0,487,1
LA01129,Industrial,Semi-Urban,Residential,28.21,6.0,8,1.0,2,0.0,1,11,No,6,Yes,Yes,501,45.0,499,0
LA01130,Housing,Urban,Mixed,32.9,9.0,11,,2,1.0,2,15,No,4,No,No,386,82.0,513,1
LA01131,Housing,Urban,Residential,34.72,13.0,20,1.0,1,1.0,2,17,No,5,No,No,445,71.0,569,1
LA01132,Railway,Semi-Urban,Residential,,7.0,10,2.0,1,0.0,1,9,No,5,Yes,No,279,74.0,261,0
LA01133,Road,Rural,Residential,8.26,10.0,13,0.0,0,1.0,4,13,Yes,2,No,No,211,87.0,214,0
LA01134,Airport,Urban,Mixed,29.33,10.0,11,6.0,0,3.0,2,13,Yes,4,No,No,257,117.0,443,1
LA01135,Housing,Urban,Mixed,,10.0,14,1.0,0,0.0,1,13,No,2,No,No,411,24.0,427,0
LA01136,Road,Urban,Mixed,27.46,5.0,7,3.0,2,3.0,4,7,No,6,No,Yes,366,85.0,321,0
LA01137,Railway,Rural,Mixed,33.66,7.0,14,1.0,3,1.0,4,12,Yes,3,No,No,422,68.0,443,0
LA01138,Railway,Urban,Mixed,40.75,5.0,8,0.0,1,,2,10,Yes,4,No,Yes,385,73.0,380,0
LA01139,Road,Urban,Agricultural,30.15,9.0,15,3.0,0,2.0,2,14,Yes,4,No,No,187,60.0,278,1
LA01140,Industrial,Semi-Urban,Residential,21.11,10.0,16,0.0,1,1.0,0,19,No,2,No,No,310,50.0,322,0
LA01141,Railway,Urban,Agricultural,33.8,11.0,14,1.0,0,1.0,1,13,Yes,3,No,No,556,83.0,572,0
LA01142,Airport,Urban,Residential,42.96,10.0,16,1.0,0,2.0,3,18,No,4,No,No,242,39.0,314,1
LA01143,Housing,Urban,Commercial,35.99,8.0,14,0.0,0,0.0,6,10,Yes,3,No,No,120,76.0,124,0
LA01144,Housing,Semi-Urban,Residential,119.57,11.0,16,2.0,0,0.0,3,14,No,5,No,No,400,66.0,385,0
LA01145,Railway,Semi-Urban,Residential,45.1,4.0,10,1.0,2,0.0,4,9,No,2,No,No,286,70.0,289,0
LA01146,Road,Semi-Urban,Commercial,34.84,4.0,8,,3,,3,9,No,6,No,No,315,82.0,315,0
LA01147,Airport,Rural,Residential,18.72,13.0,18,1.0,1,3.0,4,15,No,2,No,Yes,496,58.0,492,0
LA01148,Housing,Urban,Residential,19.09,9.0,15,0.0,1,1.0,3,12,Yes,5,No,No,499,51.0,589,1
LA01149,Railway,Rural,Residential,27.51,8.0,13,2.0,0,2.0,3,13,No,2,Yes,No,347,79.0,540,1
LA01150,Housing,Rural,Commercial,28.15,8.0,12,0.0,2,4.0,2,16,Yes,5,No,Yes,300,95.0,392,1
LA01151,Road,Rural,Residential,27.35,3.0,6,3.0,2,1.0,1,5,No,3,No,No,256,68.0,273,0
LA01152,Housing,Rural,Residential,46.45,9.0,14,0.0,2,0.0,4,12,No,5,Yes,No,364,77.0,324,0
LA01153,Road,Semi-Urban,Residential,68.38,11.0,15,1.0,0,,5,18,No,5,No,No,369,36.0,448,1
LA01154,Road,Urban,Mixed,55.4,,15,0.0,0,0.0,3,17,No,7,No,No,288,78.0,281,0
LA01155,Railway,Semi-Urban,Residential,51.15,8.0,14,0.0,2,1.0,1,9,No,6,No,No,206,42.0,244,1
LA01156,Road,Urban,Residential,17.06,5.0,6,1.0,0,3.0,6,8,Yes,2,No,No,489,60.0,468,0
LA01157,Road,Semi-Urban,Mixed,75.07,10.0,16,0.0,0,0.0,1,14,No,3,No,No,457,46.0,465,0
LA01158,Road,Urban,Mixed,18.39,3.0,8,2.0,0,0.0,4,6,Yes,3,No,No,402,24.0,508,1
LA01159,Railway,Urban,Residential,42.24,10.0,14,0.0,3,0.0,2,17,No,4,No,No,393,46.0,495,1
LA01160,Airport,Rural,Residential,49.07,5.0,6,0.0,2,1.0,4,12,No,1,No,No,478,62.0,480,0
LA01161,Road,Semi-Urban,Residential,76.5,8.0,14,,0,1.0,5,13,Yes,2,No,No,343,47.0,348,0
LA01162,Industrial,Semi-Urban,Commercial,106.03,9.0,11,3.0,0,2.0,3,14,No,4,No,No,503,65.0,641,1
LA01163,Housing,Urban,Residential,26.65,9.0,18,1.0,2,1.0,3,11,No,3,Yes,No,195,61.0,355,1
LA01164,Road,Semi-Urban,Mixed,39.82,5.0,11,3.0,0,1.0,3,9,No,2,No,Yes,322,100.0,462,1
LA01165,Road,Rural,Mixed,72.03,5.0,10,3.0,2,1.0,2,7,Yes,1,No,No,511,104.0,649,1
LA01166,Housing,Semi-Urban,Agricultural,111.83,8.0,11,1.0,1,1.0,3,14,No,3,No,No,426,74.0,680,1
LA01167,Housing,Semi-Urban,Residential,28.84,4.0,5,1.0,0,0.0,3,7,Yes,6,No,No,475,41.0,551,1
LA01168,Railway,Semi-Urban,Mixed,17.79,9.0,16,2.0,0,0.0,2,12,No,8,Yes,No,426,42.0,417,0
LA01169,Housing,Urban,Commercial,10.97,8.0,11,5.0,3,4.0,3,9,No,2,Yes,No,239,122.0,392,1
LA01170,Road,Semi-Urban,Mixed,7.19,12.0,15,1.0,0,1.0,4,16,No,1,No,No,262,61.0,292,1
LA01171,Railway,Rural,Residential,20.28,6.0,10,0.0,1,2.0,0,11,No,2,No,No,335,62.0,353,0
LA01172,Airport,Semi-Urban,Commercial,62.98,9.0,18,0.0,0,0.0,3,15,No,4,Yes,No,543,53.0,555,0
LA01173,Road,Semi-Urban,Mixed,65.4,7.0,11,4.0,1,1.0,3,7,No,6,Yes,No,375,64.0,501,1
LA01174,Airport,Semi-Urban,Mixed,45.1,7.0,14,0.0,2,4.0,0,8,No,6,No,No,618,76.0,676,1
LA01175,Railway,Semi-Urban,Agricultural,27.89,5.0,7,2.0,1,1.0,0,8,No,6,No,Yes,181,64.0,402,1
LA01176,Airport,Rural,Agricultural,46.55,9.0,13,1.0,0,2.0,3,14,Yes,2,No,No,434,48.0,439,0
LA01177,Railway,Rural,Agricultural,36.39,7.0,10,2.0,0,0.0,5,13,No,4,No,Yes,377,51.0,473,1
LA01178,Railway,Semi-Urban,Commercial,28.89,7.0,14,2.0,0,2.0,2,10,No,4,No,No,218,46.0,246,0
LA01179,Road,Semi-Urban,Mixed,43.68,13.0,20,0.0,0,0.0,2,15,No,5,Yes,No,273,42.0,364,1
LA01180,Road,Semi-Urban,Agricultural,,6.0,7,0.0,0,1.0,3,12,No,6,No,No,350,,452,1
LA01181,Airport,Urban,Residential,43.53,4.0,7,1.0,2,0.0,8,7,No,4,No,No,486,68.0,480,0
LA01182,Road,Semi-Urban,Residential,48.33,10.0,15,0.0,4,2.0,0,16,No,2,No,No,155,112.0,336,1
LA01183,Road,Rural,Commercial,56.46,13.0,18,1.0,0,1.0,2,18,No,5,No,No,381,37.0,397,0
LA01184,Road,Semi-Urban,Mixed,8.58,6.0,9,0.0,1,0.0,4,10,No,5,No,No,223,45.0,244,0
LA01185,Road,Urban,Residential,75.73,7.0,17,2.0,3,2.0,2,11,Yes,2,No,No,358,58.0,551,1
LA01186,Housing,Rural,Agricultural,33.07,,19,1.0,0,2.0,4,16,Yes,3,No,No,472,68.0,670,1
LA01187,Railway,Rural,Mixed,106.78,12.0,17,1.0,2,0.0,2,16,No,3,No,No,240,73.0,236,0
LA01188,Housing,Urban,Agricultural,63.25,10.0,13,3.0,1,0.0,2,14,No,2,No,Yes,363,51.0,466,1
LA01189,Road,Semi-Urban,Residential,18.21,9.0,14,0.0,1,0.0,5,11,Yes,6,No,No,386,43.0,529,1
LA01190,Industrial,Semi-Urban,Agricultural,51.71,8.0,14,2.0,1,4.0,2,15,No,5,,No,184,75.0,273,1
LA01191,Railway,Rural,Agricultural,72.19,8.0,10,0.0,1,0.0,4,15,Yes,5,No,No,262,70.0,291,0
LA01192,Railway,Urban,Residential,29.95,5.0,11,0.0,2,1.0,5,10,No,3,No,No,389,108.0,540,1
LA01193,Housing,Urban,Commercial,17.12,7.0,9,2.0,1,0.0,3,9,Yes,4,No,No,268,38.0,272,0
LA01194,Housing,Semi-Urban,Agricultural,14.83,10.0,13,1.0,1,0.0,2,15,No,6,Yes,No,536,36.0,522,0
LA01195,Housing,Urban,Commercial,10.67,8.0,12,1.0,0,0.0,2,11,No,2,No,No,298,48.0,306,0
LA01196,Road,Semi-Urban,Commercial,4.93,4.0,13,1.0,3,2.0,3,10,No,8,Yes,No,454,65.0,648,1
LA01197,Road,Rural,Residential,33.54,5.0,9,2.0,0,4.0,4,7,No,4,No,No,572,71.0,556,0
LA01198,Industrial,Urban,Residential,15.48,10.0,13,0.0,0,1.0,1,14,No,2,No,No,346,60.0,360,0
LA01199,Road,Semi-Urban,Residential,21.91,11.0,15,3.0,0,2.0,2,12,No,4,No,Yes,526,48.0,530,0
LA01200,Airport,Rural,Residential,108.39,8.0,10,1.0,1,0.0,4,12,No,10,No,No,246,,375,1
LA01201,Industrial,Semi-Urban,Commercial,48.48,8.0,14,0.0,0,1.0,4,11,Yes,4,No,No,370,,365,0
LA01202,Industrial,Semi-Urban,Residential,17.77,7.0,13,2.0,0,0.0,3,11,No,4,Yes,No,422,35.0,405,0
LA01203,Housing,Semi-Urban,Commercial,140.46,7.0,12,2.0,1,2.0,2,10,Yes,5,No,No,476,49.0,599,1
LA01204,Airport,Urban,Residential,43.3,5.0,9,0.0,0,2.0,2,13,No,4,No,No,403,15.0,486,1
LA01205,Road,Urban,Residential,132.74,9.0,11,2.0,1,0.0,4,12,No,3,Yes,Yes,229,83.0,286,1
LA01206,Road,Semi-Urban,Residential,92.27,8.0,12,1.0,0,1.0,1,12,No,5,No,No,314,84.0,311,0
LA01207,Industrial,Semi-Urban,Agricultural,44.34,10.0,14,0.0,2,0.0,2,16,Yes,3,Yes,No,225,73.0,284,1
LA01208,Railway,Urban,Commercial,33.34,8.0,10,0.0,1,3.0,4,10,No,3,No,Yes,370,94.0,451,1
LA01209,Road,Urban,Mixed,62.41,7.0,13,3.0,1,3.0,1,12,Yes,6,No,No,345,63.0,513,1
LA01210,Railway,Rural,Residential,41.75,12.0,18,1.0,0,0.0,2,18,No,7,No,No,396,60.0,407,0
LA01211,Airport,Urban,Commercial,25.33,8.0,14,1.0,1,0.0,8,12,No,3,Yes,No,446,57.0,494,1
LA01212,Housing,Rural,Mixed,24.15,9.0,14,0.0,1,0.0,1,12,No,5,No,No,192,32.0,206,0
LA01213,Industrial,Semi-Urban,Agricultural,69.06,8.0,13,4.0,2,0.0,6,11,No,3,Yes,No,466,66.0,555,1
LA01214,Railway,Semi-Urban,Residential,17.73,7.0,10,1.0,1,0.0,3,9,Yes,2,Yes,Yes,203,56.0,287,1
LA01215,Road,Urban,Residential,68.42,5.0,11,3.0,1,0.0,2,10,Yes,3,No,No,446,59.0,613,1
LA01216,Railway,Urban,Residential,37.09,12.0,20,0.0,3,1.0,2,18,No,5,Yes,No,227,36.0,302,1
LA01217,Road,Semi-Urban,Mixed,8.93,9.0,12,0.0,2,1.0,1,13,Yes,4,No,Yes,328,92.0,392,1
LA01218,Industrial,Semi-Urban,Agricultural,72.03,10.0,11,1.0,1,4.0,2,16,No,5,No,No,610,61.0,719,1
LA01219,Industrial,Urban,Agricultural,18.12,8.0,15,2.0,0,1.0,1,16,Yes,3,No,No,358,72.0,500,1
LA01220,Road,Semi-Urban,Mixed,20.16,6.0,11,3.0,2,0.0,2,12,Yes,3,No,Yes,337,91.0,424,1
LA01221,Road,Semi-Urban,Agricultural,30.99,8.0,11,0.0,2,1.0,2,14,Yes,4,No,No,217,67.0,276,1
LA01222,Road,Urban,Commercial,34.72,12.0,21,1.0,0,1.0,1,15,No,5,Yes,No,291,62.0,389,1
LA01223,Housing,Semi-Urban,Residential,44.54,7.0,13,0.0,1,2.0,3,13,Yes,3,No,No,409,58.0,404,0
LA01224,Industrial,Urban,Agricultural,69.6,11.0,14,3.0,0,0.0,3,13,No,5,,No,196,58.0,342,1
LA01225,Road,Semi-Urban,Residential,68.09,9.0,12,3.0,0,1.0,2,14,No,9,No,No,400,69.0,378,0
LA01226,Housing,Urban,Residential,23.58,9.0,12,4.0,2,2.0,2,15,No,5,No,No,260,89.0,497,1
LA01227,Railway,Semi-Urban,Residential,24.18,5.0,9,1.0,1,0.0,3,6,No,5,No,No,369,54.0,364,0
LA01228,Railway,Urban,Commercial,64.77,8.0,15,1.0,0,0.0,6,9,No,1,,No,439,69.0,428,0
LA01229,Housing,Semi-Urban,Commercial,15.58,6.0,7,0.0,1,2.0,0,11,No,3,No,Yes,353,50.0,373,0
LA01230,Road,Semi-Urban,Commercial,37.07,9.0,13,0.0,1,1.0,4,16,No,3,No,No,361,56.0,368,0
LA01231,Road,Rural,Residential,87.93,5.0,11,1.0,2,2.0,4,13,Yes,4,No,Yes,462,76.0,568,1
LA01232,Industrial,Semi-Urban,Mixed,26.35,6.0,11,1.0,1,3.0,1,7,No,4,No,Yes,140,82.0,148,0
LA01233,Road,Rural,Residential,10.51,8.0,12,0.0,0,3.0,7,10,No,2,No,No,484,22.0,458,0
LA01234,Industrial,Urban,Mixed,18.12,8.0,12,0.0,3,2.0,1,12,No,4,Yes,No,184,68.0,178,0
LA01235,Road,Semi-Urban,Commercial,19.08,8.0,10,0.0,2,1.0,6,10,No,5,No,No,338,79.0,304,0
LA01236,Road,Urban,Agricultural,16.9,7.0,11,0.0,0,2.0,0,16,No,5,No,No,288,30.0,267,0
LA01237,Road,Semi-Urban,Agricultural,29.92,9.0,13,2.0,0,1.0,1,14,No,3,,No,321,77.0,554,1
LA01238,Railway,Semi-Urban,Mixed,131.09,12.0,16,0.0,0,1.0,3,15,No,6,No,Yes,405,68.0,497,1
LA01239,Road,Rural,Commercial,50.78,,6,4.0,1,2.0,0,5,No,6,Yes,No,357,71.0,391,0
LA01240,Road,Semi-Urban,Residential,32.08,7.0,12,3.0,0,1.0,5,9,No,3,No,No,364,116.0,363,0
LA01241,Housing,Semi-Urban,Mixed,34.11,4.0,4,1.0,0,1.0,7,6,Yes,5,No,Yes,212,56.0,176,0
LA01242,Road,Urban,Residential,21.14,5.0,7,0.0,2,1.0,4,8,No,5,No,No,286,74.0,281,0
LA01243,Railway,Urban,Agricultural,34.02,7.0,7,1.0,0,3.0,3,8,No,3,No,No,408,67.0,490,1
LA01244,Road,Rural,Commercial,85.46,5.0,10,1.0,0,0.0,2,7,No,8,No,No,456,40.0,463,0
LA01245,Railway,Urban,Mixed,,10.0,13,2.0,1,2.0,5,13,Yes,1,No,No,489,85.0,564,1
LA01246,Road,Urban,Agricultural,67.81,5.0,10,0.0,2,2.0,2,6,No,3,No,No,580,112.0,593,0
LA01247,Industrial,Rural,Residential,61.99,7.0,9,2.0,1,1.0,2,11,No,4,Yes,No,357,61.0,375,0
LA01248,Road,Rural,Agricultural,127.28,5.0,7,1.0,0,2.0,3,8,No,3,No,No,418,55.0,414,0
LA01249,Housing,Semi-Urban,Residential,61.25,,12,1.0,1,0.0,3,14,Yes,4,Yes,No,429,52.0,516,1
LA01250,Housing,Semi-Urban,Agricultural,121.75,6.0,9,2.0,2,1.0,3,13,Yes,6,No,No,479,88.0,459,0
LA01251,Road,Rural,Agricultural,71.17,8.0,11,0.0,1,1.0,4,14,No,4,No,No,392,52.0,398,0
LA01252,Road,Urban,Mixed,44.56,5.0,7,0.0,2,1.0,5,11,No,4,No,No,627,48.0,728,1
LA01253,Road,Semi-Urban,Residential,19.72,13.0,17,1.0,0,1.0,3,19,No,5,No,Yes,351,48.0,434,1
LA01254,Industrial,Semi-Urban,Residential,67.55,5.0,6,1.0,2,,4,8,No,4,No,Yes,319,87.0,323,0
LA01255,Road,Rural,Agricultural,71.35,8.0,16,2.0,0,0.0,5,16,No,4,No,No,252,30.0,257,0
LA01256,Housing,Rural,Residential,72.6,10.0,15,0.0,1,0.0,0,11,No,5,No,No,339,54.0,348,0
LA01257,Airport,Semi-Urban,Residential,2.13,7.0,11,1.0,3,1.0,4,11,No,4,No,Yes,338,42.0,456,1
LA01258,Housing,Urban,Agricultural,25.84,9.0,12,2.0,2,2.0,4,11,Yes,4,No,No,340,55.0,351,0
LA01259,Railway,Semi-Urban,Agricultural,50.34,10.0,14,3.0,0,0.0,1,15,Yes,2,No,No,403,57.0,554,1
LA01260,Housing,Urban,Residential,27.34,8.0,14,1.0,0,1.0,1,10,Yes,3,No,No,275,55.0,242,0
LA01261,Road,Rural,Agricultural,24.04,8.0,10,0.0,0,0.0,0,13,Yes,2,Yes,No,240,92.0,333,1
LA01262,Railway,Urban,Mixed,21.07,7.0,10,2.0,1,4.0,0,11,Yes,4,No,No,307,60.0,428,1
LA01263,Road,Urban,Agricultural,9.19,5.0,10,1.0,0,1.0,1,10,Yes,2,No,Yes,254,76.0,371,1
LA01264,Housing,Rural,Residential,48.52,9.0,11,2.0,1,3.0,2,13,No,4,Yes,No,459,85.0,456,0
LA01265,Industrial,Semi-Urban,Residential,22.77,9.0,10,1.0,0,0.0,3,13,No,4,Yes,Yes,372,50.0,373,0
LA01266,Housing,Rural,Residential,,8.0,13,3.0,0,1.0,2,13,No,5,Yes,No,296,88.0,312,0
LA01267,Road,Urban,Agricultural,32.08,9.0,13,0.0,1,2.0,1,13,No,2,No,No,493,61.0,477,0
LA01268,Housing,Rural,Commercial,53.97,8.0,11,2.0,0,0.0,2,12,No,2,No,No,298,69.0,372,1
LA01269,Railway,Urban,Residential,43.73,6.0,9,1.0,1,1.0,4,10,Yes,5,No,No,418,64.0,437,0
LA01270,Railway,Urban,Residential,42.33,9.0,12,2.0,6,2.0,2,15,Yes,4,No,No,612,91.0,762,1
LA01271,Housing,Semi-Urban,Agricultural,4.09,8.0,11,0.0,1,2.0,2,19,No,3,No,No,363,103.0,428,1
LA01272,Railway,Urban,Agricultural,,,16,1.0,1,0.0,2,17,Yes,4,Yes,No,476,101.0,580,1
LA01273,Railway,Semi-Urban,Mixed,102.64,7.0,10,0.0,1,0.0,0,11,No,4,No,No,285,69.0,275,0
LA01274,Industrial,Urban,Residential,41.52,6.0,11,0.0,0,0.0,3,10,Yes,4,No,No,368,80.0,358,0
LA01275,Road,Urban,Residential,15.11,6.0,11,0.0,1,1.0,4,8,No,8,No,No,393,78.0,380,0
LA01276,Road,Rural,Agricultural,24.53,9.0,13,2.0,1,0.0,2,17,Yes,1,Yes,No,380,50.0,535,1
LA01277,Road,Urban,Residential,15.7,9.0,11,1.0,1,1.0,0,14,No,4,No,No,259,56.0,229,0
LA01278,Road,Semi-Urban,Residential,94.98,10.0,12,1.0,0,1.0,0,14,Yes,5,No,No,292,108.0,286,0
LA01279,Housing,Rural,Agricultural,26.28,7.0,11,2.0,0,3.0,6,12,Yes,5,No,No,258,101.0,237,0
LA01280,Industrial,Urban,Agricultural,42.87,6.0,9,1.0,2,0.0,3,7,No,2,No,No,407,38.0,392,0
LA01281,Railway,Rural,Residential,31.13,4.0,9,1.0,2,3.0,3,8,No,4,No,Yes,286,84.0,384,1
LA01282,Railway,Urban,Commercial,52.29,10.0,16,2.0,2,1.0,3,12,No,7,No,Yes,333,86.0,420,1
LA01283,Railway,Semi-Urban,Agricultural,18.68,11.0,12,2.0,0,1.0,5,16,No,1,Yes,No,241,52.0,243,0
LA01284,Industrial,Urban,Residential,41.7,11.0,18,0.0,1,1.0,4,15,No,4,No,No,306,,390,1
LA01285,Housing,Rural,Mixed,26.47,11.0,15,1.0,2,0.0,1,16,Yes,1,Yes,No,506,54.0,503,0
LA01286,Housing,Semi-Urban,Residential,74.71,11.0,16,1.0,2,3.0,1,15,No,3,No,No,314,77.0,435,1
LA01287,Railway,Semi-Urban,Mixed,4.59,7.0,8,3.0,0,2.0,4,9,Yes,4,No,Yes,193,69.0,285,1
LA01288,Road,Rural,Mixed,28.72,10.0,15,2.0,3,1.0,3,17,Yes,3,Yes,No,478,94.0,577,1
LA01289,Railway,Urban,Agricultural,70.08,3.0,6,1.0,3,1.0,1,5,No,3,No,Yes,450,53.0,454,0
LA01290,Industrial,Rural,Residential,64.79,,15,4.0,1,2.0,3,17,Yes,6,No,Yes,456,87.0,610,1
LA01291,Railway,Rural,Mixed,9.85,6.0,15,0.0,0,2.0,3,11,No,4,Yes,No,424,72.0,503,1
LA01292,Industrial,Rural,Agricultural,60.15,7.0,14,2.0,1,2.0,2,15,No,2,Yes,No,447,48.0,625,1
LA01293,Industrial,Rural,Residential,17.28,12.0,13,2.0,1,1.0,2,16,No,4,Yes,No,240,107.0,320,1
LA01294,Road,Rural,Agricultural,21.67,7.0,13,0.0,2,0.0,5,12,Yes,7,Yes,Yes,353,55.0,409,1
LA01295,Road,Urban,Agricultural,67.58,12.0,16,4.0,1,0.0,3,15,No,5,Yes,No,374,32.0,486,1
LA01296,Railway,Rural,Mixed,28.27,9.0,14,0.0,2,,3,9,No,6,No,No,510,73.0,583,1
LA01297,Road,Rural,Commercial,9.23,9.0,10,1.0,0,2.0,2,10,No,4,No,No,217,93.0,220,0
LA01298,Road,Semi-Urban,Mixed,13.84,8.0,13,1.0,0,2.0,5,11,Yes,3,No,Yes,221,43.0,229,0
LA01299,Airport,Urban,Commercial,37.39,6.0,12,1.0,0,0.0,1,8,No,4,No,No,387,36.0,396,0
LA01300,Railway,Rural,Commercial,27.58,8.0,14,0.0,1,1.0,4,10,No,4,No,No,364,40.0,345,0
LA01301,Road,Urban,Agricultural,27.19,8.0,13,2.0,1,0.0,3,14,Yes,7,No,No,485,37.0,486,0
LA01302,Industrial,Semi-Urban,Mixed,51.67,4.0,6,1.0,3,2.0,2,7,No,2,No,No,331,78.0,440,1
LA01303,Airport,Semi-Urban,Mixed,45.48,5.0,8,0.0,1,4.0,4,9,No,5,No,No,286,123.0,290,0
LA01304,Road,Urban,Mixed,29.08,5.0,8,2.0,2,0.0,1,8,No,8,Yes,No,423,72.0,554,1
LA01305,Housing,Rural,Mixed,65.51,6.0,9,1.0,0,3.0,2,10,No,6,No,No,311,50.0,470,1
LA01306,Housing,Urban,Agricultural,51.97,6.0,10,0.0,1,3.0,0,12,Yes,7,No,No,300,85.0,295,0
LA01307,Industrial,Semi-Urban,Residential,43.62,8.0,11,1.0,1,0.0,2,13,No,3,No,No,308,52.0,374,1
LA01308,Industrial,Rural,Mixed,24.37,10.0,12,0.0,1,1.0,4,15,No,2,No,No,505,37.0,592,1
LA01309,Road,Urban,Residential,72.39,8.0,12,,1,1.0,1,10,Yes,2,No,No,429,89.0,575,1
LA01310,Housing,Rural,Residential,26.95,12.0,15,3.0,1,1.0,5,18,No,4,No,No,318,119.0,367,0
LA01311,Railway,Urban,Agricultural,28.83,5.0,8,2.0,1,0.0,8,7,No,3,No,Yes,510,90.0,642,1
LA01312,Housing,Rural,Agricultural,96.36,10.0,14,2.0,1,,1,15,No,2,No,Yes,406,50.0,409,0
LA01313,Industrial,Rural,Agricultural,18.06,14.0,16,4.0,0,2.0,2,15,No,5,No,No,298,61.0,295,0
LA01314,Road,Urban,Residential,17.86,8.0,10,2.0,1,1.0,4,17,Yes,4,No,No,377,77.0,374,0
LA01315,Road,Semi-Urban,Residential,29.66,6.0,11,1.0,1,2.0,0,11,No,2,Yes,No,457,65.0,555,1
LA01316,Industrial,Semi-Urban,Residential,15.0,4.0,9,2.0,0,2.0,6,8,No,8,No,No,274,87.0,290,0
LA01317,Industrial,Semi-Urban,Agricultural,15.33,13.0,16,4.0,0,1.0,2,15,No,5,No,No,391,,571,1
LA01318,Road,Rural,Residential,94.57,12.0,16,1.0,0,0.0,3,15,No,8,Yes,No,237,62.0,283,1
LA01319,Airport,Semi-Urban,Commercial,29.31,6.0,9,0.0,1,2.0,2,11,No,4,No,No,499,39.0,518,0
LA01320,Housing,Semi-Urban,Residential,44.62,7.0,10,3.0,3,0.0,3,14,Yes,4,No,Yes,315,110.0,410,1
LA01321,Railway,Urban,Agricultural,10.74,10.0,14,2.0,2,2.0,6,14,Yes,4,No,No,404,87.0,478,1
LA01322,Railway,Semi-Urban,Agricultural,16.81,10.0,13,2.0,1,4.0,2,15,No,4,No,No,383,96.0,494,1
LA01323,Road,Rural,Agricultural,103.0,8.0,12,1.0,5,,2,16,No,2,No,No,504,89.0,692,1
LA01324,Airport,Urban,Mixed,15.12,11.0,11,1.0,2,4.0,4,14,Yes,2,Yes,No,333,66.0,429,1
LA01325,Road,Semi-Urban,Residential,45.59,9.0,10,1.0,3,3.0,2,15,No,5,No,No,362,,496,1
LA01326,Housing,Urban,Agricultural,1.89,10.0,15,0.0,1,0.0,4,14,No,2,No,No,454,81.0,472,0
LA01327,Railway,Rural,Commercial,10.01,9.0,12,1.0,2,,4,12,No,5,Yes,No,581,52.0,537,0
LA01328,Industrial,Semi-Urban,Residential,28.97,4.0,5,,1,1.0,3,11,Yes,4,Yes,No,456,62.0,566,1
LA01329,Road,Semi-Urban,Mixed,64.2,7.0,9,1.0,2,1.0,2,9,No,5,Yes,No,417,104.0,482,1
LA01330,Road,Urban,Mixed,35.92,12.0,15,1.0,4,1.0,6,13,No,4,No,No,384,52.0,532,1
LA01331,Airport,Semi-Urban,Commercial,30.9,8.0,14,1.0,0,3.0,1,12,No,5,Yes,No,201,78.0,210,0
LA01332,Railway,Rural,Mixed,54.82,12.0,14,1.0,1,2.0,8,14,No,7,Yes,Yes,280,86.0,341,1
LA01333,Railway,Semi-Urban,Agricultural,41.27,4.0,11,0.0,0,0.0,1,7,No,5,Yes,Yes,357,29.0,353,0
LA01334,Housing,Semi-Urban,Agricultural,7.64,6.0,7,2.0,2,4.0,2,8,No,2,No,Yes,511,69.0,520,0
LA01335,Housing,Rural,Residential,34.26,10.0,13,1.0,2,1.0,3,13,No,2,No,No,219,85.0,329,1
LA01336,Housing,Semi-Urban,Residential,24.77,10.0,14,2.0,0,2.0,3,14,No,4,No,No,359,69.0,378,0
LA01337,Road,Semi-Urban,Residential,30.07,4.0,5,1.0,1,1.0,4,8,No,4,Yes,Yes,171,84.0,239,1
LA01338,Industrial,Urban,Agricultural,24.23,5.0,8,2.0,0,2.0,1,8,Yes,2,Yes,No,352,67.0,418,1
LA01339,Housing,Urban,Agricultural,34.59,8.0,11,0.0,2,1.0,1,15,Yes,2,Yes,Yes,248,60.0,324,1
LA01340,Railway,Rural,Residential,46.67,11.0,14,2.0,2,2.0,3,17,No,3,Yes,No,345,80.0,448,1
LA01341,Road,Rural,Commercial,11.97,8.0,13,1.0,2,3.0,2,11,No,6,No,No,160,85.0,157,0
LA01342,Housing,Rural,Residential,20.49,6.0,12,1.0,0,2.0,5,9,Yes,4,Yes,No,248,80.0,342,1
LA01343,Railway,Rural,Agricultural,53.63,8.0,15,1.0,1,1.0,4,13,Yes,1,No,No,438,82.0,495,1
LA01344,Industrial,Semi-Urban,Residential,58.21,10.0,19,1.0,0,0.0,2,13,No,3,No,No,332,72.0,381,1
LA01345,Housing,Urban,Commercial,86.02,9.0,22,4.0,1,1.0,1,18,No,5,Yes,No,356,73.0,342,0
LA01346,Industrial,Semi-Urban,Agricultural,36.44,10.0,13,1.0,0,3.0,2,20,Yes,5,Yes,Yes,370,67.0,452,1
LA01347,Railway,Rural,Commercial,19.57,11.0,14,3.0,0,0.0,1,19,Yes,3,No,No,368,77.0,375,0
LA01348,Railway,Rural,Residential,20.78,8.0,11,5.0,0,0.0,0,10,No,2,Yes,No,294,47.0,306,0
LA01349,Railway,Semi-Urban,Agricultural,35.61,5.0,6,0.0,0,2.0,0,8,Yes,4,No,No,493,23.0,475,0
LA01350,Road,Semi-Urban,Mixed,16.76,10.0,17,0.0,0,2.0,3,15,Yes,4,No,Yes,589,56.0,558,0
LA01351,Airport,Rural,Residential,82.23,9.0,13,2.0,1,2.0,2,19,No,5,No,No,293,99.0,306,0
LA01352,Housing,Rural,Agricultural,24.1,8.0,15,4.0,1,1.0,7,13,No,5,No,Yes,403,90.0,429,0
LA01353,Road,Rural,Residential,74.86,8.0,15,0.0,0,2.0,5,10,No,5,No,No,445,90.0,501,1
LA01354,Road,Semi-Urban,Residential,14.98,,20,1.0,0,1.0,4,16,No,5,Yes,Yes,419,55.0,461,1
LA01355,Housing,Urban,Agricultural,30.16,11.0,14,1.0,2,1.0,3,14,No,5,No,Yes,409,92.0,459,1
LA01356,Road,Semi-Urban,Residential,26.88,,10,1.0,0,1.0,2,7,Yes,4,Yes,No,374,62.0,398,0
LA01357,Railway,Urban,Agricultural,10.46,12.0,13,4.0,0,2.0,2,15,No,1,Yes,Yes,375,48.0,488,1
LA01358,Railway,Rural,Mixed,28.46,3.0,9,1.0,3,0.0,1,8,No,5,No,No,354,49.0,342,0
LA01359,Industrial,Semi-Urban,Residential,41.17,8.0,12,1.0,1,2.0,3,11,No,3,No,No,476,51.0,464,0
LA01360,Road,Semi-Urban,Residential,4.22,9.0,15,1.0,1,,3,16,No,3,No,Yes,310,60.0,321,0
LA01361,Industrial,Urban,Mixed,49.64,10.0,19,2.0,0,3.0,5,14,No,4,Yes,No,247,98.0,319,1
LA01362,Railway,Semi-Urban,Agricultural,43.64,8.0,11,1.0,1,0.0,5,14,No,5,No,No,293,53.0,280,0
LA01363,Industrial,Semi-Urban,Mixed,34.01,7.0,13,2.0,1,1.0,3,7,No,1,No,No,470,56.0,460,0
LA01364,Road,Urban,Agricultural,56.48,9.0,11,0.0,3,0.0,6,14,Yes,3,No,No,273,96.0,441,1
LA01365,Railway,Rural,Commercial,59.08,6.0,12,2.0,2,0.0,5,9,Yes,2,No,Yes,465,99.0,605,1
LA01366,Railway,Semi-Urban,Mixed,150.0,10.0,12,1.0,0,1.0,4,13,No,4,No,No,387,62.0,395,0
LA01367,Road,Semi-Urban,Residential,9.98,9.0,15,0.0,1,2.0,5,10,No,10,Yes,No,350,67.0,355,0
LA01368,Road,Urban,Mixed,90.12,7.0,11,0.0,2,3.0,1,12,No,3,No,No,339,61.0,343,0
LA01369,Road,Semi-Urban,Commercial,66.34,8.0,10,3.0,0,1.0,2,12,No,3,Yes,No,374,69.0,382,0
LA01370,Road,Rural,Mixed,43.61,7.0,9,3.0,2,0.0,2,12,No,3,Yes,No,436,44.0,550,1
LA01371,Road,Rural,Residential,15.23,12.0,16,0.0,0,1.0,5,17,Yes,3,No,No,320,83.0,391,1
LA01372,Housing,Urban,Agricultural,25.43,5.0,13,0.0,1,0.0,6,16,No,7,No,No,248,48.0,260,0
LA01373,Railway,Rural,Residential,22.75,9.0,15,0.0,1,2.0,2,18,No,5,No,No,508,48.0,609,1
LA01374,Housing,Rural,Mixed,31.52,10.0,13,1.0,1,0.0,3,11,No,3,Yes,No,538,61.0,640,1
LA01375,Housing,Urban,Residential,55.01,10.0,14,,0,2.0,2,13,No,7,No,No,452,65.0,588,1
LA01376,Road,Urban,Residential,79.34,8.0,11,2.0,2,0.0,1,14,No,5,Yes,No,406,97.0,485,1
LA01377,Industrial,Urban,Mixed,,5.0,7,1.0,2,4.0,6,8,No,6,No,No,427,107.0,569,1
LA01378,Housing,Rural,Agricultural,25.58,8.0,14,2.0,2,0.0,2,12,Yes,2,No,No,290,50.0,473,1
LA01379,Industrial,Urban,Agricultural,38.94,9.0,12,3.0,1,0.0,1,14,No,5,Yes,No,332,57.0,444,1
LA01380,Railway,Semi-Urban,Residential,17.71,8.0,13,2.0,1,2.0,1,15,Yes,2,No,No,589,73.0,675,1
LA01381,Railway,Rural,Commercial,68.35,5.0,7,0.0,1,1.0,1,14,Yes,3,No,No,260,87.0,253,0
LA01382,Road,Rural,Residential,45.55,16.0,23,1.0,0,1.0,4,19,No,3,No,Yes,392,81.0,391,0
LA01383,Railway,Semi-Urban,Agricultural,29.43,9.0,18,0.0,0,3.0,0,14,No,5,No,Yes,333,52.0,408,1
LA01384,Housing,Rural,Agricultural,9.4,10.0,15,3.0,3,0.0,6,15,Yes,6,No,No,357,59.0,329,0
LA01385,Housing,Urban,Agricultural,39.33,5.0,9,,0,2.0,5,16,No,6,No,No,317,69.0,304,0
LA01386,Road,Rural,Residential,42.25,5.0,7,1.0,4,2.0,6,10,No,4,Yes,Yes,317,65.0,460,1
LA01387,Airport,Urban,Residential,6.88,3.0,10,1.0,0,0.0,4,5,No,5,No,No,221,28.0,222,0
LA01388,Road,Urban,Commercial,12.14,9.0,12,1.0,1,0.0,1,13,No,7,No,No,415,54.0,396,0
LA01389,Housing,Rural,Residential,38.65,11.0,14,3.0,0,2.0,4,13,No,2,No,No,326,61.0,291,0
LA01390,Road,Urban,Residential,100.91,10.0,15,0.0,0,0.0,5,13,Yes,3,Yes,No,375,56.0,477,1
LA01391,Housing,Urban,Agricultural,73.07,6.0,8,,1,3.0,0,12,Yes,2,No,No,437,91.0,572,1
LA01392,Housing,Semi-Urban,Agricultural,30.04,11.0,13,1.0,0,1.0,1,15,No,2,No,No,250,40.0,298,1
LA01393,Road,Urban,Commercial,26.8,9.0,11,1.0,3,0.0,4,12,No,3,No,Yes,328,58.0,335,0
LA01394,Road,Urban,Agricultural,20.01,4.0,7,1.0,0,1.0,3,7,No,3,No,No,281,27.0,417,1
LA01395,Housing,Semi-Urban,Mixed,18.39,7.0,10,0.0,1,1.0,3,11,Yes,3,Yes,Yes,365,53.0,386,0
LA01396,Road,Rural,Commercial,28.28,6.0,10,0.0,2,0.0,5,10,No,5,No,Yes,365,79.0,372,0
LA01397,Railway,Rural,Mixed,120.34,5.0,14,0.0,1,1.0,5,10,No,3,Yes,No,348,60.0,477,1
LA01398,Housing,Urban,Commercial,26.65,12.0,13,0.0,0,4.0,3,14,No,5,No,No,533,90.0,648,1
LA01399,Industrial,Semi-Urban,Residential,34.62,9.0,16,,2,0.0,3,13,No,5,No,No,431,44.0,426,0
LA01400,Railway,Rural,Mixed,12.91,7.0,12,1.0,1,2.0,2,10,Yes,2,No,No,226,57.0,221,0
LA01401,Railway,Urban,Mixed,50.93,7.0,12,2.0,0,2.0,2,13,No,2,Yes,No,385,17.0,517,1
LA01402,Road,Urban,Agricultural,34.19,11.0,14,2.0,2,1.0,3,16,Yes,4,No,Yes,212,101.0,382,1
LA01403,Housing,Urban,Residential,25.48,8.0,10,1.0,1,2.0,2,10,Yes,7,No,Yes,405,69.0,400,0
LA01404,Road,Semi-Urban,Residential,15.68,10.0,14,0.0,2,2.0,4,12,Yes,7,No,Yes,263,81.0,289,0
LA01405,Road,Urban,Commercial,19.12,7.0,13,1.0,2,1.0,4,9,Yes,5,No,No,301,60.0,414,1
LA01406,Road,Rural,Agricultural,24.21,6.0,10,0.0,1,0.0,3,9,No,5,No,No,392,24.0,402,0
LA01407,Housing,Rural,Commercial,25.39,4.0,5,1.0,2,2.0,1,9,No,4,Yes,Yes,227,60.0,236,0
LA01408,Road,Urban,Agricultural,15.55,9.0,12,3.0,1,0.0,2,14,No,3,No,Yes,426,55.0,433,0
LA01409,Housing,Semi-Urban,Agricultural,31.94,6.0,11,1.0,2,4.0,3,11,No,2,No,Yes,322,101.0,445,1
LA01410,Airport,Urban,Residential,39.97,7.0,9,0.0,1,1.0,2,10,No,2,No,No,281,28.0,280,0
LA01411,Housing,Urban,Residential,57.12,10.0,16,1.0,2,0.0,0,15,Yes,3,No,No,311,67.0,482,1
LA01412,Housing,Rural,Residential,97.35,9.0,17,1.0,1,0.0,1,12,Yes,4,Yes,No,279,91.0,290,0
LA01413,Housing,Semi-Urban,Mixed,6.71,10.0,18,2.0,0,0.0,3,15,No,5,No,Yes,277,33.0,403,1
LA01414,Housing,Rural,Agricultural,44.19,10.0,13,0.0,1,0.0,0,11,No,5,No,Yes,375,33.0,383,0
LA01415,Road,Semi-Urban,Mixed,27.61,9.0,9,1.0,1,1.0,5,16,No,3,Yes,No,544,63.0,535,0
LA01416,Airport,Urban,Commercial,4.86,11.0,17,2.0,2,2.0,3,17,Yes,1,Yes,Yes,427,98.0,593,1
LA01417,Railway,Semi-Urban,Mixed,21.16,7.0,10,2.0,0,1.0,4,9,No,4,No,No,297,68.0,305,0
LA01418,Railway,Urban,Agricultural,53.21,8.0,11,0.0,0,1.0,5,11,No,4,No,No,316,68.0,433,1
LA01419,Housing,Rural,Mixed,48.63,12.0,13,3.0,1,0.0,5,17,No,5,No,No,219,52.0,321,1
LA01420,Housing,Semi-Urban,Mixed,37.38,11.0,13,1.0,3,2.0,3,11,No,4,No,No,342,81.0,497,1
LA01421,Airport,Urban,Commercial,19.5,11.0,14,0.0,1,3.0,3,15,No,3,No,No,322,79.0,498,1
LA01422,Railway,Semi-Urban,Residential,81.25,11.0,13,3.0,0,1.0,3,14,No,2,No,No,303,38.0,348,0
LA01423,Railway,Semi-Urban,Commercial,13.98,5.0,10,0.0,1,4.0,1,8,Yes,4,Yes,No,421,115.0,516,1
LA01424,Railway,Rural,Residential,25.75,9.0,15,0.0,1,1.0,6,12,Yes,3,Yes,No,339,68.0,336,0
LA01425,Railway,Urban,Residential,29.32,11.0,17,2.0,0,0.0,2,16,No,2,No,No,398,18.0,405,0
LA01426,Railway,Urban,Commercial,32.4,7.0,10,,1,1.0,5,13,Yes,5,No,Yes,412,96.0,482,1
LA01427,Road,Urban,Mixed,134.74,8.0,11,1.0,3,3.0,6,11,Yes,2,No,No,371,93.0,539,1
LA01428,Road,Semi-Urban,Residential,92.22,6.0,8,1.0,1,,4,6,No,7,Yes,No,390,84.0,571,1
LA01429,Airport,Semi-Urban,Residential,47.58,5.0,8,2.0,1,1.0,7,8,Yes,4,No,Yes,354,97.0,486,1
LA01430,Railway,Urban,Mixed,34.37,6.0,9,2.0,1,4.0,4,12,No,5,No,No,451,85.0,450,0
LA01431,Housing,Semi-Urban,Residential,34.1,10.0,14,3.0,0,2.0,4,16,No,8,No,No,433,93.0,427,0
LA01432,Industrial,Semi-Urban,Residential,55.84,3.0,6,0.0,0,0.0,2,4,No,3,No,No,291,31.0,307,0
LA01433,Road,Urban,Commercial,71.37,9.0,11,3.0,1,1.0,3,12,No,3,No,No,495,98.0,623,1
LA01434,Road,Rural,Mixed,13.7,17.0,20,0.0,2,1.0,3,19,No,3,Yes,Yes,341,31.0,432,1
LA01435,Road,Semi-Urban,Agricultural,97.93,10.0,12,1.0,1,3.0,5,10,Yes,5,Yes,No,373,100.0,491,1
LA01436,Housing,Semi-Urban,Agricultural,46.0,9.0,13,1.0,2,1.0,1,13,No,4,No,No,407,69.0,384,0
LA01437,Road,Semi-Urban,Agricultural,22.68,7.0,14,1.0,0,0.0,3,8,No,5,No,No,468,78.0,465,0
LA01438,Railway,Urban,Residential,31.06,9.0,14,0.0,1,4.0,5,12,No,2,No,No,424,53.0,394,0
LA01439,Housing,Rural,Mixed,47.69,4.0,13,0.0,1,0.0,4,9,No,4,No,No,391,59.0,378,0
LA01440,Housing,Semi-Urban,Mixed,49.27,5.0,10,4.0,3,1.0,4,7,Yes,4,No,No,341,133.0,501,1
LA01441,Road,Semi-Urban,Agricultural,15.76,7.0,11,0.0,0,0.0,2,12,No,1,Yes,No,242,31.0,316,1
LA01442,Road,Rural,Residential,33.15,6.0,8,1.0,1,1.0,2,9,No,4,Yes,Yes,488,45.0,472,0
LA01443,Road,Rural,Residential,39.88,8.0,11,1.0,0,0.0,3,9,No,4,Yes,No,451,85.0,473,0
LA01444,Road,Rural,Residential,72.08,5.0,12,0.0,1,0.0,2,9,Yes,4,No,No,328,100.0,352,0
LA01445,Road,Urban,Residential,77.17,8.0,11,2.0,0,3.0,1,11,No,6,No,Yes,421,67.0,582,1
LA01446,Industrial,Urban,Residential,12.35,3.0,10,0.0,3,0.0,4,9,No,6,No,No,304,29.0,318,0
LA01447,Housing,Semi-Urban,Mixed,35.61,9.0,12,2.0,1,2.0,3,13,Yes,4,No,Yes,469,65.0,551,1
LA01448,Railway,Semi-Urban,Residential,21.76,10.0,15,1.0,0,3.0,2,13,No,2,Yes,No,503,38.0,591,1
LA01449,Industrial,Semi-Urban,Commercial,46.94,6.0,8,0.0,2,0.0,1,10,No,4,No,Yes,500,95.0,606,1
LA01450,Road,Rural,Agricultural,130.46,8.0,13,1.0,1,2.0,2,15,No,4,No,No,469,61.0,467,0
LA01451,Housing,Urban,Mixed,66.64,10.0,11,0.0,3,2.0,3,17,Yes,7,Yes,No,404,68.0,563,1
LA01452,Industrial,Urban,Mixed,49.8,12.0,16,1.0,2,1.0,4,15,No,6,No,No,494,71.0,560,1
LA01453,Housing,Semi-Urban,Agricultural,59.38,6.0,8,1.0,2,2.0,4,15,Yes,4,No,No,387,65.0,389,0
LA01454,Housing,Urban,Residential,88.02,5.0,10,3.0,2,1.0,2,10,No,2,No,No,132,65.0,111,0
LA01455,Road,Semi-Urban,Commercial,62.77,8.0,12,1.0,2,2.0,3,13,No,5,No,No,273,71.0,329,1
LA01456,Road,Rural,Residential,14.26,9.0,10,1.0,0,1.0,2,15,No,4,No,No,256,36.0,299,1
LA01457,Road,Semi-Urban,Residential,102.65,11.0,16,,0,2.0,3,14,No,3,No,No,381,27.0,498,1
LA01458,Railway,Rural,Residential,38.14,4.0,7,1.0,1,0.0,1,8,No,5,No,No,456,61.0,460,0
LA01459,Housing,Semi-Urban,Mixed,45.68,6.0,12,2.0,1,3.0,1,8,Yes,5,No,Yes,333,104.0,472,1
LA01460,Railway,Rural,Residential,77.11,12.0,13,1.0,1,3.0,4,19,No,2,No,Yes,400,50.0,401,0
LA01461,Airport,Urban,Agricultural,126.47,6.0,10,1.0,1,2.0,3,10,Yes,4,No,No,336,,321,0
LA01462,Railway,Rural,Agricultural,25.68,7.0,13,2.0,1,2.0,2,11,Yes,5,Yes,No,500,62.0,674,1
LA01463,Road,Rural,Commercial,74.39,9.0,10,2.0,4,3.0,2,14,No,6,Yes,No,374,91.0,492,1
LA01464,Road,Urban,Residential,24.5,,13,3.0,1,2.0,6,17,No,3,No,Yes,232,,203,0
LA01465,Industrial,Semi-Urban,Mixed,43.13,6.0,10,0.0,1,2.0,3,13,No,4,No,No,343,33.0,396,1
LA01466,Industrial,Rural,Commercial,10.5,8.0,12,1.0,0,,2,9,No,4,No,Yes,346,41.0,348,0
LA01467,Railway,Urban,Agricultural,24.6,5.0,7,0.0,2,3.0,5,10,No,4,Yes,No,358,61.0,448,1
LA01468,Road,Rural,Agricultural,41.64,7.0,11,0.0,4,0.0,6,8,No,5,No,No,306,67.0,411,1
LA01469,Airport,Rural,Mixed,51.63,17.0,17,1.0,1,1.0,3,20,Yes,3,No,No,439,88.0,523,1
LA01470,Road,Rural,Mixed,49.67,10.0,16,2.0,0,0.0,2,13,No,3,No,No,504,74.0,499,0
LA01471,Housing,Semi-Urban,Agricultural,68.29,7.0,12,2.0,2,1.0,4,12,No,2,No,Yes,320,54.0,493,1
LA01472,Road,Semi-Urban,Agricultural,27.39,5.0,11,2.0,2,0.0,2,8,No,3,,Yes,296,100.0,434,1
LA01473,Road,Rural,Residential,33.47,11.0,13,1.0,1,2.0,2,17,No,4,Yes,No,353,38.0,363,0
LA01474,Railway,Semi-Urban,Residential,34.65,7.0,10,,1,0.0,4,10,Yes,5,No,No,439,61.0,443,0
LA01475,Railway,Urban,Residential,28.91,11.0,17,0.0,0,1.0,1,14,No,2,No,No,262,44.0,243,0
LA01476,Railway,Urban,Residential,18.08,9.0,15,2.0,1,1.0,1,11,No,5,No,No,497,,496,0
LA01477,Railway,Rural,Residential,38.32,5.0,9,1.0,1,1.0,4,12,No,7,Yes,No,320,55.0,426,1
LA01478,Housing,Semi-Urban,Mixed,61.16,3.0,11,4.0,4,0.0,3,7,No,5,No,Yes,314,45.0,300,0
LA01479,Railway,Urban,Mixed,45.04,16.0,23,3.0,1,0.0,4,21,No,3,No,No,412,58.0,536,1
LA01480,Railway,Urban,Mixed,26.32,7.0,12,1.0,2,1.0,4,12,Yes,3,No,No,154,99.0,167,0
LA01481,Railway,Rural,Commercial,38.85,11.0,14,0.0,0,1.0,1,16,No,1,No,Yes,465,68.0,452,0
LA01482,Road,Semi-Urban,Commercial,25.13,6.0,12,0.0,1,1.0,3,9,No,3,Yes,Yes,612,43.0,786,1
LA01483,Industrial,Rural,Residential,52.5,11.0,14,2.0,0,0.0,3,14,No,5,No,No,545,47.0,534,0
LA01484,Road,Rural,Commercial,62.49,10.0,14,0.0,2,0.0,3,14,No,8,No,Yes,445,76.0,543,1
LA01485,Industrial,Rural,Residential,63.47,7.0,10,1.0,0,2.0,2,11,Yes,3,No,No,459,81.0,445,0
LA01486,Road,Rural,Agricultural,31.02,10.0,16,2.0,1,0.0,2,17,No,3,Yes,No,359,62.0,332,0
LA01487,Housing,Urban,Mixed,25.54,12.0,17,2.0,1,4.0,4,17,No,4,Yes,No,363,39.0,493,1
LA01488,Railway,Semi-Urban,Mixed,68.29,6.0,11,0.0,1,0.0,5,10,No,4,No,Yes,255,50.0,252,0
LA01489,Housing,Urban,Residential,29.33,7.0,9,2.0,1,1.0,2,14,Yes,5,No,Yes,309,75.0,457,1
LA01490,Railway,Rural,Commercial,38.41,3.0,5,4.0,1,1.0,1,8,No,3,No,No,279,79.0,470,1
LA01491,Road,Urban,Residential,44.72,4.0,6,2.0,0,0.0,1,6,No,2,Yes,No,429,44.0,417,0
LA01492,Housing,Semi-Urban,Residential,36.24,8.0,11,1.0,0,1.0,7,11,Yes,6,No,No,347,48.0,348,0
LA01493,Industrial,Rural,Residential,,5.0,11,3.0,2,1.0,4,8,Yes,4,No,No,334,95.0,462,1
LA01494,Airport,Urban,Residential,11.6,6.0,13,1.0,3,1.0,1,13,Yes,5,No,Yes,382,97.0,359,0
LA01495,Railway,Rural,Commercial,49.32,5.0,9,0.0,2,1.0,3,12,No,2,No,No,397,52.0,420,0
LA01496,Industrial,Urban,Agricultural,20.1,17.0,22,0.0,1,2.0,2,22,Yes,2,Yes,No,462,48.0,519,1
LA01497,Housing,Semi-Urban,Residential,27.04,8.0,11,2.0,3,1.0,4,13,No,6,Yes,No,231,57.0,485,1
LA01498,Industrial,Semi-Urban,Mixed,40.99,10.0,15,2.0,1,0.0,7,10,Yes,4,No,No,379,47.0,391,0
LA01499,Road,Semi-Urban,Agricultural,9.15,10.0,13,0.0,2,2.0,8,13,No,7,Yes,No,473,64.0,458,0
LA01500,Industrial,Semi-Urban,Agricultural,32.24,6.0,11,0.0,3,0.0,2,8,No,9,No,No,459,62.0,428,0
LA01501,Industrial,Rural,Agricultural,28.44,7.0,13,2.0,2,0.0,3,14,No,2,Yes,Yes,574,62.0,720,1
LA01502,Housing,Urban,Agricultural,33.49,4.0,7,0.0,0,3.0,2,10,Yes,4,No,No,352,111.0,369,0
LA01503,Railway,Semi-Urban,Agricultural,27.32,12.0,14,0.0,0,0.0,4,16,Yes,5,No,No,450,69.0,523,1
LA01504,Railway,Rural,Commercial,38.59,10.0,13,2.0,1,0.0,0,16,Yes,5,No,Yes,159,67.0,191,0
LA01505,Housing,Rural,Mixed,24.46,9.0,16,4.0,0,1.0,1,12,No,1,No,No,361,62.0,366,0
LA01506,Railway,Urban,Agricultural,35.28,9.0,19,3.0,2,3.0,6,17,No,4,No,No,340,107.0,330,0
LA01507,Airport,Rural,Agricultural,40.93,11.0,12,1.0,2,2.0,3,13,No,2,No,No,481,96.0,512,0
LA01508,Railway,Urban,Residential,69.88,11.0,17,2.0,4,2.0,3,16,Yes,2,Yes,No,435,112.0,587,1
LA01509,Road,Semi-Urban,Mixed,79.75,6.0,12,0.0,2,1.0,4,9,No,1,No,No,298,108.0,450,1
LA01510,Airport,Semi-Urban,Agricultural,12.47,8.0,12,1.0,1,0.0,6,9,No,2,No,Yes,325,70.0,329,0
LA01511,Road,Rural,Residential,73.35,,19,2.0,2,1.0,0,17,No,4,No,No,277,75.0,299,0
LA01512,Road,Urban,Mixed,17.99,8.0,11,2.0,1,3.0,6,14,No,8,No,Yes,454,102.0,629,1
LA01513,Industrial,Urban,Agricultural,35.48,6.0,11,2.0,1,4.0,2,7,Yes,3,No,No,426,85.0,430,0
LA01514,Airport,Rural,Residential,9.73,4.0,8,0.0,1,0.0,2,8,No,5,Yes,No,156,37.0,197,1
LA01515,Housing,Urban,Residential,5.85,,16,0.0,1,4.0,1,19,Yes,10,No,No,235,76.0,327,1
LA01516,Road,Semi-Urban,Agricultural,125.68,7.0,11,3.0,0,2.0,5,11,No,2,No,No,346,84.0,357,0
LA01517,Road,Rural,Mixed,36.15,3.0,4,1.0,1,1.0,2,6,No,3,No,No,455,83.0,544,1
LA01518,Housing,Semi-Urban,Agricultural,,5.0,8,0.0,0,1.0,2,11,Yes,4,No,No,199,75.0,223,0
LA01519,Road,Urban,Residential,44.2,9.0,10,2.0,4,3.0,3,10,Yes,7,Yes,Yes,405,118.0,493,1
LA01520,Road,Urban,Agricultural,31.34,13.0,18,0.0,2,1.0,2,17,No,2,Yes,No,291,77.0,339,1
LA01521,Road,Rural,Agricultural,62.0,8.0,13,0.0,2,1.0,2,12,No,3,No,No,361,78.0,490,1
LA01522,Railway,Semi-Urban,Residential,42.54,9.0,14,1.0,1,0.0,2,13,No,6,No,Yes,383,70.0,502,1
LA01523,Housing,Urban,Mixed,55.63,8.0,9,0.0,1,4.0,5,10,No,5,No,Yes,372,49.0,417,1
LA01524,Airport,Urban,Residential,20.26,8.0,12,0.0,1,0.0,4,10,No,4,No,No,138,56.0,111,0
LA01525,Airport,Urban,Mixed,10.99,5.0,7,2.0,0,1.0,3,7,No,6,No,No,673,74.0,740,1
LA01526,Road,Rural,Mixed,66.57,6.0,11,1.0,0,3.0,1,7,No,3,Yes,No,489,47.0,492,0
LA01527,Railway,Urban,Residential,45.48,12.0,17,0.0,0,3.0,6,17,No,3,No,No,382,62.0,367,0
LA01528,Railway,Urban,Commercial,14.29,9.0,13,0.0,2,,2,9,Yes,4,No,No,302,47.0,409,1
LA01529,Road,Semi-Urban,Mixed,14.49,10.0,13,1.0,1,4.0,2,13,Yes,8,Yes,Yes,383,79.0,464,1
LA01530,Road,Urban,Commercial,39.16,10.0,12,0.0,4,2.0,3,13,No,3,No,Yes,295,93.0,394,1
LA01531,Road,Urban,Agricultural,52.83,7.0,11,1.0,1,3.0,2,9,No,3,Yes,No,356,119.0,375,0
LA01532,Road,Rural,Residential,17.88,8.0,15,0.0,2,0.0,3,11,No,5,No,Yes,478,45.0,561,1
LA01533,Industrial,Rural,Residential,90.73,8.0,12,2.0,2,3.0,4,13,No,5,No,No,311,69.0,331,0
LA01534,Airport,Urban,Commercial,57.37,3.0,9,0.0,1,1.0,3,6,No,1,No,No,404,102.0,475,1
LA01535,Road,Semi-Urban,Residential,69.59,5.0,10,1.0,2,2.0,4,9,No,4,No,No,469,113.0,446,0
LA01536,Railway,Urban,Residential,38.48,5.0,12,1.0,0,2.0,1,9,No,5,No,No,453,95.0,430,0
LA01537,Airport,Urban,Agricultural,36.29,9.0,12,1.0,3,,7,14,No,3,Yes,No,380,67.0,511,1
LA01538,Airport,Semi-Urban,Residential,13.24,13.0,19,1.0,0,0.0,2,17,No,5,Yes,No,306,75.0,349,1
LA01539,Housing,Semi-Urban,Mixed,20.4,11.0,17,0.0,1,1.0,2,15,No,2,No,No,533,68.0,521,0
LA01540,Railway,Rural,Mixed,33.21,7.0,9,0.0,0,0.0,4,14,Yes,4,No,No,513,94.0,578,1
LA01541,Housing,Rural,Mixed,46.27,5.0,14,1.0,1,1.0,3,12,Yes,2,No,Yes,311,72.0,391,1
LA01542,Road,Urban,Residential,40.88,5.0,12,1.0,1,1.0,6,11,No,3,No,Yes,417,89.0,421,0
LA01543,Railway,Rural,Agricultural,6.89,5.0,12,1.0,0,0.0,3,9,No,2,No,Yes,279,57.0,372,1
LA01544,Road,Semi-Urban,Mixed,17.1,9.0,15,2.0,2,1.0,3,17,No,5,No,No,314,89.0,287,0
LA01545,Railway,Urban,Agricultural,42.69,7.0,13,1.0,1,0.0,2,12,Yes,5,No,No,536,58.0,531,0
LA01546,Railway,Rural,Commercial,47.05,8.0,18,0.0,1,,4,12,Yes,3,No,No,310,,364,1
LA01547,Road,Urban,Agricultural,26.98,5.0,8,0.0,1,0.0,2,9,Yes,6,No,No,349,72.0,444,1
LA01548,Airport,Semi-Urban,Agricultural,54.19,8.0,15,1.0,0,2.0,3,8,No,4,Yes,No,414,39.0,405,0
LA01549,Road,Rural,Residential,53.67,6.0,13,4.0,0,1.0,3,9,No,2,No,Yes,374,72.0,487,1
LA01550,Road,Urban,Commercial,120.48,7.0,8,1.0,2,,3,14,Yes,4,No,No,398,39.0,492,1
LA01551,Road,Rural,Residential,36.46,12.0,14,2.0,1,0.0,3,15,No,5,No,No,423,65.0,411,0
LA01552,Railway,Urban,Mixed,26.24,13.0,17,0.0,1,0.0,6,14,Yes,5,No,No,153,76.0,248,1
LA01553,Road,Rural,Agricultural,17.97,12.0,19,2.0,1,1.0,3,20,No,3,No,No,418,68.0,399,0
LA01554,Railway,Urban,Residential,11.83,5.0,11,,2,1.0,3,9,Yes,4,Yes,Yes,370,118.0,550,1
LA01555,Road,Urban,Commercial,52.21,9.0,14,4.0,2,0.0,6,10,Yes,3,No,Yes,120,85.0,222,1
LA01556,Airport,Semi-Urban,Agricultural,48.47,9.0,10,2.0,1,0.0,2,17,No,2,No,Yes,310,66.0,396,1
LA01557,Housing,Rural,Residential,13.15,9.0,11,1.0,1,0.0,4,13,No,6,No,No,448,99.0,550,1
LA01558,Railway,Urban,Mixed,52.43,9.0,13,1.0,0,1.0,2,13,Yes,2,No,No,431,91.0,509,1
LA01559,Industrial,Rural,Commercial,39.91,8.0,8,0.0,2,0.0,5,10,No,4,Yes,No,383,,458,1
LA01560,Housing,Urban,Agricultural,29.13,4.0,7,1.0,2,2.0,4,7,No,6,Yes,No,295,60.0,295,0
LA01561,Housing,Semi-Urban,Mixed,6.35,9.0,11,0.0,2,1.0,3,12,Yes,1,No,No,411,112.0,522,1
LA01562,Industrial,Semi-Urban,Agricultural,48.16,10.0,16,2.0,2,0.0,3,12,Yes,6,No,Yes,322,70.0,414,1
LA01563,Housing,Urban,Agricultural,98.59,5.0,8,1.0,3,1.0,1,10,Yes,6,No,No,344,105.0,414,1
LA01564,Housing,Rural,Residential,19.82,8.0,16,0.0,1,0.0,4,14,No,2,No,No,204,72.0,199,0
LA01565,Airport,Semi-Urban,Residential,39.96,8.0,11,0.0,0,0.0,4,15,No,6,No,No,282,71.0,278,0
LA01566,Railway,Semi-Urban,Agricultural,50.71,9.0,13,0.0,0,2.0,5,15,No,4,No,No,459,80.0,587,1
LA01567,Road,Semi-Urban,Agricultural,3.78,9.0,13,0.0,4,2.0,1,12,No,2,No,No,450,79.0,443,0
LA01568,Road,Semi-Urban,Commercial,17.38,8.0,11,2.0,4,1.0,5,12,No,3,Yes,Yes,327,104.0,458,1
LA01569,Railway,Semi-Urban,Agricultural,10.27,7.0,9,0.0,1,0.0,3,12,No,4,No,Yes,248,53.0,239,0
LA01570,Railway,Rural,Agricultural,98.22,7.0,12,0.0,2,1.0,5,10,Yes,4,No,No,472,85.0,455,0
LA01571,Railway,Semi-Urban,Mixed,3.56,5.0,11,1.0,2,2.0,2,10,No,1,No,Yes,317,58.0,417,1
LA01572,Industrial,Semi-Urban,Mixed,29.04,7.0,13,1.0,1,1.0,3,8,No,3,No,No,493,63.0,478,0
LA01573,Industrial,Semi-Urban,Agricultural,43.07,7.0,11,2.0,0,0.0,1,11,No,2,No,No,375,34.0,373,0
LA01574,Housing,Semi-Urban,Mixed,19.7,8.0,9,3.0,2,2.0,5,12,No,3,No,Yes,269,83.0,394,1
LA01575,Road,Semi-Urban,Mixed,4.44,7.0,11,1.0,1,0.0,5,10,Yes,4,No,Yes,425,76.0,490,1
LA01576,Road,Semi-Urban,Residential,29.92,8.0,13,4.0,0,0.0,3,11,No,6,No,No,329,59.0,438,1
LA01577,Airport,Semi-Urban,Agricultural,19.44,7.0,12,0.0,1,1.0,3,9,No,4,Yes,Yes,310,31.0,307,0
LA01578,Housing,Rural,Residential,46.32,6.0,8,3.0,2,1.0,1,11,Yes,2,No,No,358,83.0,352,0
LA01579,Housing,Rural,Commercial,57.95,8.0,11,0.0,0,0.0,7,13,Yes,2,No,No,237,57.0,226,0
LA01580,Housing,Rural,Agricultural,13.23,9.0,12,0.0,2,2.0,2,16,Yes,4,Yes,No,413,86.0,395,0
LA01581,Housing,Rural,Agricultural,21.06,5.0,11,2.0,0,1.0,3,12,No,2,No,No,306,66.0,403,1
LA01582,Road,Semi-Urban,Mixed,21.89,4.0,7,2.0,2,0.0,8,10,No,2,Yes,Yes,166,65.0,316,1
LA01583,Railway,Rural,Agricultural,57.39,7.0,11,1.0,1,1.0,2,12,No,3,No,No,259,47.0,253,0
LA01584,Road,Urban,Agricultural,36.94,6.0,10,1.0,0,2.0,2,8,Yes,3,No,No,743,41.0,834,1
LA01585,Industrial,Semi-Urban,Mixed,13.69,12.0,15,2.0,1,0.0,2,12,No,1,Yes,Yes,338,79.0,429,1
LA01586,Housing,Urban,Mixed,69.53,12.0,16,1.0,1,3.0,2,14,No,2,No,No,479,70.0,467,0
LA01587,Road,Urban,Mixed,19.65,11.0,16,0.0,0,1.0,1,15,Yes,2,No,Yes,148,72.0,228,1
LA01588,Industrial,Rural,Residential,23.93,4.0,10,0.0,1,0.0,2,11,No,5,No,No,352,40.0,352,0
LA01589,Road,Rural,Residential,16.5,15.0,18,3.0,1,1.0,0,19,No,2,Yes,No,208,83.0,288,1
LA01590,Road,Semi-Urban,Residential,38.92,6.0,10,0.0,0,2.0,4,9,No,2,No,No,251,40.0,242,0
LA01591,Road,Urban,Agricultural,26.96,7.0,11,1.0,1,1.0,3,11,No,1,No,No,311,41.0,312,0
LA01592,Road,Semi-Urban,Residential,82.9,11.0,14,2.0,1,0.0,2,13,Yes,4,No,Yes,535,60.0,609,1
LA01593,Housing,Semi-Urban,Mixed,37.29,13.0,18,3.0,1,4.0,7,15,No,2,No,No,477,70.0,591,1
LA01594,Railway,Rural,Commercial,17.33,12.0,19,1.0,2,0.0,1,15,Yes,4,No,No,276,52.0,378,1
LA01595,Housing,Rural,Agricultural,34.5,8.0,16,1.0,0,0.0,4,13,No,4,No,No,405,30.0,390,0
LA01596,Industrial,Urban,Residential,90.45,8.0,16,0.0,3,0.0,6,10,No,5,No,No,375,28.0,389,0
LA01597,Road,Urban,Agricultural,12.37,9.0,11,1.0,2,3.0,2,12,Yes,4,No,No,276,96.0,380,1
LA01598,Road,Urban,Agricultural,,9.0,12,1.0,0,1.0,3,13,No,7,No,No,160,46.0,126,0
LA01599,Housing,Urban,Commercial,6.44,,13,2.0,2,1.0,2,12,No,6,Yes,No,501,63.0,615,1
LA01600,Road,Semi-Urban,Residential,79.2,8.0,11,2.0,2,0.0,3,9,Yes,5,No,No,470,121.0,536,1
LA01601,Housing,Urban,Mixed,24.4,5.0,12,2.0,0,0.0,1,13,No,2,No,No,372,82.0,466,1
LA01602,Road,Urban,Residential,16.94,13.0,16,1.0,2,2.0,1,17,Yes,2,No,No,304,78.0,425,1
LA01603,Industrial,Urban,Residential,86.95,11.0,13,0.0,1,1.0,2,16,No,8,No,Yes,340,76.0,464,1
LA01604,Housing,Urban,Mixed,32.89,7.0,11,1.0,0,,1,9,No,3,No,Yes,373,47.0,368,0
LA01605,Road,Rural,Residential,33.8,7.0,12,3.0,0,1.0,2,12,No,5,No,No,479,69.0,500,0
LA01606,Road,Urban,Residential,24.68,6.0,8,0.0,0,1.0,1,9,Yes,4,No,No,339,34.0,405,1
LA01607,Housing,Rural,Commercial,25.5,4.0,9,1.0,0,1.0,5,7,No,4,No,No,293,42.0,279,0
LA01608,Road,Urban,Agricultural,5.76,10.0,19,1.0,3,0.0,3,14,No,3,No,No,394,48.0,413,0
LA01609,Railway,Urban,Residential,47.64,6.0,9,0.0,2,3.0,2,8,No,2,No,Yes,376,69.0,454,1
LA01610,Railway,Urban,Residential,10.33,5.0,9,1.0,1,1.0,1,7,No,5,Yes,Yes,437,98.0,556,1
LA01611,Road,Rural,Residential,63.43,8.0,11,0.0,0,1.0,1,11,No,5,No,No,120,57.0,123,0
LA01612,Airport,Urban,Agricultural,14.42,9.0,12,0.0,2,0.0,4,13,Yes,7,No,No,292,42.0,352,1
LA01613,Airport,Semi-Urban,Residential,36.05,10.0,12,2.0,1,0.0,3,13,No,5,No,Yes,361,63.0,368,0
LA01614,Railway,Urban,Mixed,21.63,5.0,9,2.0,1,1.0,3,15,Yes,5,No,No,220,91.0,288,1
LA01615,Housing,Rural,Mixed,24.68,6.0,9,0.0,0,2.0,4,12,No,4,No,No,396,39.0,487,1
LA01616,Road,Urban,Residential,28.39,7.0,12,2.0,1,0.0,0,8,No,3,Yes,Yes,255,51.0,260,0
LA01617,Road,Semi-Urban,Agricultural,42.73,7.0,11,2.0,2,0.0,1,13,Yes,4,No,No,312,83.0,421,1
LA01618,Industrial,Rural,Residential,85.36,12.0,15,3.0,1,0.0,5,14,No,9,No,No,316,110.0,417,1
LA01619,Housing,Urban,Residential,24.22,4.0,8,0.0,1,1.0,2,8,No,4,No,No,551,64.0,650,1
LA01620,Road,Urban,Residential,4.72,9.0,18,0.0,0,4.0,2,13,Yes,3,No,No,319,69.0,314,0
LA01621,Road,Rural,Mixed,73.79,9.0,13,0.0,0,0.0,3,9,No,6,Yes,No,425,58.0,415,0
LA01622,Railway,Urban,Agricultural,52.59,4.0,10,1.0,2,2.0,6,7,Yes,3,No,No,208,123.0,301,1
LA01623,Housing,Urban,Agricultural,13.95,10.0,17,2.0,2,1.0,1,11,No,3,No,No,524,76.0,658,1
LA01624,Road,Semi-Urban,Commercial,11.88,5.0,6,1.0,0,0.0,2,5,No,3,No,Yes,290,56.0,296,0
LA01625,Railway,Urban,Mixed,44.07,6.0,12,0.0,1,4.0,1,9,No,5,Yes,No,296,61.0,442,1
LA01626,Airport,Rural,Agricultural,38.94,4.0,8,1.0,1,2.0,5,8,Yes,3,No,No,315,90.0,489,1
LA01627,Railway,Semi-Urban,Residential,99.04,13.0,16,0.0,5,,0,18,Yes,3,No,Yes,281,52.0,357,1
LA01628,Road,Semi-Urban,Mixed,47.96,10.0,11,1.0,2,0.0,2,15,No,3,No,No,261,68.0,342,1
LA01629,Road,Urban,Agricultural,20.57,7.0,10,2.0,0,2.0,0,13,Yes,2,No,No,477,18.0,487,0
LA01630,Railway,Semi-Urban,Commercial,17.02,6.0,9,0.0,2,1.0,3,10,Yes,4,Yes,No,342,100.0,410,1
LA01631,Railway,Semi-Urban,Commercial,35.21,9.0,9,0.0,1,2.0,0,16,No,4,Yes,No,294,69.0,431,1
LA01632,Housing,Urban,Agricultural,6.08,10.0,14,1.0,2,2.0,3,10,Yes,3,,No,536,96.0,630,1
LA01633,Industrial,Rural,Residential,8.55,6.0,10,1.0,0,2.0,2,11,No,3,No,No,257,112.0,335,1
LA01634,Industrial,Semi-Urban,Residential,12.53,7.0,11,1.0,0,,3,10,Yes,4,No,No,381,69.0,390,0
LA01635,Housing,Rural,Agricultural,20.16,7.0,10,2.0,0,0.0,1,11,Yes,1,No,No,163,84.0,166,0
LA01636,Railway,Urban,Agricultural,32.51,11.0,16,1.0,2,2.0,2,15,Yes,6,Yes,Yes,240,95.0,322,1
LA01637,Railway,Urban,Mixed,50.12,5.0,8,0.0,1,1.0,2,6,No,4,No,No,376,42.0,407,0
LA01638,Housing,Rural,Commercial,76.64,6.0,10,1.0,3,2.0,1,9,No,6,No,No,422,56.0,496,1
LA01639,Road,Rural,Mixed,67.32,11.0,16,1.0,3,2.0,2,15,Yes,3,No,Yes,318,100.0,443,1
LA01640,Airport,Semi-Urban,Mixed,60.58,5.0,11,3.0,1,1.0,1,11,No,1,Yes,Yes,546,87.0,545,0
LA01641,Airport,Urban,Commercial,23.95,9.0,16,2.0,0,1.0,6,18,No,3,Yes,No,252,56.0,354,1
LA01642,Road,Rural,Residential,17.4,4.0,5,1.0,3,1.0,0,8,Yes,3,Yes,Yes,293,78.0,433,1
LA01643,Railway,Urban,Agricultural,43.45,5.0,10,1.0,0,1.0,5,9,No,3,No,No,285,60.0,381,1
LA01644,Road,Urban,Commercial,45.37,9.0,13,1.0,1,2.0,1,13,No,5,No,Yes,358,101.0,447,1
LA01645,Road,Semi-Urban,Agricultural,13.7,8.0,14,0.0,1,2.0,4,11,No,1,No,Yes,522,71.0,493,0
LA01646,Railway,Urban,Residential,28.28,8.0,12,0.0,0,1.0,5,11,No,2,No,No,532,43.0,517,0
LA01647,Road,Urban,Agricultural,16.27,6.0,8,1.0,0,1.0,3,7,Yes,1,No,No,251,72.0,414,1
LA01648,Airport,Urban,Agricultural,8.24,10.0,16,2.0,0,2.0,3,15,No,5,No,No,254,53.0,239,0
LA01649,Housing,Rural,Agricultural,41.22,8.0,10,1.0,2,0.0,6,13,Yes,2,No,No,165,,275,1
LA01650,Housing,Urban,Mixed,59.8,9.0,13,1.0,1,3.0,3,11,No,5,Yes,No,432,59.0,482,1
LA01651,Road,Semi-Urban,Agricultural,93.28,10.0,16,1.0,0,3.0,3,15,Yes,5,No,No,501,38.0,513,0
LA01652,Road,Rural,Agricultural,29.9,4.0,10,0.0,1,1.0,4,8,Yes,3,No,No,345,87.0,357,0
LA01653,Road,Semi-Urban,Agricultural,6.77,13.0,19,0.0,2,1.0,2,15,No,4,No,Yes,379,68.0,377,0
LA01654,Road,Semi-Urban,Agricultural,103.89,11.0,14,2.0,1,3.0,0,13,No,2,No,No,420,15.0,395,0
LA01655,Housing,Semi-Urban,Residential,109.79,9.0,11,0.0,1,0.0,4,13,No,3,No,Yes,244,74.0,304,1
LA01656,Railway,Semi-Urban,Agricultural,150.0,9.0,13,0.0,1,1.0,1,13,Yes,1,No,No,352,62.0,449,1
LA01657,Road,Semi-Urban,Agricultural,131.36,8.0,13,2.0,1,1.0,2,10,No,2,No,No,228,68.0,331,1
LA01658,Housing,Rural,Commercial,39.53,11.0,15,2.0,1,0.0,7,16,Yes,3,No,Yes,438,109.0,543,1
LA01659,Railway,Rural,Residential,33.6,6.0,10,0.0,2,2.0,7,9,No,3,No,Yes,356,72.0,363,0
LA01660,Road,Semi-Urban,Mixed,55.7,9.0,14,3.0,2,0.0,4,15,No,5,Yes,No,329,79.0,480,1
LA01661,Road,Urban,Mixed,9.83,11.0,18,1.0,1,,2,14,No,4,No,No,359,63.0,366,0
LA01662,Industrial,Rural,Agricultural,19.28,8.0,14,2.0,1,1.0,4,12,No,3,No,Yes,306,74.0,301,0
LA01663,Airport,Urban,Agricultural,30.21,4.0,10,1.0,0,0.0,2,7,No,4,No,No,370,55.0,438,1
LA01664,Road,Rural,Agricultural,68.96,5.0,8,3.0,1,4.0,3,9,Yes,6,No,No,307,,492,1
LA01665,Housing,Urban,Commercial,70.98,7.0,9,2.0,0,1.0,2,10,No,6,Yes,Yes,484,39.0,555,1
LA01666,Housing,Rural,Commercial,31.47,6.0,14,0.0,0,0.0,5,11,No,4,No,No,223,34.0,250,1
LA01667,Housing,Rural,Commercial,10.79,9.0,15,2.0,3,3.0,6,18,Yes,4,No,No,525,105.0,547,0
LA01668,Road,Semi-Urban,Mixed,59.11,5.0,7,0.0,0,1.0,2,5,Yes,4,Yes,Yes,401,85.0,404,0
LA01669,Road,Urban,Agricultural,10.11,14.0,17,4.0,1,1.0,5,19,No,2,,No,433,59.0,575,1
LA01670,Housing,Rural,Commercial,22.05,8.0,14,1.0,3,3.0,5,17,No,3,,No,120,84.0,140,0
LA01671,Road,Semi-Urban,Agricultural,,6.0,8,2.0,1,0.0,2,9,No,3,Yes,No,350,44.0,354,0
LA01672,Industrial,Urban,Commercial,9.04,5.0,10,2.0,0,1.0,4,7,No,2,No,No,214,70.0,190,0
LA01673,Airport,Semi-Urban,Agricultural,18.3,3.0,10,1.0,0,1.0,2,8,No,3,No,No,374,74.0,376,0
LA01674,Road,Semi-Urban,Mixed,65.16,9.0,14,2.0,1,1.0,6,13,Yes,5,No,No,201,101.0,227,0
LA01675,Airport,Semi-Urban,Residential,55.73,11.0,14,1.0,2,0.0,2,14,Yes,3,No,No,474,73.0,465,0
LA01676,Housing,Urban,Residential,12.14,8.0,11,1.0,2,1.0,2,14,No,7,No,Yes,459,96.0,546,1
LA01677,Airport,Semi-Urban,Residential,42.7,4.0,6,0.0,1,1.0,4,11,No,4,Yes,No,385,52.0,378,0
LA01678,Railway,Rural,Mixed,6.65,6.0,13,1.0,0,2.0,6,8,No,10,No,No,266,83.0,273,0
LA01679,Housing,Urban,Agricultural,51.8,5.0,11,0.0,0,2.0,5,11,No,2,Yes,Yes,384,42.0,491,1
LA01680,Railway,Semi-Urban,Agricultural,19.69,8.0,11,0.0,1,5.0,1,12,No,4,No,No,357,72.0,482,1
LA01681,Airport,Semi-Urban,Agricultural,28.72,7.0,10,1.0,1,1.0,3,12,No,5,No,No,197,90.0,196,0
LA01682,Housing,Rural,Agricultural,36.04,8.0,13,1.0,4,3.0,4,14,No,3,No,No,379,72.0,548,1
LA01683,Airport,Semi-Urban,Mixed,12.83,8.0,12,1.0,0,1.0,4,15,No,2,No,Yes,281,57.0,306,0
LA01684,Road,Rural,Mixed,18.45,13.0,15,1.0,1,1.0,0,17,No,2,No,No,409,63.0,560,1
LA01685,Road,Urban,Mixed,95.54,9.0,10,1.0,1,2.0,3,14,No,3,No,No,454,63.0,612,1
LA01686,Road,Semi-Urban,Mixed,27.19,10.0,15,2.0,1,3.0,5,12,No,3,No,Yes,259,87.0,343,1
LA01687,Railway,Rural,Residential,37.51,8.0,12,1.0,1,1.0,2,12,No,3,No,Yes,250,55.0,329,1
LA01688,Railway,Rural,Residential,37.95,11.0,13,0.0,3,5.0,3,12,No,5,No,No,400,85.0,500,1
LA01689,Industrial,Semi-Urban,Agricultural,78.0,4.0,10,0.0,3,2.0,3,7,Yes,7,No,Yes,237,89.0,330,1
LA01690,Railway,Semi-Urban,Commercial,58.05,13.0,17,2.0,0,1.0,2,20,No,1,Yes,No,418,88.0,493,1
LA01691,Airport,Semi-Urban,Residential,13.45,11.0,15,2.0,2,0.0,2,15,No,5,Yes,Yes,374,82.0,400,0
LA01692,Housing,Urban,Commercial,84.47,7.0,12,0.0,2,1.0,2,12,No,2,No,Yes,336,64.0,502,1
LA01693,Road,Rural,Residential,104.94,7.0,14,2.0,0,1.0,1,8,No,6,Yes,No,399,68.0,440,0
LA01694,Airport,Rural,Residential,13.37,6.0,11,2.0,0,1.0,2,14,Yes,3,No,No,331,50.0,356,0
LA01695,Industrial,Semi-Urban,Agricultural,25.88,8.0,11,1.0,1,2.0,3,12,No,4,Yes,No,204,109.0,354,1
LA01696,Railway,Urban,Mixed,30.91,4.0,8,1.0,1,1.0,3,7,No,7,No,No,268,73.0,255,0
LA01697,Road,Urban,Commercial,26.66,7.0,13,1.0,3,,1,14,No,3,No,No,467,86.0,565,1
LA01698,Airport,Urban,Agricultural,51.98,10.0,12,0.0,0,1.0,5,14,No,4,No,Yes,381,62.0,448,1
LA01699,Housing,Rural,Mixed,28.86,10.0,17,0.0,1,1.0,4,15,No,4,No,Yes,435,85.0,488,1
LA01700,Airport,Semi-Urban,Mixed,22.32,8.0,10,1.0,0,1.0,3,11,No,5,Yes,No,363,,358,0
LA01701,Housing,Urban,Agricultural,53.6,9.0,12,1.0,0,0.0,2,10,No,4,Yes,No,299,53.0,294,0
LA01702,Housing,Semi-Urban,Mixed,4.89,6.0,6,1.0,2,2.0,5,12,Yes,5,No,No,427,84.0,433,0
LA01703,Railway,Rural,Residential,39.58,8.0,12,6.0,0,6.0,1,16,No,7,No,No,389,120.0,518,1
LA01704,Industrial,Urban,Agricultural,47.92,6.0,11,1.0,2,2.0,6,8,Yes,3,,Yes,249,87.0,403,1
LA01705,Railway,Semi-Urban,Residential,81.01,11.0,17,1.0,0,2.0,5,12,No,4,No,No,489,56.0,505,0
LA01706,Housing,Semi-Urban,Agricultural,,5.0,13,2.0,0,1.0,2,7,No,4,No,Yes,480,37.0,552,1
LA01707,Road,Urban,Agricultural,7.17,13.0,18,1.0,4,0.0,3,16,No,5,No,No,267,74.0,259,0
LA01708,Railway,Semi-Urban,Residential,37.1,8.0,12,1.0,4,2.0,1,11,Yes,4,No,No,391,77.0,505,1
LA01709,Housing,Semi-Urban,Agricultural,6.61,10.0,13,2.0,0,0.0,1,16,Yes,5,No,Yes,442,47.0,502,1
LA01710,Road,Urban,Commercial,44.44,10.0,12,2.0,2,2.0,3,13,No,4,No,No,356,74.0,451,1
LA01711,Airport,Urban,Commercial,72.03,8.0,12,0.0,1,3.0,1,12,Yes,8,Yes,No,564,54.0,562,0
LA01712,Railway,Rural,Residential,32.13,3.0,6,1.0,1,1.0,6,7,Yes,6,No,No,326,46.0,329,0
LA01713,Housing,Urban,Residential,28.89,10.0,15,1.0,0,1.0,4,14,No,6,No,Yes,362,45.0,445,1
LA01714,Housing,Semi-Urban,Agricultural,57.18,7.0,12,1.0,1,,3,13,No,5,Yes,Yes,601,106.0,607,0
LA01715,Road,Semi-Urban,Mixed,43.31,9.0,12,3.0,1,2.0,2,16,No,3,No,Yes,262,89.0,455,1
LA01716,Airport,Rural,Mixed,54.33,,12,2.0,0,2.0,1,18,No,2,No,No,371,53.0,361,0
LA01717,Road,Rural,Agricultural,129.55,6.0,10,1.0,0,1.0,3,11,No,4,No,No,418,66.0,419,0
LA01718,Industrial,Rural,Commercial,23.48,4.0,8,,0,1.0,3,7,Yes,2,No,Yes,434,86.0,427,0
LA01719,Industrial,Semi-Urban,Agricultural,46.5,5.0,10,1.0,1,1.0,1,9,No,5,Yes,No,288,82.0,284,0
LA01720,Housing,Semi-Urban,Mixed,85.41,7.0,14,2.0,1,0.0,2,9,No,2,No,Yes,481,37.0,598,1
LA01721,Road,Semi-Urban,Residential,86.27,8.0,9,0.0,2,2.0,5,12,No,4,No,No,356,79.0,360,0
LA01722,Road,Semi-Urban,Agricultural,49.6,6.0,9,1.0,1,4.0,3,13,No,3,Yes,Yes,307,70.0,534,1
LA01723,Airport,Semi-Urban,Agricultural,28.0,8.0,15,3.0,0,1.0,4,14,No,7,No,Yes,460,80.0,554,1
LA01724,Industrial,Urban,Agricultural,53.85,11.0,17,3.0,0,1.0,2,15,Yes,3,No,No,245,58.0,366,1
LA01725,Railway,Semi-Urban,Residential,54.62,12.0,16,0.0,1,2.0,2,18,No,2,Yes,No,366,56.0,333,0
LA01726,Road,Semi-Urban,Residential,60.89,8.0,12,2.0,1,2.0,2,14,No,5,No,Yes,341,62.0,378,0
LA01727,Road,Urban,Agricultural,14.18,5.0,7,2.0,1,1.0,5,9,No,2,No,No,346,41.0,502,1
LA01728,Housing,Urban,Commercial,103.17,10.0,17,2.0,2,1.0,2,12,No,2,No,Yes,452,67.0,444,0
LA01729,Road,Rural,Commercial,85.61,7.0,14,2.0,0,1.0,5,11,Yes,2,No,No,321,70.0,416,1
LA01730,Railway,Semi-Urban,Residential,32.87,11.0,15,3.0,2,3.0,2,16,No,4,,No,285,69.0,509,1
LA01731,Housing,Rural,Mixed,,9.0,17,2.0,0,2.0,4,16,No,1,Yes,No,251,52.0,245,0
LA01732,Road,Semi-Urban,Agricultural,31.22,6.0,11,2.0,0,0.0,2,14,No,4,No,No,513,26.0,531,0
LA01733,Airport,Rural,Mixed,92.74,10.0,13,1.0,1,2.0,2,12,No,7,No,No,188,71.0,185,0
LA01734,Road,Rural,Residential,36.89,9.0,12,1.0,1,3.0,3,16,No,3,No,No,366,76.0,384,0
LA01735,Housing,Urban,Mixed,16.85,,13,1.0,0,1.0,4,12,No,5,Yes,No,409,44.0,504,1
LA01736,Airport,Rural,Mixed,118.65,6.0,10,1.0,2,0.0,1,12,Yes,4,No,No,358,59.0,380,0
LA01737,Housing,Urban,Mixed,59.28,12.0,17,2.0,1,1.0,4,15,Yes,6,Yes,No,367,77.0,461,1
LA01738,Road,Semi-Urban,Mixed,29.73,13.0,14,2.0,0,2.0,3,15,Yes,5,No,No,363,89.0,418,1
LA01739,Railway,Rural,Agricultural,97.76,4.0,9,0.0,0,0.0,0,9,No,2,No,Yes,320,54.0,323,0
LA01740,Airport,Urban,Commercial,54.25,9.0,11,1.0,1,0.0,1,11,Yes,9,Yes,No,429,64.0,424,0
LA01741,Road,Semi-Urban,Agricultural,26.97,10.0,14,1.0,1,1.0,4,14,Yes,1,No,Yes,121,68.0,241,1
LA01742,Road,Semi-Urban,Agricultural,98.55,13.0,21,2.0,0,2.0,4,18,No,2,No,Yes,424,78.0,645,1
LA01743,Road,Urban,Mixed,60.72,5.0,10,1.0,2,,1,10,No,3,No,No,516,71.0,516,0
LA01744,Housing,Urban,Residential,44.09,9.0,18,1.0,0,,4,13,No,2,No,No,343,,336,0
LA01745,Airport,Urban,Agricultural,35.19,10.0,15,0.0,0,1.0,0,15,No,3,No,Yes,420,69.0,408,0
LA01746,Industrial,Urban,Mixed,16.31,12.0,18,2.0,1,1.0,6,14,No,4,No,No,318,41.0,394,1
LA01747,Airport,Semi-Urban,Residential,2.87,4.0,7,0.0,1,1.0,2,5,No,2,No,Yes,383,72.0,528,1
LA01748,Railway,Semi-Urban,Residential,56.75,7.0,8,3.0,0,1.0,4,10,Yes,3,No,No,264,81.0,248,0
LA01749,Railway,Semi-Urban,Agricultural,13.5,7.0,11,0.0,1,2.0,4,13,No,4,No,No,359,62.0,393,1
LA01750,Railway,Semi-Urban,Mixed,16.3,12.0,15,0.0,3,3.0,2,19,No,4,Yes,No,450,89.0,447,0
LA01751,Industrial,Urban,Mixed,30.84,4.0,8,1.0,1,2.0,2,5,Yes,2,Yes,Yes,167,79.0,136,0
LA01752,Road,Urban,Residential,,7.0,9,0.0,1,1.0,0,8,No,9,Yes,No,305,48.0,297,0
LA01753,Housing,Rural,Commercial,18.18,7.0,10,2.0,0,0.0,3,13,No,3,No,No,298,86.0,417,1
LA01754,Housing,Rural,Agricultural,,10.0,15,2.0,1,3.0,3,16,No,3,No,Yes,608,117.0,760,1
LA01755,Road,Semi-Urban,Commercial,7.67,8.0,11,,0,2.0,4,12,No,2,No,Yes,424,20.0,419,0
LA01756,Industrial,Urban,Commercial,55.95,4.0,7,2.0,1,1.0,0,9,No,2,Yes,No,334,67.0,527,1
LA01757,Road,Rural,Mixed,28.23,7.0,11,0.0,1,,5,10,No,3,Yes,No,551,77.0,641,1
LA01758,Housing,Rural,Agricultural,17.42,7.0,11,1.0,0,1.0,3,11,No,8,Yes,No,473,41.0,590,1
LA01759,Housing,Semi-Urban,Residential,8.43,6.0,12,3.0,0,0.0,2,10,No,5,No,No,306,129.0,337,0
LA01760,Housing,Urban,Agricultural,39.57,10.0,11,4.0,1,3.0,3,12,No,3,No,Yes,371,82.0,521,1
LA01761,Road,Urban,Agricultural,12.57,5.0,10,1.0,0,2.0,2,8,Yes,6,Yes,Yes,504,50.0,507,0
LA01762,Road,Semi-Urban,Agricultural,10.95,3.0,7,3.0,0,1.0,1,8,Yes,1,Yes,No,466,72.0,458,0
LA01763,Road,Rural,Residential,84.8,12.0,17,1.0,2,1.0,2,16,No,5,Yes,No,363,102.0,530,1
LA01764,Road,Semi-Urban,Residential,9.96,8.0,11,0.0,0,,3,14,Yes,5,Yes,No,427,106.0,488,1
LA01765,Road,Urban,Mixed,7.51,7.0,9,1.0,1,3.0,5,10,Yes,3,Yes,No,408,144.0,484,1
LA01766,Road,Semi-Urban,Residential,52.95,10.0,13,0.0,1,4.0,3,12,Yes,4,Yes,No,453,103.0,560,1
LA01767,Housing,Rural,Agricultural,,9.0,14,0.0,0,0.0,4,14,No,5,No,Yes,298,16.0,301,0
LA01768,Road,Semi-Urban,Mixed,22.15,4.0,11,3.0,0,2.0,3,11,Yes,5,Yes,No,274,66.0,411,1
LA01769,Road,Rural,Residential,15.41,7.0,12,2.0,0,2.0,2,10,No,3,No,Yes,364,56.0,361,0
LA01770,Housing,Semi-Urban,Residential,19.19,10.0,14,1.0,1,3.0,1,11,No,3,No,No,207,67.0,291,1
LA01771,Industrial,Urban,Agricultural,22.64,13.0,15,2.0,1,0.0,3,13,No,4,No,Yes,535,38.0,628,1
LA01772,Airport,Semi-Urban,Agricultural,48.85,5.0,9,1.0,0,,3,10,Yes,4,No,No,393,44.0,545,1
LA01773,Industrial,Semi-Urban,Agricultural,40.25,4.0,6,1.0,0,0.0,4,7,Yes,3,No,No,282,57.0,299,0
LA01774,Housing,Rural,Commercial,25.89,10.0,11,1.0,1,2.0,2,12,No,2,No,No,332,71.0,314,0
LA01775,Industrial,Semi-Urban,Residential,25.66,9.0,13,0.0,2,0.0,6,15,No,5,No,No,189,100.0,179,0
LA01776,Railway,Semi-Urban,Residential,54.6,14.0,21,0.0,0,0.0,4,17,No,4,Yes,Yes,323,76.0,310,0
LA01777,Airport,Semi-Urban,Residential,17.36,7.0,11,1.0,1,4.0,0,11,Yes,4,No,No,492,91.0,474,0
LA01778,Railway,Semi-Urban,Agricultural,8.14,6.0,8,0.0,0,0.0,3,9,No,3,No,No,183,43.0,171,0
LA01779,Road,Semi-Urban,Agricultural,78.85,11.0,18,1.0,2,5.0,3,15,Yes,1,No,No,227,97.0,349,1
LA01780,Railway,Rural,Mixed,25.91,4.0,7,2.0,0,0.0,1,8,No,2,No,No,351,61.0,429,1
LA01781,Road,Semi-Urban,Residential,110.98,9.0,16,3.0,3,1.0,1,12,Yes,3,,No,510,68.0,663,1
LA01782,Airport,Semi-Urban,Agricultural,23.13,5.0,9,1.0,2,0.0,3,9,No,4,Yes,Yes,387,36.0,377,0
LA01783,Road,Semi-Urban,Agricultural,33.83,7.0,10,1.0,1,0.0,4,8,No,7,No,No,254,50.0,255,0
LA01784,Road,Urban,Commercial,16.18,11.0,16,0.0,0,1.0,1,17,No,8,No,No,356,46.0,361,0
LA01785,Road,Semi-Urban,Commercial,40.72,10.0,12,2.0,1,2.0,10,14,No,3,No,No,331,62.0,349,0
LA01786,Housing,Semi-Urban,Residential,26.16,5.0,12,0.0,0,3.0,3,9,No,2,No,No,291,66.0,284,0
LA01787,Road,Semi-Urban,Commercial,28.63,9.0,13,0.0,2,0.0,4,12,No,4,,No,239,59.0,239,0
LA01788,Industrial,Rural,Agricultural,36.54,14.0,24,1.0,1,3.0,2,19,No,1,No,No,348,49.0,438,1
LA01789,Housing,Rural,Mixed,23.54,6.0,8,1.0,1,0.0,1,9,No,3,Yes,No,307,39.0,295,0
LA01790,Road,Rural,Residential,39.79,8.0,10,2.0,0,2.0,2,11,No,3,No,No,280,96.0,280,0
LA01791,Airport,Semi-Urban,Commercial,19.42,13.0,23,2.0,4,0.0,3,16,No,5,No,Yes,352,97.0,477,1
LA01792,Road,Urban,Commercial,38.34,7.0,9,2.0,1,4.0,2,13,Yes,3,No,Yes,385,79.0,542,1
LA01793,Road,Rural,Commercial,6.67,9.0,9,0.0,2,0.0,1,11,No,4,No,No,371,47.0,368,0
LA01794,Industrial,Semi-Urban,Residential,9.96,16.0,22,1.0,1,2.0,1,19,No,4,No,No,367,79.0,448,1
LA01795,Housing,Semi-Urban,Commercial,15.96,4.0,12,1.0,0,1.0,4,7,No,4,No,No,504,75.0,563,1
LA01796,Road,Semi-Urban,Commercial,11.96,11.0,17,1.0,0,3.0,4,18,Yes,3,Yes,No,508,53.0,570,1
LA01797,Industrial,Rural,Agricultural,12.84,10.0,16,2.0,1,2.0,0,14,No,4,No,No,438,45.0,455,0
LA01798,Road,Urban,Agricultural,46.82,8.0,9,3.0,0,0.0,5,14,No,3,No,No,505,56.0,583,1
LA01799,Industrial,Semi-Urban,Residential,26.71,14.0,21,2.0,1,0.0,6,14,No,3,No,No,629,70.0,716,1
LA01800,Industrial,Urban,Residential,23.54,7.0,11,1.0,0,1.0,2,8,Yes,5,Yes,No,332,58.0,408,1
LA01801,Industrial,Semi-Urban,Mixed,40.06,11.0,13,0.0,1,1.0,2,14,No,4,No,No,508,80.0,615,1
LA01802,Industrial,Semi-Urban,Agricultural,42.23,9.0,16,2.0,0,0.0,1,11,No,2,No,No,333,70.0,330,0
LA01803,Road,Semi-Urban,Commercial,21.47,10.0,14,2.0,1,1.0,2,12,Yes,3,Yes,No,476,42.0,588,1
LA01804,Industrial,Semi-Urban,Commercial,66.13,10.0,15,1.0,2,2.0,2,13,No,3,No,Yes,462,94.0,568,1
LA01805,Industrial,Rural,Commercial,27.88,8.0,9,0.0,1,1.0,3,11,Yes,3,Yes,No,402,89.0,409,0
LA01806,Industrial,Rural,Commercial,49.9,9.0,17,0.0,3,2.0,3,12,No,3,Yes,No,433,95.0,419,0
LA01807,Road,Semi-Urban,Commercial,19.4,9.0,17,1.0,1,3.0,1,12,No,4,No,Yes,481,75.0,590,1
LA01808,Railway,Rural,Agricultural,38.95,4.0,13,,1,1.0,5,9,Yes,3,No,No,414,84.0,498,1
LA01809,Railway,Semi-Urban,Residential,53.13,5.0,15,0.0,0,1.0,3,12,No,6,No,No,463,57.0,482,0
LA01810,Road,Rural,Mixed,49.02,7.0,12,1.0,1,0.0,3,12,No,3,No,No,323,92.0,411,1
LA01811,Road,Urban,Mixed,45.97,9.0,13,2.0,1,1.0,2,12,No,1,Yes,No,397,73.0,494,1
LA01812,Railway,Urban,Agricultural,18.63,8.0,9,3.0,1,3.0,2,13,No,4,Yes,No,317,66.0,492,1
LA01813,Airport,Urban,Mixed,11.48,5.0,8,0.0,0,3.0,5,12,No,5,No,No,224,82.0,212,0
LA01814,Road,Urban,Mixed,10.28,4.0,8,7.0,1,2.0,5,6,Yes,3,No,Yes,393,97.0,421,0
LA01815,Housing,Semi-Urban,Agricultural,22.68,10.0,13,0.0,1,2.0,2,14,Yes,5,No,No,436,52.0,467,0
LA01816,Railway,Urban,Commercial,21.42,8.0,13,1.0,3,1.0,4,10,No,4,Yes,No,343,65.0,413,1
LA01817,Airport,Semi-Urban,Commercial,42.73,10.0,15,1.0,1,4.0,5,18,No,3,No,No,391,39.0,389,0
LA01818,Railway,Urban,Residential,32.88,9.0,12,3.0,0,1.0,3,15,No,4,No,No,641,80.0,638,0
LA01819,Railway,Urban,Residential,10.56,8.0,12,,0,0.0,4,13,Yes,4,No,Yes,385,87.0,381,0
LA01820,Industrial,Rural,Agricultural,59.52,10.0,15,1.0,0,2.0,4,15,No,6,No,Yes,497,34.0,491,0
LA01821,Housing,Semi-Urban,Mixed,37.46,7.0,10,1.0,1,2.0,4,11,Yes,3,No,No,412,76.0,433,0
LA01822,Railway,Rural,Agricultural,17.61,16.0,20,2.0,0,4.0,4,20,No,5,No,No,368,45.0,356,0
LA01823,Railway,Semi-Urban,Mixed,20.14,7.0,10,3.0,4,0.0,4,8,No,4,No,No,303,73.0,296,0
LA01824,Industrial,Urban,Commercial,78.48,6.0,8,,0,0.0,2,10,No,3,No,Yes,299,46.0,298,0
LA01825,Airport,Semi-Urban,Commercial,11.96,12.0,15,2.0,2,2.0,4,17,No,3,No,Yes,173,83.0,291,1
LA01826,Road,Semi-Urban,Residential,81.2,8.0,11,1.0,1,3.0,1,12,Yes,5,No,Yes,317,82.0,438,1
LA01827,Railway,Urban,Agricultural,26.19,5.0,12,1.0,0,2.0,4,8,No,1,No,Yes,160,55.0,267,1
LA01828,Railway,Rural,Residential,27.55,8.0,15,1.0,2,0.0,4,12,Yes,3,No,No,416,46.0,417,0
LA01829,Housing,Semi-Urban,Residential,40.21,11.0,15,2.0,1,1.0,3,18,No,4,No,No,407,43.0,410,0
LA01830,Railway,Rural,Residential,7.94,12.0,15,2.0,2,1.0,3,14,No,2,No,No,411,61.0,520,1
LA01831,Railway,Semi-Urban,Residential,37.34,3.0,3,0.0,0,3.0,3,7,No,3,No,No,351,67.0,355,0
LA01832,Housing,Semi-Urban,Residential,52.42,10.0,11,1.0,2,2.0,6,13,Yes,3,Yes,No,378,95.0,411,0
LA01833,Railway,Urban,Agricultural,22.2,9.0,12,2.0,2,1.0,3,11,No,4,No,No,360,90.0,350,0
LA01834,Road,Rural,Agricultural,30.97,6.0,13,0.0,1,2.0,0,9,Yes,7,No,No,413,77.0,525,1
LA01835,Road,Semi-Urban,Residential,112.56,8.0,14,1.0,0,1.0,2,8,No,4,No,No,415,66.0,419,0
LA01836,Road,Urban,Mixed,56.3,6.0,9,1.0,1,0.0,2,11,Yes,6,No,Yes,288,85.0,347,1
LA01837,Road,Urban,Agricultural,14.94,6.0,7,0.0,2,1.0,4,10,No,2,No,No,520,33.0,604,1
LA01838,Railway,Semi-Urban,Mixed,21.14,11.0,21,0.0,2,0.0,3,14,No,2,No,Yes,426,90.0,580,1
LA01839,Airport,Rural,Commercial,25.58,9.0,13,1.0,2,1.0,6,15,Yes,3,Yes,No,260,88.0,457,1
LA01840,Airport,Rural,Residential,58.71,6.0,11,2.0,0,1.0,2,9,Yes,4,No,Yes,415,68.0,501,1
LA01841,Road,Rural,Mixed,14.89,5.0,6,0.0,1,0.0,3,9,No,6,No,Yes,496,80.0,558,1
LA01842,Industrial,Rural,Mixed,49.11,6.0,11,2.0,1,2.0,4,9,Yes,2,No,Yes,255,112.0,262,0
LA01843,Road,Rural,Commercial,49.33,8.0,9,0.0,3,2.0,0,10,Yes,4,No,No,123,132.0,266,1
LA01844,Housing,Urban,Agricultural,32.41,10.0,16,0.0,0,3.0,3,16,Yes,4,No,No,252,29.0,348,1
LA01845,Road,Semi-Urban,Agricultural,60.04,8.0,9,1.0,1,1.0,2,11,No,4,No,No,549,84.0,561,0
LA01846,Industrial,Urban,Agricultural,16.18,9.0,12,1.0,2,2.0,0,10,Yes,4,No,No,255,82.0,378,1
LA01847,Road,Urban,Mixed,68.17,8.0,15,1.0,1,1.0,3,11,No,4,No,No,427,105.0,594,1
LA01848,Industrial,Semi-Urban,Agricultural,6.34,10.0,12,2.0,1,0.0,3,14,No,2,No,No,355,37.0,354,0
LA01849,Railway,Urban,Residential,14.82,6.0,12,2.0,0,2.0,3,9,Yes,3,No,No,594,42.0,704,1
LA01850,Airport,Rural,Residential,6.5,6.0,9,1.0,3,2.0,2,12,No,5,No,No,492,73.0,483,0
LA01851,Road,Rural,Residential,16.97,7.0,16,1.0,1,4.0,1,14,No,3,No,No,404,39.0,387,0
LA01852,Housing,Semi-Urban,Residential,49.94,12.0,13,1.0,0,0.0,5,20,Yes,4,No,No,326,80.0,327,0
LA01853,Railway,Rural,Agricultural,41.43,6.0,7,0.0,0,1.0,2,9,Yes,8,No,No,470,15.0,588,1
LA01854,Airport,Semi-Urban,Mixed,37.11,9.0,14,2.0,3,0.0,1,12,Yes,1,Yes,Yes,179,85.0,288,1
LA01855,Housing,Urban,Residential,16.74,8.0,13,2.0,0,2.0,1,15,No,7,Yes,No,292,59.0,262,0
LA01856,Housing,Urban,Agricultural,30.59,4.0,7,1.0,0,3.0,1,9,No,4,No,No,393,77.0,480,1
LA01857,Road,Urban,Residential,68.63,6.0,9,2.0,4,2.0,4,7,No,2,Yes,No,197,90.0,309,1
LA01858,Road,Urban,Agricultural,17.34,8.0,16,0.0,2,0.0,1,11,Yes,1,No,No,365,67.0,465,1
LA01859,Road,Urban,Commercial,18.02,11.0,14,1.0,1,2.0,2,14,No,5,Yes,No,200,42.0,212,0
LA01860,Road,Urban,Agricultural,18.65,10.0,12,0.0,0,0.0,1,11,No,7,No,No,388,59.0,395,0
LA01861,Industrial,Urban,Mixed,35.72,,15,0.0,0,1.0,4,14,No,4,No,No,344,47.0,328,0
LA01862,Housing,Rural,Mixed,46.94,7.0,11,1.0,1,0.0,7,12,Yes,6,Yes,Yes,345,117.0,451,1
LA01863,Housing,Urban,Mixed,54.43,14.0,20,0.0,2,1.0,2,17,No,3,No,No,395,61.0,380,0
LA01864,Railway,Urban,Mixed,25.52,7.0,12,3.0,0,1.0,2,12,No,4,No,No,354,,459,1
LA01865,Industrial,Semi-Urban,Agricultural,,10.0,13,1.0,0,2.0,1,15,No,2,Yes,No,440,56.0,430,0
LA01866,Housing,Semi-Urban,Agricultural,20.4,7.0,13,1.0,0,2.0,2,7,No,3,No,No,259,85.0,407,1
LA01867,Housing,Semi-Urban,Agricultural,44.93,5.0,14,2.0,1,1.0,2,7,No,7,Yes,No,208,70.0,288,1
LA01868,Road,Urban,Mixed,8.24,7.0,12,1.0,1,5.0,1,9,Yes,5,Yes,Yes,521,83.0,661,1
LA01869,Railway,Semi-Urban,Residential,28.16,6.0,9,1.0,1,1.0,4,12,No,3,No,No,280,54.0,290,0
LA01870,Housing,Semi-Urban,Residential,28.3,6.0,13,1.0,1,1.0,8,9,No,3,No,Yes,337,70.0,337,0
LA01871,Road,Semi-Urban,Residential,49.8,9.0,11,0.0,1,2.0,5,10,Yes,7,No,No,434,80.0,523,1
LA01872,Railway,Semi-Urban,Commercial,,9.0,13,1.0,1,1.0,0,16,No,3,No,No,290,54.0,310,0
LA01873,Housing,Semi-Urban,Commercial,52.44,12.0,14,0.0,1,0.0,3,15,No,4,No,No,216,62.0,229,0
LA01874,Housing,Semi-Urban,Residential,43.05,4.0,7,0.0,1,1.0,5,8,No,5,Yes,No,365,46.0,373,0
LA01875,Housing,Urban,Agricultural,96.59,8.0,10,3.0,2,0.0,2,14,No,3,Yes,No,267,31.0,414,1
LA01876,Airport,Semi-Urban,Agricultural,85.02,8.0,11,2.0,3,0.0,6,10,No,9,Yes,No,548,78.0,667,1
LA01877,Road,Urban,Mixed,65.44,5.0,9,1.0,2,3.0,3,9,Yes,3,No,No,393,91.0,513,1
LA01878,Road,Urban,Residential,4.66,12.0,16,0.0,1,0.0,3,13,No,6,Yes,No,508,94.0,580,1
LA01879,Railway,Semi-Urban,Residential,11.63,4.0,6,1.0,1,0.0,4,9,No,8,No,No,339,53.0,446,1
LA01880,Industrial,Urban,Commercial,60.2,6.0,10,0.0,2,1.0,3,10,No,4,Yes,No,425,109.0,524,1
LA01881,Railway,Urban,Agricultural,27.65,7.0,11,1.0,1,1.0,6,10,Yes,5,No,Yes,324,53.0,456,1
LA01882,Industrial,Semi-Urban,Mixed,84.93,7.0,12,0.0,2,1.0,0,11,No,3,No,No,297,95.0,386,1
LA01883,Railway,Semi-Urban,Agricultural,32.98,9.0,12,2.0,1,1.0,0,13,No,4,Yes,Yes,241,35.0,222,0
LA01884,Airport,Rural,Mixed,48.63,9.0,12,1.0,2,0.0,3,17,No,3,No,No,428,91.0,435,0
LA01885,Road,Rural,Agricultural,46.28,11.0,15,0.0,2,0.0,3,13,No,1,No,Yes,423,59.0,416,0
LA01886,Road,Rural,Agricultural,32.36,8.0,12,0.0,0,1.0,1,10,Yes,3,No,No,302,27.0,307,0
LA01887,Road,Semi-Urban,Mixed,60.87,6.0,11,1.0,1,1.0,1,7,No,7,No,No,308,36.0,315,0
LA01888,Road,Urban,Residential,51.25,8.0,14,0.0,1,4.0,3,10,No,1,Yes,No,440,70.0,452,0
LA01889,Housing,Semi-Urban,Mixed,12.63,4.0,8,2.0,0,0.0,2,6,Yes,2,No,No,318,76.0,326,0
LA01890,Railway,Semi-Urban,Residential,117.44,10.0,15,2.0,0,2.0,4,15,No,5,Yes,No,333,60.0,411,1
LA01891,Road,Semi-Urban,Agricultural,11.64,6.0,18,1.0,1,3.0,6,12,No,4,No,No,566,66.0,700,1
LA01892,Airport,Urban,Residential,17.95,6.0,8,0.0,1,3.0,2,11,No,3,No,Yes,364,15.0,382,0
LA01893,Industrial,Urban,Agricultural,48.07,10.0,13,1.0,1,0.0,2,13,Yes,4,No,Yes,291,70.0,374,1
LA01894,Road,Urban,Mixed,42.13,6.0,10,0.0,0,2.0,3,8,No,4,No,Yes,309,73.0,325,0
LA01895,Road,Urban,Residential,54.17,11.0,15,1.0,1,2.0,4,13,No,5,No,No,509,68.0,505,0
LA01896,Road,Urban,Residential,26.97,7.0,11,2.0,0,2.0,4,10,Yes,6,No,No,373,100.0,383,0
LA01897,Industrial,Rural,Agricultural,44.29,16.0,21,1.0,1,1.0,3,18,Yes,5,No,Yes,344,106.0,396,1
LA01898,Road,Urban,Residential,18.98,12.0,18,1.0,1,0.0,0,16,Yes,4,No,No,215,33.0,326,1
LA01899,Road,Semi-Urban,Agricultural,32.97,6.0,9,0.0,2,2.0,1,11,Yes,2,Yes,Yes,137,77.0,212,1
LA01900,Road,Rural,Mixed,78.42,8.0,12,1.0,3,0.0,4,9,Yes,4,Yes,No,438,61.0,513,1
LA01901,Industrial,Semi-Urban,Residential,11.58,7.0,10,1.0,0,1.0,1,12,Yes,3,No,No,191,75.0,188,0
LA01902,Road,Semi-Urban,Agricultural,63.36,7.0,11,1.0,0,2.0,1,11,No,2,No,No,338,72.0,345,0
LA01903,Housing,Semi-Urban,Agricultural,28.46,14.0,14,1.0,1,3.0,4,20,No,5,No,No,275,89.0,380,1
LA01904,Road,Urban,Residential,15.75,11.0,11,0.0,2,1.0,2,14,Yes,4,Yes,No,433,89.0,529,1
LA01905,Industrial,Semi-Urban,Residential,16.69,7.0,12,3.0,1,1.0,3,10,No,3,No,Yes,343,73.0,467,1
LA01906,Railway,Rural,Commercial,27.83,11.0,13,2.0,1,1.0,2,12,No,7,No,No,453,97.0,453,0
LA01907,Railway,Rural,Commercial,65.29,7.0,12,0.0,1,1.0,1,13,No,4,No,Yes,390,46.0,394,0
LA01908,Road,Rural,Mixed,44.1,8.0,12,1.0,1,1.0,3,11,No,4,Yes,No,418,53.0,449,0
LA01909,Housing,Rural,Agricultural,10.71,14.0,14,1.0,1,2.0,2,16,No,4,No,No,434,50.0,664,1
LA01910,Housing,Semi-Urban,Commercial,61.22,9.0,13,1.0,1,1.0,3,11,Yes,6,No,No,450,71.0,563,1
LA01911,Road,Rural,Mixed,54.64,5.0,10,1.0,3,,3,7,No,4,No,No,507,64.0,498,0
LA01912,Road,Semi-Urban,Mixed,6.42,8.0,9,2.0,1,3.0,1,11,Yes,2,No,No,360,122.0,354,0
LA01913,Housing,Semi-Urban,Mixed,15.14,10.0,12,0.0,1,0.0,1,16,Yes,2,No,No,219,109.0,243,1
LA01914,Railway,Rural,Residential,69.77,7.0,14,1.0,2,3.0,3,10,Yes,4,No,No,370,90.0,379,0
LA01915,Road,Rural,Mixed,32.48,7.0,10,1.0,2,2.0,1,10,Yes,2,No,No,370,43.0,427,1
LA01916,Road,Rural,Mixed,60.98,8.0,11,1.0,1,1.0,2,12,Yes,4,No,Yes,385,78.0,465,1
LA01917,Industrial,Urban,Mixed,3.29,8.0,13,1.0,2,1.0,3,11,Yes,4,No,No,278,89.0,409,1
LA01918,Airport,Semi-Urban,Commercial,1.88,9.0,17,3.0,0,0.0,6,12,Yes,4,Yes,No,417,,470,1
LA01919,Industrial,Urban,Mixed,50.37,10.0,13,1.0,0,3.0,2,16,No,3,No,No,274,34.0,391,1
LA01920,Housing,Semi-Urban,Agricultural,20.5,10.0,11,2.0,2,0.0,4,13,Yes,2,No,No,481,93.0,591,1
LA01921,Railway,Rural,Commercial,52.3,11.0,13,2.0,1,2.0,4,15,No,3,No,No,467,90.0,467,0
LA01922,Road,Rural,Commercial,,5.0,8,2.0,1,0.0,5,11,Yes,4,No,Yes,506,81.0,595,1
LA01923,Railway,Semi-Urban,Commercial,20.8,10.0,12,2.0,0,1.0,1,12,Yes,2,Yes,No,346,108.0,403,1
LA01924,Railway,Semi-Urban,Mixed,30.29,11.0,19,2.0,1,,2,14,No,6,Yes,Yes,239,27.0,235,0
LA01925,Road,Urban,Residential,25.49,5.0,6,1.0,0,,4,12,No,4,No,No,387,65.0,364,0
LA01926,Road,Urban,Agricultural,20.53,2.0,6,1.0,1,1.0,1,4,No,2,Yes,No,436,46.0,419,0
LA01927,Railway,Urban,Agricultural,38.0,11.0,13,2.0,1,1.0,3,14,No,2,Yes,No,224,64.0,445,1
LA01928,Airport,Rural,Commercial,57.38,12.0,14,5.0,0,0.0,2,14,No,2,No,No,263,78.0,245,0
LA01929,Road,Urban,Commercial,18.08,11.0,19,0.0,4,,2,14,No,3,No,Yes,500,64.0,638,1
LA01930,Railway,Rural,Mixed,18.0,5.0,8,0.0,0,3.0,2,8,No,5,No,Yes,524,71.0,596,1
LA01931,Industrial,Urban,Mixed,20.95,7.0,15,1.0,1,2.0,1,15,No,5,Yes,No,427,71.0,522,1
LA01932,Industrial,Rural,Agricultural,48.12,2.0,4,1.0,1,2.0,6,8,No,2,No,No,373,72.0,389,0
LA01933,Airport,Semi-Urban,Residential,61.23,10.0,15,4.0,0,2.0,4,17,No,2,No,No,255,75.0,363,1
LA01934,Housing,Semi-Urban,Commercial,25.16,8.0,12,0.0,1,1.0,6,13,No,2,No,No,432,85.0,455,0
LA01935,Airport,Semi-Urban,Mixed,4.97,4.0,10,5.0,2,1.0,2,7,No,3,No,No,277,79.0,277,0
LA01936,Road,Rural,Commercial,13.54,11.0,16,1.0,0,1.0,0,17,Yes,5,No,No,593,38.0,575,0
LA01937,Railway,Rural,Mixed,24.01,9.0,16,1.0,2,5.0,0,12,No,6,Yes,Yes,508,78.0,596,1
LA01938,Industrial,Semi-Urban,Mixed,16.17,13.0,17,2.0,2,0.0,4,21,No,4,Yes,No,292,72.0,380,1
LA01939,Road,Urban,Agricultural,10.63,8.0,13,0.0,1,1.0,3,10,Yes,4,No,Yes,408,87.0,410,0
LA01940,Road,Urban,Commercial,33.6,8.0,12,2.0,0,0.0,1,14,Yes,2,No,No,292,84.0,306,0
LA01941,Road,Rural,Agricultural,135.98,4.0,7,1.0,0,0.0,2,6,No,2,No,No,393,57.0,490,1
LA01942,Railway,Semi-Urban,Agricultural,14.34,11.0,16,2.0,1,2.0,3,17,No,4,Yes,Yes,467,78.0,612,1
LA01943,Railway,Semi-Urban,Residential,38.25,5.0,8,2.0,2,1.0,3,10,No,4,No,No,382,104.0,362,0
LA01944,Road,Semi-Urban,Residential,46.54,6.0,9,1.0,0,1.0,5,15,Yes,2,No,No,356,74.0,344,0
LA01945,Housing,Semi-Urban,Residential,49.12,9.0,12,1.0,0,0.0,3,16,Yes,3,Yes,Yes,434,76.0,555,1
LA01946,Housing,Rural,Commercial,30.97,12.0,18,0.0,1,2.0,2,19,No,1,No,No,443,73.0,557,1
LA01947,Road,Rural,Residential,11.14,12.0,16,1.0,0,0.0,5,17,No,2,Yes,No,252,40.0,292,1
LA01948,Housing,Rural,Agricultural,57.15,8.0,10,2.0,0,1.0,7,17,Yes,4,No,No,331,68.0,335,0
LA01949,Road,Rural,Agricultural,7.48,7.0,12,0.0,2,5.0,1,12,Yes,6,Yes,No,364,112.0,455,1
LA01950,Housing,Rural,Agricultural,28.67,11.0,14,3.0,0,0.0,1,18,No,8,Yes,Yes,375,75.0,457,1
LA01951,Housing,Semi-Urban,Mixed,26.53,11.0,14,1.0,3,2.0,0,14,Yes,4,Yes,No,542,104.0,639,1
LA01952,Road,Rural,Agricultural,,6.0,7,1.0,1,2.0,7,9,No,4,Yes,Yes,331,61.0,558,1
LA01953,Airport,Urban,Residential,20.95,7.0,7,0.0,2,0.0,4,10,No,5,Yes,No,332,37.0,323,0
LA01954,Housing,Semi-Urban,Mixed,48.0,8.0,10,1.0,0,0.0,4,12,Yes,5,Yes,Yes,295,95.0,369,1
LA01955,Housing,Rural,Mixed,28.66,8.0,11,1.0,2,,3,12,No,5,Yes,No,399,42.0,401,0
LA01956,Housing,Semi-Urban,Commercial,8.87,9.0,12,0.0,2,1.0,2,11,Yes,4,No,Yes,197,79.0,193,0
LA01957,Industrial,Urban,Mixed,52.65,9.0,13,2.0,4,1.0,2,11,Yes,3,No,Yes,344,92.0,499,1
LA01958,Road,Semi-Urban,Residential,94.81,6.0,12,5.0,0,3.0,3,9,No,6,No,No,415,104.0,559,1
LA01959,Housing,Semi-Urban,Mixed,,6.0,10,0.0,0,0.0,5,7,Yes,4,No,No,432,74.0,409,0
LA01960,Industrial,Rural,Residential,30.45,7.0,10,2.0,0,2.0,1,11,No,8,No,No,423,,497,1
LA01961,Industrial,Semi-Urban,Agricultural,31.28,9.0,16,0.0,1,0.0,4,14,No,4,No,No,328,75.0,456,1
LA01962,Railway,Urban,Residential,9.88,6.0,12,0.0,0,2.0,5,8,Yes,5,No,Yes,334,84.0,397,1
LA01963,Industrial,Semi-Urban,Mixed,71.31,10.0,17,1.0,2,1.0,2,12,No,1,No,No,381,79.0,358,0
LA01964,Road,Semi-Urban,Residential,31.77,7.0,11,1.0,1,1.0,1,7,Yes,3,No,No,358,85.0,541,1
LA01965,Airport,Urban,Residential,58.45,9.0,14,1.0,0,3.0,2,16,No,4,No,No,355,64.0,478,1
LA01966,Road,Semi-Urban,Residential,39.93,8.0,12,0.0,1,1.0,0,12,No,3,Yes,Yes,288,42.0,276,0
LA01967,Airport,Semi-Urban,Commercial,69.58,6.0,10,1.0,3,3.0,5,11,No,2,Yes,No,353,83.0,378,0
LA01968,Housing,Urban,Residential,39.53,9.0,13,1.0,0,2.0,4,14,Yes,3,No,No,189,97.0,192,0
LA01969,Railway,Semi-Urban,Agricultural,22.79,5.0,8,1.0,1,0.0,3,12,No,6,Yes,No,389,122.0,397,0
LA01970,Railway,Semi-Urban,Agricultural,45.54,10.0,16,1.0,0,2.0,4,14,No,2,No,Yes,299,62.0,382,1
LA01971,Road,Rural,Mixed,16.55,10.0,15,1.0,1,0.0,1,14,Yes,4,Yes,No,386,22.0,401,0
LA01972,Housing,Semi-Urban,Residential,48.62,8.0,14,1.0,1,0.0,4,13,No,4,Yes,No,386,37.0,391,0
LA01973,Airport,Urban,Mixed,14.32,5.0,10,0.0,0,2.0,5,9,No,4,Yes,Yes,389,65.0,463,1
LA01974,Railway,Rural,Agricultural,29.68,6.0,10,3.0,3,1.0,6,13,No,6,No,No,308,98.0,447,1
LA01975,Road,Semi-Urban,Residential,25.51,9.0,11,3.0,1,1.0,4,11,No,5,Yes,Yes,491,87.0,629,1
LA01976,Road,Urban,Residential,37.59,5.0,8,0.0,1,,0,9,No,9,No,No,203,56.0,340,1
LA01977,Railway,Rural,Residential,77.03,5.0,7,0.0,1,3.0,3,7,No,2,No,No,478,148.0,652,1
LA01978,Housing,Urban,Agricultural,20.39,6.0,8,0.0,0,2.0,5,10,Yes,4,No,No,377,75.0,479,1
LA01979,Airport,Rural,Residential,56.0,3.0,5,1.0,1,2.0,6,5,No,1,No,No,293,59.0,396,1
LA01980,Road,Rural,Mixed,71.08,6.0,10,2.0,0,3.0,2,13,No,5,Yes,No,473,52.0,482,0
LA01981,Housing,Rural,Agricultural,54.87,6.0,8,2.0,3,3.0,4,7,Yes,2,No,No,474,117.0,603,1
LA01982,Railway,Rural,Residential,37.4,7.0,12,2.0,1,1.0,2,12,No,2,Yes,No,303,61.0,406,1
LA01983,Housing,Urban,Agricultural,36.07,6.0,15,0.0,0,0.0,1,10,Yes,6,No,No,603,76.0,604,0
LA01984,Road,Rural,Residential,19.39,6.0,12,1.0,0,0.0,1,10,Yes,3,No,No,351,63.0,390,1
LA01985,Industrial,Urban,Residential,7.62,7.0,8,3.0,1,1.0,3,13,No,7,No,No,291,,393,1
LA01986,Housing,Semi-Urban,Agricultural,32.61,5.0,10,1.0,2,0.0,4,7,No,3,No,Yes,328,,303,0
LA01987,Road,Semi-Urban,Residential,75.12,6.0,8,1.0,0,0.0,3,10,No,4,No,Yes,225,52.0,294,1
LA01988,Industrial,Urban,Residential,81.95,10.0,14,1.0,0,0.0,4,13,Yes,5,No,No,266,67.0,336,1
LA01989,Housing,Urban,Mixed,9.25,8.0,9,0.0,1,2.0,2,16,Yes,5,Yes,No,210,105.0,281,1
LA01990,Road,Urban,Commercial,80.34,8.0,13,0.0,2,1.0,2,9,No,3,No,No,469,80.0,475,0
LA01991,Road,Urban,Mixed,46.99,10.0,15,1.0,1,0.0,2,10,No,5,No,No,363,77.0,492,1
LA01992,Industrial,Urban,Residential,43.42,7.0,12,3.0,1,0.0,6,8,Yes,4,No,No,350,97.0,426,1
LA01993,Road,Rural,Mixed,74.76,7.0,11,0.0,2,1.0,5,11,No,3,Yes,Yes,243,42.0,311,1
LA01994,Road,Semi-Urban,Agricultural,61.3,8.0,10,2.0,2,3.0,2,8,No,4,No,No,311,74.0,322,0
LA01995,Railway,Rural,Residential,14.11,9.0,12,2.0,3,0.0,0,13,Yes,7,No,No,208,78.0,335,1
LA01996,Airport,Rural,Mixed,17.64,10.0,14,1.0,2,3.0,1,14,No,4,No,No,275,90.0,279,0
LA01997,Road,Rural,Residential,6.7,8.0,12,1.0,2,1.0,1,11,Yes,6,No,No,284,65.0,366,1
LA01998,Road,Semi-Urban,Agricultural,42.09,7.0,9,0.0,2,1.0,3,14,Yes,6,No,No,460,75.0,441,0
LA01999,Housing,Rural,Mixed,15.6,6.0,10,1.0,2,1.0,1,10,No,7,No,No,310,43.0,384,1
LA02000,Railway,Rural,Commercial,22.15,6.0,7,1.0,1,0.0,3,9,Yes,2,No,No,496,58.0,497,0
LA02001,Housing,Rural,Agricultural,69.03,7.0,11,1.0,1,1.0,4,13,No,1,No,Yes,238,76.0,295,1
LA02002,Railway,Rural,Agricultural,46.01,12.0,15,3.0,2,2.0,3,17,Yes,2,Yes,No,294,76.0,403,1
LA02003,Housing,Semi-Urban,Residential,46.85,11.0,19,3.0,1,1.0,2,17,No,2,No,No,403,87.0,479,1
LA02004,Industrial,Semi-Urban,Mixed,115.96,7.0,11,0.0,3,5.0,3,16,No,4,No,No,349,49.0,343,0
LA02005,Road,Rural,Residential,1.08,9.0,14,0.0,3,1.0,3,14,No,4,No,Yes,332,60.0,335,0
LA02006,Housing,Semi-Urban,Residential,16.34,9.0,15,1.0,1,1.0,0,12,No,5,No,No,382,65.0,376,0
LA02007,Railway,Rural,Residential,25.41,5.0,15,2.0,0,1.0,3,10,No,3,No,No,330,96.0,338,0
LA02008,Road,Urban,Mixed,17.26,8.0,12,1.0,0,1.0,0,12,Yes,5,No,No,161,64.0,233,1
LA02009,Road,Urban,Mixed,58.13,13.0,15,0.0,2,1.0,7,16,Yes,4,Yes,Yes,156,90.0,200,1
LA02010,Industrial,Semi-Urban,Agricultural,27.72,13.0,16,2.0,1,1.0,1,16,No,7,No,No,573,64.0,678,1
LA02011,Road,Urban,Mixed,12.82,13.0,20,3.0,2,1.0,4,20,No,3,Yes,No,510,97.0,619,1
LA02012,Road,Rural,Residential,39.58,15.0,21,1.0,1,2.0,1,22,Yes,1,No,Yes,445,62.0,566,1
LA02013,Road,Urban,Mixed,44.31,8.0,9,0.0,0,1.0,5,11,No,3,No,No,400,70.0,471,1
LA02014,Railway,Rural,Residential,13.77,5.0,7,0.0,2,0.0,2,9,Yes,7,No,No,365,71.0,381,0
LA02015,Railway,Urban,Agricultural,28.75,6.0,9,2.0,1,0.0,7,10,No,4,No,No,424,41.0,421,0
LA02016,Railway,Rural,Residential,45.04,7.0,12,1.0,1,0.0,3,11,Yes,3,No,No,294,91.0,334,1
LA02017,Road,Semi-Urban,Mixed,71.58,13.0,18,1.0,0,2.0,3,18,No,7,No,No,333,62.0,344,0
LA02018,Road,Urban,Mixed,18.77,9.0,12,0.0,1,1.0,6,10,Yes,2,No,Yes,465,93.0,540,1
LA02019,Industrial,Urban,Agricultural,48.49,7.0,10,1.0,0,1.0,3,12,No,3,Yes,No,455,51.0,440,0
LA02020,Railway,Semi-Urban,Residential,21.1,6.0,12,0.0,2,1.0,1,8,No,2,No,No,378,64.0,367,0
LA02021,Industrial,Rural,Residential,34.56,6.0,11,2.0,2,1.0,2,9,No,7,Yes,No,320,65.0,453,1
LA02022,Road,Rural,Agricultural,14.87,9.0,11,0.0,0,0.0,2,12,Yes,1,No,No,489,61.0,544,1
LA02023,Road,Urban,Agricultural,47.49,10.0,14,1.0,0,4.0,4,13,Yes,6,No,No,295,88.0,417,1
LA02024,Road,Semi-Urban,Residential,63.83,7.0,10,3.0,3,0.0,4,11,No,1,Yes,Yes,399,81.0,406,0
LA02025,Railway,Urban,Commercial,29.69,8.0,11,1.0,3,3.0,3,10,Yes,5,No,No,561,83.0,543,0
LA02026,Railway,Semi-Urban,Commercial,26.95,9.0,17,2.0,1,0.0,2,12,Yes,5,No,No,404,76.0,526,1
LA02027,Housing,Semi-Urban,Mixed,25.07,11.0,14,0.0,0,1.0,2,15,No,5,Yes,Yes,365,60.0,508,1
LA02028,Railway,Urban,Agricultural,11.55,8.0,13,1.0,2,2.0,3,13,No,5,No,No,250,68.0,253,0
LA02029,Railway,Semi-Urban,Agricultural,53.96,4.0,10,2.0,2,4.0,3,9,No,6,No,No,415,101.0,519,1
LA02030,Industrial,Rural,Agricultural,70.4,7.0,11,1.0,0,1.0,0,10,No,5,Yes,No,269,48.0,262,0
LA02031,Road,Urban,Residential,17.91,9.0,12,0.0,1,1.0,1,13,No,2,No,No,215,106.0,242,0
LA02032,Railway,Urban,Commercial,37.95,6.0,8,2.0,0,,4,11,No,4,No,No,336,64.0,346,0
LA02033,Road,Urban,Mixed,46.61,9.0,13,0.0,1,3.0,6,14,No,2,Yes,No,328,107.0,384,1
LA02034,Railway,Urban,Residential,20.81,4.0,7,2.0,0,1.0,2,7,Yes,5,Yes,No,304,39.0,322,0
LA02035,Road,Urban,Agricultural,81.73,5.0,9,0.0,1,1.0,0,9,No,2,No,No,368,70.0,442,1
LA02036,Airport,Semi-Urban,Mixed,38.44,9.0,12,1.0,0,0.0,2,16,Yes,5,No,No,386,49.0,505,1
LA02037,Housing,Urban,Agricultural,9.24,8.0,11,1.0,0,0.0,1,11,Yes,2,No,No,421,110.0,517,1
LA02038,Road,Rural,Agricultural,66.07,9.0,18,2.0,1,2.0,2,14,No,8,No,Yes,434,35.0,440,0
LA02039,Industrial,Rural,Commercial,30.57,12.0,15,1.0,2,1.0,2,15,No,2,No,Yes,485,42.0,593,1
LA02040,Airport,Rural,Agricultural,23.68,6.0,8,0.0,0,1.0,5,11,Yes,5,No,Yes,337,76.0,350,0
LA02041,Road,Semi-Urban,Residential,51.25,4.0,8,0.0,2,1.0,1,8,No,4,No,No,411,38.0,392,0
LA02042,Airport,Urban,Mixed,21.37,,20,4.0,1,1.0,3,18,Yes,6,No,No,181,80.0,379,1
LA02043,Industrial,Urban,Mixed,78.44,7.0,8,1.0,1,1.0,2,9,No,2,No,No,383,63.0,498,1
LA02044,Housing,Urban,Residential,67.59,7.0,11,1.0,1,1.0,3,11,Yes,3,No,No,343,88.0,412,1
LA02045,Housing,Rural,Residential,85.41,6.0,11,,1,1.0,3,9,Yes,4,No,No,224,47.0,235,0
LA02046,Road,Rural,Commercial,111.9,11.0,11,1.0,1,0.0,2,16,No,3,No,No,323,45.0,417,1
LA02047,Railway,Semi-Urban,Commercial,46.13,9.0,15,2.0,0,2.0,2,13,Yes,5,No,No,335,76.0,311,0
LA02048,Railway,Urban,Agricultural,32.67,9.0,13,0.0,1,2.0,5,14,No,7,Yes,No,409,91.0,515,1
LA02049,Road,Semi-Urban,Agricultural,,12.0,16,3.0,0,1.0,2,15,Yes,4,No,No,363,107.0,447,1
LA02050,Road,Urban,Commercial,49.21,8.0,18,1.0,2,3.0,5,11,No,7,Yes,No,340,75.0,443,1
LA02051,Housing,Rural,Agricultural,109.96,9.0,14,1.0,1,1.0,2,11,Yes,4,No,No,275,80.0,253,0
LA02052,Road,Urban,Residential,11.63,9.0,10,2.0,1,3.0,3,15,No,4,No,No,473,103.0,483,0
LA02053,Railway,Semi-Urban,Residential,40.74,10.0,14,1.0,1,1.0,1,13,No,7,Yes,No,614,66.0,784,1
LA02054,Housing,Semi-Urban,Agricultural,9.11,5.0,10,2.0,1,3.0,3,7,Yes,3,Yes,Yes,357,71.0,481,1
LA02055,Road,Urban,Mixed,8.76,6.0,9,1.0,2,4.0,1,17,No,5,No,Yes,358,51.0,477,1
LA02056,Railway,Semi-Urban,Agricultural,71.91,7.0,10,1.0,1,1.0,3,11,No,4,Yes,Yes,412,66.0,467,1
LA02057,Housing,Rural,Agricultural,64.52,10.0,15,4.0,0,1.0,3,15,Yes,6,No,No,233,84.0,251,0
LA02058,Railway,Urban,Mixed,19.86,4.0,7,2.0,1,1.0,4,8,No,3,Yes,Yes,262,51.0,374,1
LA02059,Road,Semi-Urban,Agricultural,13.54,5.0,8,2.0,1,2.0,5,8,No,5,No,No,417,71.0,413,0
LA02060,Road,Semi-Urban,Agricultural,87.56,8.0,11,0.0,0,1.0,3,14,Yes,5,No,No,450,60.0,431,0
LA02061,Housing,Urban,Residential,14.42,12.0,16,1.0,0,0.0,1,15,Yes,3,No,Yes,354,53.0,365,0
LA02062,Road,Urban,Commercial,10.75,9.0,13,0.0,2,0.0,4,13,No,4,No,No,387,76.0,427,1
LA02063,Railway,Urban,Commercial,14.84,9.0,11,2.0,3,0.0,2,13,No,2,Yes,No,325,61.0,312,0
LA02064,Road,Urban,Mixed,43.71,4.0,7,1.0,3,0.0,1,7,No,4,No,No,417,71.0,558,1
LA02065,Railway,Semi-Urban,Agricultural,121.81,10.0,13,1.0,1,1.0,2,15,No,6,No,No,322,36.0,322,0
LA02066,Housing,Rural,Agricultural,20.96,5.0,11,0.0,2,2.0,2,7,No,2,No,Yes,339,91.0,429,1
LA02067,Railway,Rural,Residential,71.32,5.0,8,1.0,0,0.0,3,9,No,4,Yes,No,643,72.0,702,1
LA02068,Housing,Rural,Mixed,35.79,11.0,16,0.0,0,1.0,1,17,No,4,No,No,386,62.0,469,1
LA02069,Road,Semi-Urban,Residential,5.02,10.0,18,2.0,2,0.0,6,15,No,2,No,No,324,46.0,308,0
LA02070,Railway,Rural,Commercial,21.48,11.0,14,0.0,2,1.0,3,14,Yes,2,No,Yes,430,63.0,560,1
LA02071,Housing,Semi-Urban,Commercial,64.99,11.0,16,2.0,0,4.0,3,17,Yes,3,No,No,239,87.0,241,0
LA02072,Railway,Urban,Residential,62.7,5.0,7,1.0,0,1.0,3,7,No,3,No,No,239,15.0,293,1
LA02073,Road,Urban,Agricultural,19.07,6.0,10,1.0,2,,1,8,No,4,No,No,277,82.0,390,1
LA02074,Housing,Semi-Urban,Residential,53.77,7.0,17,1.0,1,2.0,1,8,Yes,2,No,No,535,54.0,670,1
LA02075,Railway,Rural,Agricultural,30.09,10.0,14,3.0,0,1.0,3,11,Yes,6,Yes,No,332,104.0,411,1
LA02076,Railway,Semi-Urban,Mixed,,5.0,10,1.0,1,1.0,4,12,No,6,Yes,No,389,36.0,382,0
LA02077,Housing,Urban,Agricultural,73.95,10.0,14,1.0,1,1.0,2,18,No,7,No,No,334,61.0,349,0
LA02078,Road,Rural,Mixed,19.71,7.0,10,0.0,2,1.0,3,13,No,4,Yes,No,471,103.0,492,0
LA02079,Road,Urban,Residential,24.54,10.0,18,3.0,1,3.0,2,14,Yes,1,Yes,Yes,311,,438,1
LA02080,Road,Rural,Agricultural,,5.0,11,1.0,1,1.0,6,9,No,1,No,No,268,104.0,283,0
LA02081,Railway,Rural,Mixed,113.78,11.0,17,2.0,2,1.0,2,18,No,3,Yes,No,410,65.0,391,0
LA02082,Road,Rural,Mixed,59.74,7.0,10,1.0,3,2.0,4,16,Yes,1,No,No,296,73.0,299,0
LA02083,Industrial,Rural,Agricultural,40.73,3.0,8,1.0,1,1.0,3,8,No,4,Yes,No,338,62.0,349,0
LA02084,Road,Urban,Commercial,59.37,7.0,11,4.0,1,2.0,4,10,No,6,No,No,356,65.0,338,0
LA02085,Industrial,Semi-Urban,Mixed,21.39,11.0,16,1.0,1,1.0,4,14,Yes,5,No,No,383,43.0,497,1
LA02086,Road,Rural,Mixed,34.33,13.0,17,,1,1.0,2,16,Yes,3,Yes,No,379,105.0,448,1
LA02087,Railway,Rural,Commercial,8.66,9.0,14,0.0,2,2.0,3,12,Yes,6,No,No,174,66.0,257,1
LA02088,Road,Urban,Residential,21.77,7.0,10,2.0,1,2.0,2,10,Yes,3,No,No,241,99.0,317,1
LA02089,Airport,Urban,Residential,44.39,,13,2.0,1,0.0,5,13,No,4,No,No,269,86.0,393,1
LA02090,Railway,Urban,Commercial,37.95,,10,1.0,2,1.0,2,8,Yes,5,Yes,No,415,83.0,539,1
LA02091,Railway,Semi-Urban,Agricultural,3.38,8.0,16,1.0,1,1.0,4,12,Yes,5,No,No,431,82.0,528,1
LA02092,Housing,Semi-Urban,Residential,27.49,11.0,14,1.0,3,2.0,3,12,No,3,Yes,No,365,61.0,360,0
LA02093,Industrial,Rural,Residential,37.41,8.0,12,1.0,0,1.0,3,10,No,4,Yes,Yes,224,88.0,252,0
LA02094,Road,Rural,Agricultural,38.44,12.0,16,,2,1.0,3,15,Yes,5,Yes,Yes,417,99.0,496,1
LA02095,Housing,Semi-Urban,Agricultural,10.54,7.0,7,,1,2.0,3,12,Yes,2,Yes,Yes,482,110.0,504,0
LA02096,Road,Urban,Agricultural,54.47,9.0,14,1.0,2,0.0,3,11,No,3,Yes,No,436,37.0,444,0
LA02097,Road,Semi-Urban,Agricultural,103.65,7.0,13,0.0,0,2.0,3,15,No,2,No,No,464,89.0,478,0
LA02098,Railway,Urban,Residential,58.92,7.0,13,1.0,2,0.0,2,9,No,4,No,Yes,251,77.0,341,1
LA02099,Road,Urban,Mixed,34.35,7.0,15,1.0,0,1.0,2,12,No,8,No,No,331,106.0,488,1
LA02100,Road,Urban,Commercial,88.92,,11,0.0,0,1.0,2,14,No,4,No,No,536,63.0,691,1
LA02101,Airport,Urban,Residential,21.44,,13,1.0,3,0.0,3,10,Yes,5,No,No,288,79.0,303,0
LA02102,Road,Urban,Agricultural,49.77,7.0,11,2.0,0,0.0,5,12,No,7,Yes,No,373,79.0,443,1
LA02103,Housing,Semi-Urban,Agricultural,31.73,8.0,14,2.0,0,2.0,2,12,No,4,No,No,207,68.0,198,0
LA02104,Housing,Urban,Commercial,89.56,5.0,8,1.0,0,0.0,2,9,No,5,No,Yes,296,26.0,351,1
LA02105,Industrial,Urban,Commercial,15.36,14.0,19,3.0,2,0.0,4,21,No,5,Yes,Yes,239,87.0,396,1
LA02106,Airport,Urban,Commercial,15.33,11.0,14,1.0,1,1.0,3,16,Yes,8,No,No,260,37.0,261,0
LA02107,Airport,Semi-Urban,Commercial,75.97,8.0,12,3.0,1,3.0,3,15,Yes,5,No,Yes,401,94.0,410,0
LA02108,Housing,Semi-Urban,Residential,47.34,11.0,15,2.0,3,2.0,0,14,No,5,No,No,436,100.0,596,1
LA02109,Road,Urban,Agricultural,80.02,8.0,13,0.0,0,2.0,3,16,No,4,No,No,463,44.0,463,0
LA02110,Road,Urban,Residential,16.64,6.0,13,0.0,0,3.0,3,14,Yes,5,No,No,323,88.0,324,0
LA02111,Railway,Rural,Agricultural,19.29,9.0,12,3.0,1,1.0,6,14,No,2,No,Yes,347,79.0,497,1
LA02112,Railway,Semi-Urban,Agricultural,41.81,6.0,8,1.0,1,0.0,7,9,No,1,Yes,No,345,,360,0
LA02113,Road,Semi-Urban,Commercial,9.02,8.0,11,2.0,0,1.0,2,14,No,3,No,No,500,54.0,643,1
LA02114,Industrial,Semi-Urban,Residential,39.79,11.0,14,1.0,1,4.0,1,14,Yes,3,No,No,492,107.0,490,0
LA02115,Road,Rural,Commercial,24.25,12.0,12,3.0,1,2.0,5,17,No,5,No,No,420,84.0,541,1
LA02116,Housing,Rural,Agricultural,31.59,9.0,12,1.0,0,5.0,1,16,No,5,No,Yes,373,102.0,411,1
LA02117,Road,Semi-Urban,Agricultural,54.24,6.0,13,2.0,1,1.0,0,10,Yes,1,Yes,Yes,369,107.0,537,1
LA02118,Road,Semi-Urban,Commercial,56.14,6.0,8,0.0,3,1.0,3,10,Yes,4,Yes,Yes,377,74.0,502,1
LA02119,Road,Urban,Residential,100.34,6.0,11,0.0,0,1.0,3,10,No,2,No,Yes,252,51.0,311,1
LA02120,Road,Semi-Urban,Agricultural,68.53,5.0,11,0.0,1,0.0,3,8,No,5,No,Yes,375,70.0,358,0
LA02121,Road,Semi-Urban,Agricultural,5.19,6.0,11,0.0,1,,5,10,Yes,3,No,No,195,78.0,198,0
LA02122,Road,Urban,Commercial,16.46,5.0,7,1.0,1,1.0,3,9,No,4,No,Yes,349,67.0,563,1
LA02123,Road,Rural,Residential,17.66,4.0,7,0.0,2,0.0,1,9,No,1,Yes,No,334,22.0,485,1
LA02124,Road,Rural,Mixed,63.96,6.0,11,2.0,1,0.0,2,9,No,2,No,No,289,26.0,276,0
LA02125,Railway,Urban,Mixed,91.23,9.0,16,1.0,2,2.0,2,11,No,4,Yes,No,342,102.0,486,1
LA02126,Railway,Rural,Mixed,11.9,10.0,17,2.0,0,1.0,1,10,No,2,No,No,537,92.0,642,1
LA02127,Road,Urban,Residential,65.04,5.0,8,0.0,1,,2,10,No,3,No,No,285,62.0,272,0
LA02128,Road,Semi-Urban,Commercial,34.39,7.0,11,1.0,2,0.0,3,14,No,2,No,No,394,95.0,369,0
LA02129,Road,Rural,Residential,30.92,5.0,6,3.0,0,0.0,2,9,No,8,No,No,429,56.0,440,0
LA02130,Road,Urban,Mixed,21.17,14.0,14,2.0,1,2.0,7,20,No,3,No,Yes,169,69.0,323,1
LA02131,Road,Semi-Urban,Agricultural,27.78,14.0,18,1.0,2,3.0,3,18,No,1,No,Yes,443,64.0,462,0
LA02132,Airport,Semi-Urban,Residential,39.92,5.0,10,1.0,1,2.0,3,8,Yes,3,Yes,No,296,71.0,298,0
LA02133,Housing,Urban,Agricultural,23.18,7.0,11,1.0,2,1.0,1,13,Yes,5,Yes,Yes,276,70.0,418,1
LA02134,Housing,Semi-Urban,Mixed,45.73,13.0,15,4.0,2,0.0,4,18,No,9,Yes,No,401,39.0,541,1
LA02135,Railway,Urban,Mixed,31.02,4.0,10,0.0,1,0.0,3,7,No,8,No,No,404,23.0,418,0
LA02136,Railway,Semi-Urban,Agricultural,28.52,3.0,4,1.0,1,1.0,2,6,No,4,No,No,483,37.0,465,0
LA02137,Road,Urban,Agricultural,51.75,5.0,12,2.0,2,3.0,3,7,Yes,3,No,Yes,267,109.0,412,1
LA02138,Airport,Urban,Mixed,42.64,10.0,14,0.0,2,1.0,2,16,No,6,No,No,260,69.0,252,0
LA02139,Airport,Rural,Mixed,3.6,9.0,14,0.0,3,1.0,6,11,No,2,No,No,314,103.0,296,0
LA02140,Housing,Urban,Mixed,47.1,6.0,12,0.0,1,0.0,2,9,No,4,No,No,446,35.0,437,0
LA02141,Housing,Semi-Urban,Agricultural,40.98,8.0,13,0.0,1,1.0,4,11,No,4,No,No,336,77.0,350,0
LA02142,Railway,Rural,Commercial,71.42,4.0,7,0.0,1,1.0,3,8,No,2,No,Yes,120,61.0,122,0
LA02143,Airport,Rural,Mixed,42.15,4.0,7,2.0,2,3.0,8,5,No,7,Yes,No,341,77.0,504,1
LA02144,Housing,Urban,Residential,26.61,7.0,12,0.0,1,2.0,4,9,Yes,3,No,No,336,74.0,463,1
LA02145,Road,Rural,Agricultural,20.52,9.0,15,2.0,1,0.0,3,16,Yes,4,Yes,Yes,278,64.0,345,1
LA02146,Housing,Rural,Residential,7.52,2.0,6,3.0,1,3.0,1,5,No,1,No,No,415,57.0,433,0
LA02147,Road,Urban,Agricultural,34.04,15.0,20,1.0,1,0.0,2,21,No,10,No,No,389,76.0,386,0
LA02148,Housing,Rural,Mixed,17.83,9.0,12,0.0,1,1.0,1,10,Yes,2,No,No,389,44.0,474,1
LA02149,Airport,Rural,Residential,78.53,13.0,17,2.0,3,4.0,2,19,No,8,No,No,312,,426,1
LA02150,Road,Semi-Urban,Agricultural,35.11,12.0,18,3.0,2,1.0,3,15,No,7,No,No,297,70.0,307,0
LA02151,Industrial,Semi-Urban,Residential,13.86,12.0,15,1.0,0,3.0,1,18,No,10,No,Yes,251,63.0,266,0
LA02152,Road,Rural,Mixed,,7.0,14,2.0,0,1.0,4,10,Yes,2,No,No,400,,409,0
LA02153,Airport,Rural,Mixed,7.96,4.0,7,1.0,1,0.0,1,7,Yes,6,No,No,463,69.0,434,0
LA02154,Airport,Semi-Urban,Agricultural,44.43,6.0,10,0.0,1,1.0,6,11,Yes,9,No,No,413,73.0,516,1
LA02155,Industrial,Rural,Commercial,84.41,10.0,17,0.0,0,2.0,3,12,Yes,2,No,Yes,331,45.0,340,0
LA02156,Housing,Rural,Residential,50.93,5.0,9,1.0,1,1.0,3,8,Yes,1,No,No,351,77.0,353,0
LA02157,Road,Rural,Mixed,31.52,5.0,12,0.0,0,0.0,2,8,Yes,2,No,No,334,109.0,361,1
LA02158,Road,Rural,Commercial,115.21,7.0,10,2.0,0,2.0,3,11,No,3,Yes,No,399,48.0,397,0
LA02159,Railway,Urban,Residential,58.56,7.0,10,0.0,1,0.0,5,8,Yes,3,No,No,381,81.0,375,0
LA02160,Road,Urban,Mixed,42.42,10.0,13,0.0,0,2.0,4,14,No,5,Yes,No,425,66.0,568,1
LA02161,Railway,Semi-Urban,Residential,26.06,8.0,12,0.0,3,1.0,6,9,Yes,3,No,No,471,75.0,582,1
LA02162,Road,Semi-Urban,Commercial,87.24,8.0,14,3.0,0,0.0,4,12,Yes,4,No,No,348,59.0,342,0
LA02163,Railway,Semi-Urban,Residential,28.0,14.0,16,3.0,0,0.0,4,17,No,3,No,No,299,,410,1
LA02164,Railway,Rural,Commercial,17.78,6.0,8,2.0,1,1.0,5,9,No,3,No,No,138,74.0,142,0
LA02165,Housing,Rural,Residential,32.52,7.0,9,0.0,3,1.0,8,12,No,5,Yes,No,442,75.0,443,0
LA02166,Road,Semi-Urban,Residential,37.41,7.0,13,2.0,1,4.0,1,10,No,3,Yes,No,264,77.0,351,1
LA02167,Housing,Rural,Agricultural,61.97,12.0,15,0.0,1,1.0,3,14,No,5,No,Yes,352,42.0,404,1
LA02168,Railway,Urban,Mixed,17.43,12.0,19,1.0,0,2.0,2,13,Yes,3,Yes,Yes,343,43.0,420,1
LA02169,Road,Semi-Urban,Residential,20.19,6.0,9,1.0,0,2.0,2,7,No,5,No,No,120,63.0,214,1
LA02170,Railway,Urban,Commercial,21.07,9.0,14,1.0,2,2.0,5,12,No,7,Yes,Yes,460,81.0,551,1
LA02171,Railway,Semi-Urban,Agricultural,31.27,7.0,9,0.0,0,2.0,4,11,No,4,No,No,470,79.0,478,0
LA02172,Road,Semi-Urban,Mixed,14.12,4.0,7,1.0,2,0.0,1,14,Yes,4,Yes,No,383,106.0,363,0
LA02173,Railway,Rural,Residential,77.91,5.0,7,0.0,0,0.0,1,13,No,5,No,No,241,75.0,242,0
LA02174,Road,Semi-Urban,Agricultural,8.05,15.0,20,0.0,0,,5,17,No,1,No,No,353,43.0,356,0
LA02175,Railway,Semi-Urban,Mixed,88.88,10.0,16,1.0,0,3.0,0,13,No,3,No,No,417,74.0,551,1
LA02176,Industrial,Urban,Agricultural,57.91,,11,0.0,2,0.0,1,8,Yes,1,No,Yes,309,59.0,424,1
LA02177,Railway,Urban,Agricultural,16.54,7.0,10,0.0,1,0.0,3,9,Yes,5,Yes,No,530,71.0,628,1
LA02178,Housing,Rural,Mixed,29.41,10.0,12,1.0,0,1.0,3,11,Yes,4,No,No,371,85.0,494,1
LA02179,Road,Rural,Agricultural,18.83,7.0,14,1.0,2,1.0,2,14,No,2,Yes,No,503,67.0,535,0
LA02180,Housing,Urban,Agricultural,58.58,6.0,12,0.0,1,1.0,3,9,No,4,No,No,275,74.0,384,1
LA02181,Airport,Urban,Agricultural,82.94,13.0,21,4.0,1,0.0,1,18,Yes,3,Yes,No,477,93.0,498,0
LA02182,Housing,Semi-Urban,Mixed,150.0,5.0,12,2.0,1,0.0,6,10,Yes,3,No,No,431,115.0,416,0
LA02183,Housing,Semi-Urban,Mixed,,6.0,9,2.0,0,1.0,1,9,Yes,5,Yes,Yes,301,47.0,492,1
LA02184,Road,Semi-Urban,Commercial,8.27,9.0,10,0.0,1,1.0,1,12,No,2,No,No,373,40.0,383,0
LA02185,Railway,Urban,Commercial,15.47,10.0,19,0.0,3,4.0,3,14,Yes,1,Yes,No,435,112.0,549,1
LA02186,Road,Semi-Urban,Agricultural,47.06,7.0,10,1.0,2,1.0,5,10,No,2,No,No,247,47.0,256,0
LA02187,Housing,Urban,Residential,30.37,4.0,6,3.0,1,3.0,4,13,Yes,3,Yes,No,169,98.0,282,1
LA02188,Industrial,Urban,Residential,57.37,4.0,9,2.0,0,3.0,4,4,Yes,4,No,Yes,226,82.0,355,1
LA02189,Road,Urban,Residential,42.95,13.0,16,2.0,1,0.0,3,20,Yes,5,No,No,323,93.0,504,1
LA02190,Housing,Semi-Urban,Residential,16.75,10.0,13,,1,2.0,1,11,No,5,Yes,Yes,342,62.0,463,1
LA02191,Road,Semi-Urban,Commercial,26.84,10.0,12,0.0,1,0.0,2,14,Yes,4,No,No,325,55.0,310,0
LA02192,Industrial,Urban,Residential,59.24,6.0,9,0.0,0,2.0,2,9,No,4,No,No,238,75.0,348,1
LA02193,Airport,Semi-Urban,Residential,44.68,9.0,14,4.0,2,1.0,1,14,Yes,3,Yes,Yes,469,88.0,545,1
LA02194,Road,Semi-Urban,Agricultural,57.8,8.0,8,2.0,0,2.0,4,12,Yes,6,No,Yes,437,74.0,526,1
LA02195,Industrial,Rural,Residential,11.13,9.0,15,0.0,0,3.0,3,11,Yes,3,No,No,423,59.0,585,1
LA02196,Housing,Rural,Residential,17.75,7.0,11,4.0,1,0.0,3,11,No,4,No,No,350,86.0,354,0
LA02197,Road,Urban,Residential,74.24,4.0,8,0.0,0,2.0,5,5,No,3,Yes,Yes,510,40.0,619,1
LA02198,Railway,Rural,Residential,11.55,4.0,6,1.0,1,1.0,1,7,Yes,1,Yes,No,408,84.0,413,0
LA02199,Road,Rural,Agricultural,55.5,7.0,10,1.0,0,2.0,3,7,Yes,1,No,No,238,,318,1
LA02200,Industrial,Semi-Urban,Mixed,10.34,7.0,14,2.0,1,2.0,2,10,Yes,4,Yes,Yes,442,82.0,554,1
LA02201,Road,Semi-Urban,Mixed,36.99,10.0,21,2.0,0,2.0,6,20,No,5,No,No,292,29.0,392,1
LA02202,Housing,Urban,Mixed,23.91,5.0,8,1.0,1,1.0,4,9,No,4,No,Yes,194,72.0,234,1
LA02203,Housing,Urban,Commercial,16.55,7.0,14,1.0,1,1.0,2,15,No,5,No,No,528,72.0,528,0
LA02204,Road,Rural,Mixed,39.15,10.0,14,1.0,2,0.0,3,16,Yes,3,No,No,325,101.0,355,0
LA02205,Road,Semi-Urban,Agricultural,71.86,13.0,15,2.0,2,2.0,0,18,No,2,No,No,249,93.0,273,0
LA02206,Industrial,Semi-Urban,Commercial,19.82,5.0,12,0.0,0,1.0,5,9,No,2,No,No,393,39.0,436,0
LA02207,Airport,Semi-Urban,Agricultural,4.39,8.0,13,1.0,0,1.0,3,14,No,5,Yes,No,409,35.0,522,1
LA02208,Railway,Urban,Agricultural,31.02,10.0,10,2.0,0,1.0,5,15,No,5,No,No,319,43.0,316,0
LA02209,Road,Urban,Agricultural,16.41,3.0,7,0.0,0,1.0,2,7,Yes,6,No,No,200,75.0,207,0
LA02210,Road,Semi-Urban,Residential,60.07,10.0,15,1.0,2,1.0,3,13,No,3,No,No,293,84.0,407,1
LA02211,Housing,Semi-Urban,Mixed,23.85,9.0,14,1.0,2,4.0,2,11,No,3,No,Yes,424,71.0,576,1
LA02212,Railway,Rural,Residential,20.43,7.0,15,1.0,0,1.0,4,11,No,4,No,Yes,479,46.0,472,0
LA02213,Housing,Semi-Urban,Commercial,25.95,9.0,13,0.0,3,0.0,1,16,No,1,Yes,No,637,51.0,755,1
LA02214,Railway,Semi-Urban,Mixed,71.83,6.0,9,3.0,1,2.0,6,7,No,2,Yes,No,177,56.0,175,0
LA02215,Housing,Rural,Agricultural,46.25,6.0,10,0.0,0,1.0,2,14,Yes,4,Yes,No,369,53.0,374,0
LA02216,Road,Urban,Residential,14.4,6.0,8,0.0,0,1.0,1,13,No,5,No,Yes,309,54.0,333,0
LA02217,Road,Semi-Urban,Agricultural,11.11,11.0,18,1.0,1,0.0,2,11,No,5,Yes,Yes,373,33.0,381,0
LA02218,Housing,Rural,Agricultural,88.07,6.0,10,1.0,2,1.0,4,9,Yes,5,Yes,Yes,202,82.0,298,1
LA02219,Housing,Urban,Mixed,20.03,6.0,9,3.0,1,2.0,2,9,No,3,Yes,Yes,414,80.0,476,1
LA02220,Road,Urban,Commercial,73.26,5.0,11,0.0,1,1.0,3,6,Yes,2,No,No,340,57.0,360,0
LA02221,Railway,Urban,Commercial,30.09,3.0,7,1.0,0,1.0,4,8,No,10,Yes,No,412,61.0,420,0
LA02222,Railway,Urban,Agricultural,17.99,7.0,11,4.0,0,1.0,2,11,No,4,No,No,120,66.0,142,0
LA02223,Railway,Semi-Urban,Commercial,19.16,8.0,13,,0,3.0,3,10,Yes,5,No,No,425,81.0,713,1
LA02224,Road,Urban,Commercial,31.17,14.0,17,2.0,0,0.0,2,19,No,4,No,Yes,199,43.0,245,1
LA02225,Housing,Semi-Urban,Residential,4.16,4.0,8,3.0,0,1.0,4,7,No,6,No,Yes,383,84.0,389,0
LA02226,Road,Urban,Residential,18.48,8.0,10,2.0,1,1.0,3,16,No,5,No,No,566,41.0,675,1
LA02227,Airport,Urban,Residential,109.16,7.0,13,1.0,0,1.0,4,10,No,5,No,No,198,88.0,176,0
LA02228,Road,Urban,Agricultural,130.2,6.0,7,3.0,1,1.0,2,10,Yes,2,Yes,No,343,119.0,422,1
LA02229,Road,Urban,Mixed,20.1,6.0,12,1.0,1,2.0,3,9,No,2,No,Yes,339,74.0,420,1
LA02230,Industrial,Rural,Commercial,53.52,6.0,12,2.0,2,0.0,3,10,Yes,3,No,No,365,94.0,361,0
LA02231,Road,Urban,Agricultural,45.36,5.0,9,2.0,0,0.0,2,9,No,2,Yes,No,221,40.0,335,1
LA02232,Industrial,Urban,Mixed,12.59,9.0,11,1.0,0,0.0,3,12,Yes,2,No,Yes,337,93.0,364,0
LA02233,Road,Urban,Residential,54.15,9.0,12,3.0,1,1.0,3,15,No,3,Yes,No,410,53.0,553,1
LA02234,Housing,Semi-Urban,Residential,25.49,8.0,10,1.0,2,2.0,2,14,No,5,No,No,403,67.0,528,1
LA02235,Airport,Semi-Urban,Mixed,35.89,14.0,14,1.0,0,2.0,6,21,No,4,Yes,No,268,101.0,268,0
LA02236,Housing,Rural,Mixed,61.63,4.0,7,1.0,1,0.0,1,10,No,7,Yes,No,224,60.0,226,0
LA02237,Road,Semi-Urban,Commercial,26.84,13.0,18,,1,4.0,4,15,No,4,No,Yes,377,86.0,465,1
LA02238,Road,Semi-Urban,Residential,26.61,6.0,9,2.0,1,1.0,4,9,Yes,5,Yes,Yes,383,76.0,502,1
LA02239,Railway,Semi-Urban,Mixed,50.16,11.0,21,2.0,1,0.0,4,21,Yes,8,No,Yes,476,80.0,458,0
LA02240,Railway,Rural,Mixed,74.7,10.0,15,1.0,2,1.0,3,17,No,7,,No,441,84.0,404,0
LA02241,Road,Semi-Urban,Commercial,48.22,7.0,14,0.0,3,1.0,1,12,Yes,4,No,No,534,93.0,707,1
LA02242,Road,Urban,Residential,27.62,12.0,18,1.0,2,1.0,4,18,Yes,3,Yes,No,325,78.0,306,0
LA02243,Railway,Rural,Agricultural,69.52,5.0,7,1.0,1,1.0,2,8,No,6,No,No,342,48.0,355,0
LA02244,Road,Rural,Mixed,44.07,5.0,12,3.0,1,4.0,5,9,No,3,No,No,340,67.0,478,1
LA02245,Railway,Semi-Urban,Mixed,85.37,3.0,8,2.0,1,1.0,3,4,No,3,No,No,272,65.0,255,0
LA02246,Road,Rural,Agricultural,100.43,7.0,7,1.0,1,0.0,7,14,No,10,No,No,467,75.0,478,0
LA02247,Road,Rural,Agricultural,47.67,8.0,12,4.0,2,1.0,5,12,No,5,No,No,459,124.0,589,1
LA02248,Industrial,Urban,Commercial,81.44,5.0,9,0.0,1,3.0,1,11,No,5,No,Yes,348,84.0,345,0
LA02249,Railway,Rural,Agricultural,83.04,8.0,9,0.0,2,2.0,5,12,No,5,Yes,Yes,483,84.0,501,0
LA02250,Road,Semi-Urban,Agricultural,32.46,7.0,9,2.0,1,0.0,2,10,No,6,No,No,314,51.0,297,0
LA02251,Railway,Semi-Urban,Residential,83.03,8.0,12,0.0,1,1.0,4,11,No,2,No,No,285,76.0,360,1
LA02252,Airport,Semi-Urban,Residential,37.12,10.0,15,0.0,0,0.0,4,13,Yes,3,No,No,514,51.0,592,1
LA02253,Railway,Rural,Mixed,57.73,9.0,14,3.0,1,1.0,7,13,No,6,No,Yes,420,88.0,506,1
LA02254,Industrial,Semi-Urban,Residential,,6.0,12,1.0,1,1.0,3,10,No,2,No,No,471,58.0,497,0
LA02255,Housing,Semi-Urban,Residential,9.4,9.0,13,1.0,1,2.0,5,16,No,2,No,Yes,383,58.0,372,0
LA02256,Railway,Urban,Mixed,119.31,7.0,11,0.0,2,3.0,2,11,No,3,No,No,381,88.0,461,1
LA02257,Housing,Semi-Urban,Commercial,56.17,5.0,8,1.0,1,1.0,4,10,No,4,No,No,450,58.0,444,0
LA02258,Airport,Rural,Residential,59.59,5.0,10,1.0,0,1.0,3,7,No,5,No,No,330,83.0,405,1
LA02259,Road,Rural,Agricultural,39.77,13.0,20,1.0,1,0.0,5,16,No,4,No,Yes,400,56.0,379,0
LA02260,Railway,Urban,Mixed,82.63,10.0,13,0.0,0,1.0,1,12,No,3,Yes,Yes,557,76.0,567,0
LA02261,Industrial,Rural,Agricultural,31.91,4.0,8,4.0,1,0.0,4,9,Yes,8,No,Yes,405,73.0,541,1
LA02262,Housing,Rural,Agricultural,33.51,9.0,17,3.0,1,2.0,3,11,No,6,No,No,200,46.0,191,0
LA02263,Railway,Semi-Urban,Agricultural,14.56,6.0,8,0.0,1,3.0,3,8,No,1,No,No,344,58.0,351,0
LA02264,Road,Urban,Residential,42.76,5.0,9,1.0,3,2.0,1,6,Yes,3,Yes,No,330,79.0,458,1
LA02265,Industrial,Semi-Urban,Commercial,79.88,7.0,12,2.0,2,0.0,4,8,No,2,No,No,347,66.0,357,0
LA02266,Road,Urban,Residential,32.2,6.0,8,1.0,3,6.0,1,11,No,3,Yes,No,331,126.0,508,1
LA02267,Airport,Urban,Agricultural,12.84,7.0,9,0.0,2,1.0,3,11,No,1,Yes,No,419,49.0,506,1
LA02268,Railway,Semi-Urban,Residential,69.09,9.0,12,1.0,1,4.0,1,11,Yes,3,Yes,No,272,103.0,388,1
LA02269,Airport,Rural,Residential,50.49,7.0,8,1.0,0,3.0,5,13,No,3,Yes,No,359,56.0,427,1
LA02270,Housing,Semi-Urban,Residential,110.32,10.0,13,2.0,0,1.0,1,13,No,2,No,Yes,382,40.0,429,1
LA02271,Industrial,Rural,Mixed,19.19,9.0,11,,1,2.0,1,11,No,2,No,No,622,64.0,615,0
LA02272,Industrial,Rural,Residential,56.32,8.0,10,0.0,2,0.0,5,10,No,4,No,Yes,390,92.0,477,1
LA02273,Airport,Urban,Residential,12.33,7.0,10,0.0,0,0.0,5,12,Yes,5,Yes,No,255,,265,0
LA02274,Housing,Urban,Residential,35.19,6.0,10,0.0,3,3.0,5,10,No,10,No,No,238,86.0,384,1
LA02275,Housing,Rural,Commercial,40.26,5.0,7,1.0,2,1.0,4,11,No,5,No,No,450,80.0,515,1
LA02276,Road,Rural,Agricultural,8.41,15.0,17,2.0,0,1.0,2,18,No,2,No,No,536,62.0,621,1
LA02277,Industrial,Semi-Urban,Mixed,76.06,,14,0.0,0,0.0,2,15,Yes,3,No,No,222,58.0,262,1
LA02278,Road,Semi-Urban,Commercial,62.68,11.0,15,4.0,1,2.0,8,13,No,3,No,No,425,37.0,623,1
LA02279,Housing,Semi-Urban,Agricultural,50.49,12.0,17,1.0,0,2.0,2,14,No,5,No,Yes,259,65.0,381,1
LA02280,Industrial,Rural,Commercial,13.09,8.0,10,2.0,1,1.0,3,14,No,3,No,No,357,79.0,466,1
LA02281,Railway,Rural,Residential,20.77,6.0,10,0.0,1,2.0,4,7,No,3,Yes,Yes,494,89.0,672,1
LA02282,Road,Urban,Mixed,67.64,10.0,13,2.0,1,3.0,7,16,Yes,4,Yes,Yes,351,60.0,470,1
LA02283,Road,Urban,Mixed,34.93,7.0,11,1.0,1,0.0,2,13,No,3,Yes,No,314,95.0,288,0
LA02284,Airport,Urban,Residential,29.93,7.0,12,1.0,0,2.0,4,11,No,5,No,No,651,87.0,770,1
LA02285,Road,Rural,Commercial,81.38,11.0,19,0.0,1,1.0,3,18,Yes,5,No,No,558,60.0,722,1
LA02286,Road,Rural,Residential,39.2,7.0,12,0.0,2,0.0,3,10,No,5,No,No,363,81.0,438,1
LA02287,Housing,Rural,Agricultural,14.13,8.0,11,0.0,1,1.0,2,11,Yes,8,No,No,382,85.0,402,0
LA02288,Airport,Urban,Mixed,67.08,4.0,11,3.0,1,0.0,3,8,No,3,No,No,325,58.0,305,0
LA02289,Road,Semi-Urban,Mixed,12.54,7.0,12,0.0,3,0.0,3,9,No,3,Yes,No,412,84.0,424,0
LA02290,Road,Urban,Agricultural,35.15,8.0,12,0.0,0,1.0,2,10,No,6,Yes,No,227,,280,1
LA02291,Housing,Semi-Urban,Commercial,43.24,6.0,9,1.0,0,4.0,4,13,Yes,5,No,No,446,85.0,557,1
LA02292,Airport,Urban,Commercial,57.79,4.0,8,1.0,2,,1,9,No,3,No,No,142,15.0,270,1
LA02293,Industrial,Rural,Residential,10.02,8.0,13,2.0,2,4.0,5,13,No,7,No,No,458,108.0,667,1
LA02294,Road,Urban,Commercial,3.36,10.0,18,1.0,1,4.0,2,15,Yes,4,No,No,397,74.0,398,0
LA02295,Road,Semi-Urban,Commercial,3.53,8.0,11,0.0,1,1.0,5,11,Yes,2,No,No,239,58.0,232,0
LA02296,Road,Rural,Mixed,88.18,4.0,8,2.0,0,1.0,3,8,No,3,No,No,492,66.0,604,1
LA02297,Airport,Semi-Urban,Mixed,8.44,8.0,14,1.0,0,0.0,2,11,Yes,2,No,No,309,61.0,488,1
LA02298,Road,Urban,Residential,103.19,9.0,14,0.0,1,1.0,1,16,No,3,Yes,No,481,43.0,495,0
LA02299,Road,Rural,Residential,71.98,8.0,13,0.0,0,1.0,1,11,No,3,,No,166,,178,0
LA02300,Airport,Semi-Urban,Residential,16.41,7.0,11,5.0,2,4.0,2,9,No,6,Yes,No,241,88.0,439,1
LA02301,Housing,Semi-Urban,Residential,5.0,8.0,16,0.0,2,0.0,3,14,No,4,No,No,272,58.0,274,0
LA02302,Airport,Semi-Urban,Agricultural,37.15,8.0,11,2.0,0,2.0,3,10,No,3,No,No,357,69.0,341,0
LA02303,Railway,Rural,Mixed,23.48,4.0,10,2.0,1,1.0,5,7,No,7,No,No,389,56.0,475,1
LA02304,Railway,Semi-Urban,Agricultural,82.28,9.0,11,0.0,3,0.0,3,13,No,2,No,No,391,62.0,410,0
LA02305,Railway,Semi-Urban,Commercial,42.93,9.0,11,0.0,3,1.0,4,15,No,4,No,No,211,71.0,215,0
LA02306,Road,Semi-Urban,Agricultural,35.45,14.0,16,0.0,1,1.0,1,20,Yes,6,No,Yes,270,98.0,430,1
LA02307,Railway,Urban,Agricultural,30.05,9.0,15,0.0,3,1.0,2,15,No,5,No,Yes,294,33.0,284,0
LA02308,Railway,Rural,Mixed,57.69,4.0,8,1.0,0,1.0,1,9,No,8,No,No,193,18.0,166,0
LA02309,Industrial,Urban,Commercial,33.08,5.0,6,0.0,1,0.0,3,13,Yes,7,No,No,338,90.0,323,0
LA02310,Housing,Semi-Urban,Agricultural,116.64,11.0,17,1.0,1,1.0,2,15,Yes,3,No,No,238,97.0,249,0
LA02311,Housing,Semi-Urban,Mixed,8.13,8.0,11,2.0,1,1.0,2,13,Yes,5,Yes,No,311,103.0,446,1
LA02312,Road,Urban,Agricultural,27.65,6.0,8,0.0,4,0.0,3,7,No,1,No,No,354,78.0,352,0
LA02313,Railway,Semi-Urban,Residential,52.13,8.0,12,0.0,2,2.0,6,11,No,1,,Yes,387,87.0,392,0
LA02314,Road,Semi-Urban,Agricultural,47.47,7.0,11,0.0,0,1.0,2,12,Yes,2,No,No,329,67.0,368,1
LA02315,Railway,Urban,Commercial,116.42,7.0,11,0.0,1,1.0,1,8,Yes,3,No,No,349,71.0,358,0
LA02316,Road,Urban,Agricultural,19.48,7.0,13,0.0,0,1.0,1,8,No,4,No,No,362,50.0,428,1
LA02317,Road,Rural,Mixed,1.58,2.0,5,0.0,1,2.0,6,6,Yes,2,No,No,385,72.0,378,0
LA02318,Airport,Rural,Agricultural,68.28,9.0,13,1.0,0,1.0,3,12,No,2,No,Yes,120,,115,0
LA02319,Railway,Semi-Urban,Agricultural,41.49,12.0,18,0.0,1,0.0,2,14,Yes,2,No,No,299,103.0,279,0
LA02320,Housing,Urban,Mixed,68.69,9.0,14,1.0,0,1.0,2,17,Yes,2,Yes,Yes,431,33.0,515,1
LA02321,Road,Urban,Agricultural,45.85,8.0,14,2.0,1,0.0,3,12,No,6,No,No,182,61.0,188,0
LA02322,Road,Urban,Agricultural,2.78,8.0,13,1.0,1,1.0,1,15,No,3,,No,475,68.0,461,0
LA02323,Railway,Semi-Urban,Residential,47.93,7.0,10,1.0,2,1.0,8,8,Yes,2,No,No,375,91.0,463,1
LA02324,Road,Rural,Agricultural,19.36,8.0,11,,3,1.0,3,10,No,7,Yes,No,389,69.0,496,1
LA02325,Road,Rural,Agricultural,27.66,,11,1.0,0,3.0,3,12,No,7,No,No,423,56.0,527,1
LA02326,Housing,Urban,Residential,32.24,4.0,8,1.0,2,2.0,4,6,No,4,Yes,No,409,81.0,542,1
LA02327,Road,Rural,Agricultural,12.53,9.0,14,3.0,1,2.0,3,13,Yes,4,Yes,No,457,81.0,588,1
LA02328,Road,Semi-Urban,Residential,18.81,7.0,9,0.0,0,0.0,3,11,No,2,No,No,432,76.0,440,0
LA02329,Industrial,Urban,Residential,60.41,12.0,15,1.0,0,1.0,2,17,Yes,6,Yes,No,293,82.0,368,1
LA02330,Railway,Semi-Urban,Agricultural,60.35,5.0,10,1.0,4,0.0,2,10,Yes,2,No,No,307,60.0,436,1
LA02331,Industrial,Urban,Residential,7.18,11.0,15,0.0,1,1.0,4,13,No,6,No,No,492,,500,0
LA02332,Railway,Rural,Commercial,41.82,6.0,8,1.0,0,3.0,1,11,Yes,1,No,Yes,442,60.0,572,1
LA02333,Housing,Semi-Urban,Commercial,64.96,12.0,14,3.0,0,1.0,3,16,Yes,5,Yes,Yes,471,83.0,587,1
LA02334,Road,Semi-Urban,Agricultural,38.79,8.0,15,0.0,0,0.0,3,13,No,7,No,No,303,64.0,309,0
LA02335,Railway,Semi-Urban,Residential,43.58,6.0,8,1.0,0,3.0,1,10,Yes,3,Yes,No,287,80.0,447,1
LA02336,Industrial,Rural,Agricultural,7.77,7.0,13,1.0,2,1.0,2,10,No,3,No,No,405,82.0,421,0
LA02337,Housing,Semi-Urban,Residential,80.2,10.0,15,1.0,3,1.0,1,18,No,4,No,Yes,389,102.0,473,1
LA02338,Railway,Semi-Urban,Agricultural,13.59,6.0,10,2.0,0,1.0,4,6,No,4,Yes,Yes,452,49.0,616,1
LA02339,Industrial,Urban,Commercial,26.55,11.0,14,,1,,5,16,No,3,No,No,437,83.0,585,1
LA02340,Road,Rural,Commercial,65.36,2.0,7,2.0,1,3.0,5,5,No,2,No,No,343,68.0,429,1
LA02341,Road,Semi-Urban,Agricultural,99.17,8.0,12,1.0,1,2.0,3,13,No,2,No,Yes,570,59.0,582,0
LA02342,Road,Urban,Mixed,28.3,8.0,10,0.0,1,0.0,2,13,Yes,5,Yes,No,397,39.0,457,1
LA02343,Airport,Rural,Residential,135.41,8.0,12,1.0,1,0.0,6,12,Yes,4,No,No,398,75.0,466,1
LA02344,Road,Urban,Mixed,39.81,7.0,9,1.0,0,2.0,2,15,Yes,3,Yes,Yes,120,88.0,219,1
LA02345,Airport,Urban,Mixed,,9.0,16,3.0,1,0.0,3,13,Yes,3,No,No,328,91.0,334,0
LA02346,Road,Semi-Urban,Agricultural,15.43,7.0,12,0.0,1,1.0,3,16,No,3,No,No,168,56.0,169,0
LA02347,Housing,Urban,Residential,27.01,7.0,12,0.0,1,0.0,3,14,No,6,No,No,179,88.0,219,0
LA02348,Housing,Semi-Urban,Residential,42.37,5.0,7,1.0,0,3.0,2,7,No,4,No,No,406,50.0,382,0
LA02349,Road,Urban,Mixed,52.61,8.0,14,1.0,2,5.0,7,12,No,5,Yes,No,378,,455,1
LA02350,Road,Urban,Residential,50.9,6.0,8,1.0,2,1.0,5,9,No,9,Yes,No,450,,448,0
LA02351,Road,Urban,Mixed,24.78,5.0,13,2.0,1,0.0,3,11,No,2,Yes,Yes,475,83.0,568,1
LA02352,Housing,Urban,Agricultural,87.65,6.0,9,0.0,2,0.0,5,12,Yes,2,Yes,No,387,55.0,388,0
LA02353,Road,Rural,Agricultural,37.48,6.0,11,4.0,1,1.0,6,8,No,4,No,No,451,92.0,581,1
LA02354,Railway,Semi-Urban,Commercial,35.69,6.0,8,2.0,1,1.0,3,11,Yes,2,No,No,363,24.0,367,0
LA02355,Railway,Semi-Urban,Residential,14.5,11.0,13,1.0,2,0.0,5,15,Yes,3,Yes,No,514,74.0,520,0
LA02356,Airport,Semi-Urban,Agricultural,56.38,5.0,8,2.0,2,1.0,4,10,Yes,3,No,No,384,50.0,412,0
LA02357,Railway,Rural,Mixed,34.18,12.0,15,1.0,0,2.0,3,14,Yes,6,No,No,464,79.0,560,1
LA02358,Railway,Urban,Residential,28.6,8.0,8,3.0,1,3.0,4,13,No,6,Yes,No,444,110.0,450,0
LA02359,Housing,Urban,Mixed,10.63,11.0,13,4.0,1,1.0,6,16,Yes,7,Yes,No,351,76.0,491,1
LA02360,Road,Semi-Urban,Mixed,11.06,4.0,5,1.0,3,1.0,5,7,No,3,No,No,438,62.0,433,0
LA02361,Housing,Semi-Urban,Residential,45.6,9.0,12,1.0,1,1.0,2,20,No,2,No,No,361,43.0,465,1
LA02362,Road,Rural,Agricultural,96.23,6.0,8,0.0,3,0.0,0,11,No,4,No,No,463,79.0,629,1
LA02363,Railway,Rural,Residential,30.34,9.0,12,1.0,0,3.0,5,13,No,2,Yes,No,373,50.0,444,1
LA02364,Housing,Rural,Commercial,30.18,9.0,13,2.0,1,0.0,3,12,Yes,3,No,No,256,80.0,350,1
LA02365,Industrial,Urban,Mixed,56.86,7.0,9,0.0,1,1.0,2,10,Yes,2,No,Yes,375,47.0,442,1
LA02366,Industrial,Urban,Mixed,78.28,9.0,13,1.0,0,1.0,6,16,No,1,No,No,379,81.0,387,0
LA02367,Road,Urban,Mixed,22.97,13.0,16,2.0,1,0.0,3,15,No,4,No,No,428,88.0,525,1
LA02368,Railway,Rural,Residential,14.7,4.0,7,0.0,0,2.0,4,7,No,3,No,Yes,394,60.0,385,0
LA02369,Railway,Rural,Agricultural,33.49,9.0,13,1.0,0,1.0,6,12,No,1,No,No,392,73.0,400,0
LA02370,Railway,Rural,Residential,50.4,9.0,15,1.0,1,1.0,3,11,No,4,No,No,601,,665,1
LA02371,Railway,Urban,Mixed,,11.0,13,4.0,0,0.0,3,17,Yes,3,No,No,376,79.0,498,1
LA02372,Road,Rural,Residential,25.6,11.0,16,1.0,1,1.0,1,14,No,5,No,No,120,64.0,107,0
LA02373,Road,Semi-Urban,Residential,30.98,5.0,9,0.0,0,1.0,1,9,Yes,5,No,No,328,83.0,424,1
LA02374,Road,Rural,Residential,27.93,6.0,11,0.0,1,2.0,4,10,No,2,No,No,367,60.0,375,0
LA02375,Railway,Semi-Urban,Residential,9.66,11.0,16,1.0,5,1.0,5,15,No,4,No,No,429,93.0,575,1
LA02376,Road,Urban,Residential,25.67,13.0,16,1.0,0,0.0,1,14,Yes,9,Yes,No,400,34.0,525,1
LA02377,Housing,Urban,Residential,31.37,7.0,14,2.0,2,0.0,4,9,Yes,5,Yes,No,380,57.0,545,1
LA02378,Industrial,Rural,Mixed,16.88,7.0,9,3.0,2,3.0,4,15,No,4,Yes,No,384,91.0,374,0
LA02379,Road,Semi-Urban,Mixed,42.59,5.0,8,0.0,1,0.0,4,8,No,2,No,No,271,56.0,307,1
LA02380,Industrial,Semi-Urban,Residential,62.7,9.0,15,2.0,0,1.0,0,13,No,1,No,No,287,55.0,282,0
LA02381,Housing,Semi-Urban,Mixed,64.25,8.0,13,1.0,0,2.0,3,13,No,4,No,No,529,55.0,544,0
LA02382,Road,Semi-Urban,Agricultural,20.46,11.0,14,1.0,2,1.0,4,15,No,4,No,No,338,68.0,427,1
LA02383,Road,Rural,Mixed,49.73,5.0,12,1.0,0,2.0,2,10,Yes,2,No,No,411,67.0,534,1
LA02384,Road,Urban,Agricultural,46.85,8.0,13,2.0,1,1.0,0,15,No,2,Yes,No,429,87.0,597,1
LA02385,Road,Urban,Agricultural,110.3,7.0,12,2.0,1,1.0,3,10,Yes,5,Yes,Yes,384,65.0,464,1
LA02386,Airport,Rural,Agricultural,49.91,9.0,12,3.0,2,0.0,2,15,No,4,Yes,No,381,69.0,518,1
LA02387,Housing,Semi-Urban,Residential,52.02,6.0,10,0.0,1,2.0,3,10,No,7,No,Yes,363,79.0,361,0
LA02388,Road,Urban,Agricultural,71.34,7.0,9,1.0,0,3.0,2,11,No,3,No,No,197,64.0,339,1
LA02389,Airport,Urban,Mixed,12.06,7.0,17,0.0,2,1.0,1,14,No,4,No,No,451,70.0,466,0
LA02390,Road,Urban,Mixed,36.76,7.0,9,0.0,1,2.0,3,12,No,4,No,No,342,78.0,359,0
LA02391,Industrial,Urban,Agricultural,100.18,3.0,10,1.0,0,1.0,2,11,No,4,,No,370,65.0,328,0
LA02392,Airport,Urban,Agricultural,101.53,7.0,11,0.0,1,0.0,4,13,Yes,3,No,No,352,35.0,346,0
LA02393,Railway,Urban,Mixed,25.67,8.0,12,1.0,2,1.0,0,10,No,6,Yes,No,509,37.0,623,1
LA02394,Road,Rural,Residential,98.41,5.0,10,0.0,2,0.0,2,9,Yes,3,No,No,270,94.0,390,1
LA02395,Industrial,Rural,Residential,28.7,9.0,13,1.0,1,3.0,3,13,No,6,,No,332,76.0,336,0
LA02396,Housing,Rural,Agricultural,43.69,12.0,17,1.0,1,1.0,6,15,Yes,5,No,No,395,113.0,390,0
LA02397,Road,Semi-Urban,Residential,8.18,9.0,11,1.0,0,2.0,4,15,No,3,No,No,465,66.0,467,0
LA02398,Road,Urban,Agricultural,85.02,7.0,9,2.0,2,1.0,5,10,Yes,4,No,No,338,98.0,412,1
LA02399,Road,Rural,Residential,27.62,9.0,12,1.0,2,0.0,3,11,Yes,5,No,No,336,84.0,389,1
LA02400,Industrial,Rural,Agricultural,9.97,6.0,10,0.0,1,1.0,2,9,Yes,3,No,No,434,79.0,451,0
LA02401,Industrial,Semi-Urban,Commercial,,8.0,11,1.0,1,1.0,4,15,Yes,4,Yes,Yes,406,98.0,418,0
LA02402,Airport,Urban,Mixed,2.45,6.0,11,0.0,0,2.0,4,8,No,6,No,No,446,62.0,514,1
LA02403,Airport,Urban,Commercial,55.17,9.0,10,1.0,1,1.0,6,14,No,2,Yes,No,298,55.0,282,0
LA02404,Housing,Semi-Urban,Agricultural,74.89,,11,0.0,1,2.0,5,19,No,3,No,No,352,57.0,352,0
LA02405,Housing,Semi-Urban,Mixed,15.11,8.0,12,0.0,3,0.0,5,12,No,2,No,No,355,70.0,456,1
LA02406,Road,Urban,Commercial,14.62,10.0,13,2.0,0,0.0,5,14,No,1,No,No,528,46.0,521,0
LA02407,Industrial,Rural,Agricultural,52.46,6.0,7,1.0,2,0.0,5,9,Yes,3,No,No,524,80.0,500,0
LA02408,Road,Semi-Urban,Residential,56.91,12.0,14,0.0,3,0.0,3,18,No,5,No,Yes,336,49.0,342,0
LA02409,Road,Semi-Urban,Commercial,21.25,12.0,18,0.0,1,1.0,3,15,Yes,4,Yes,Yes,181,56.0,311,1
LA02410,Housing,Urban,Agricultural,16.95,10.0,14,2.0,0,0.0,5,15,Yes,2,Yes,No,171,110.0,250,1
LA02411,Industrial,Rural,Commercial,66.26,6.0,9,1.0,1,1.0,3,17,No,4,Yes,Yes,354,82.0,456,1
LA02412,Housing,Rural,Mixed,9.03,9.0,11,1.0,0,2.0,3,13,Yes,4,No,No,304,31.0,323,0
LA02413,Railway,Urban,Mixed,24.56,5.0,11,0.0,1,1.0,3,11,No,7,Yes,Yes,509,71.0,627,1
LA02414,Railway,Semi-Urban,Mixed,16.58,8.0,13,4.0,2,1.0,7,11,No,3,Yes,No,487,,471,0
LA02415,Railway,Semi-Urban,Commercial,51.91,8.0,10,3.0,2,0.0,2,13,Yes,2,Yes,No,549,85.0,574,0
LA02416,Road,Rural,Mixed,17.72,13.0,16,2.0,1,1.0,4,15,Yes,3,No,No,410,59.0,388,0
LA02417,Road,Urban,Mixed,,7.0,9,0.0,1,2.0,3,11,No,4,No,No,124,34.0,112,0
LA02418,Railway,Rural,Residential,,11.0,21,0.0,1,1.0,2,18,No,3,Yes,No,320,64.0,411,1
LA02419,Road,Semi-Urban,Commercial,45.65,9.0,16,4.0,1,3.0,4,14,No,5,No,No,241,86.0,262,0
LA02420,Housing,Urban,Residential,18.01,9.0,11,1.0,2,1.0,3,14,Yes,2,No,Yes,445,93.0,533,1
LA02421,Road,Urban,Residential,39.72,5.0,9,0.0,0,3.0,3,10,Yes,8,No,No,272,52.0,277,0
LA02422,Road,Urban,Residential,19.97,5.0,7,1.0,1,3.0,4,11,No,3,Yes,Yes,410,72.0,490,1
LA02423,Airport,Urban,Agricultural,13.9,11.0,13,2.0,0,1.0,3,19,No,5,No,No,328,32.0,298,0
LA02424,Road,Semi-Urban,Residential,56.68,11.0,15,3.0,0,0.0,4,16,Yes,3,No,Yes,308,60.0,369,1
LA02425,Housing,Rural,Residential,17.58,9.0,15,2.0,0,0.0,2,17,No,3,No,Yes,577,27.0,696,1
LA02426,Airport,Urban,Residential,17.86,5.0,11,3.0,2,0.0,3,6,No,2,No,No,382,55.0,378,0
LA02427,Road,Rural,Commercial,37.26,15.0,20,2.0,1,1.0,5,16,No,4,No,No,325,97.0,414,1
LA02428,Industrial,Urban,Mixed,42.03,9.0,15,1.0,2,3.0,3,14,No,4,Yes,No,319,58.0,335,0
LA02429,Industrial,Semi-Urban,Mixed,13.44,5.0,11,0.0,0,0.0,2,8,No,3,No,No,383,49.0,429,1
LA02430,Airport,Rural,Agricultural,49.06,5.0,6,1.0,3,2.0,2,15,Yes,2,No,Yes,485,57.0,584,1
LA02431,Housing,Rural,Residential,18.83,8.0,13,1.0,1,2.0,0,11,No,6,No,No,573,,713,1
LA02432,Airport,Semi-Urban,Mixed,10.5,7.0,12,3.0,0,1.0,5,12,Yes,4,No,No,327,71.0,395,1
LA02433,Industrial,Rural,Residential,27.27,10.0,14,0.0,2,0.0,4,16,No,6,No,No,303,43.0,319,0
LA02434,Road,Urban,Mixed,26.95,8.0,14,2.0,3,2.0,6,12,No,7,No,No,449,53.0,549,1
LA02435,Industrial,Urban,Commercial,46.28,7.0,14,0.0,2,0.0,5,9,No,6,No,No,394,83.0,479,1
LA02436,Housing,Semi-Urban,Agricultural,112.97,8.0,13,2.0,1,,2,11,No,4,No,Yes,265,54.0,370,1
LA02437,Industrial,Urban,Residential,36.79,14.0,18,0.0,3,6.0,1,19,Yes,6,No,Yes,200,57.0,285,1
LA02438,Industrial,Semi-Urban,Residential,50.77,6.0,8,1.0,0,1.0,3,8,No,4,No,No,240,31.0,247,0
LA02439,Railway,Urban,Agricultural,7.95,10.0,19,0.0,3,2.0,4,11,No,5,No,No,320,81.0,416,1
LA02440,Airport,Rural,Agricultural,74.49,10.0,16,4.0,0,,6,13,No,5,No,No,506,98.0,602,1
LA02441,Housing,Rural,Mixed,30.76,11.0,17,1.0,0,1.0,1,17,No,4,No,Yes,214,80.0,220,0
LA02442,Road,Rural,Commercial,11.35,,13,0.0,1,0.0,3,13,No,3,No,No,389,50.0,396,0
LA02443,Road,Rural,Agricultural,72.62,9.0,12,3.0,2,1.0,2,9,No,3,No,No,401,84.0,514,1
LA02444,Railway,Urban,Residential,31.77,2.0,8,0.0,2,1.0,3,3,No,2,No,No,470,71.0,441,0
LA02445,Railway,Urban,Agricultural,64.88,11.0,12,0.0,1,2.0,2,13,No,6,Yes,No,251,51.0,269,0
LA02446,Industrial,Semi-Urban,Residential,120.9,,16,3.0,0,1.0,3,16,No,5,No,No,298,65.0,284,0
LA02447,Road,Semi-Urban,Commercial,8.85,10.0,11,0.0,0,,2,16,Yes,3,No,No,412,33.0,439,0
LA02448,Railway,Semi-Urban,Commercial,18.18,7.0,12,3.0,4,0.0,6,9,Yes,6,Yes,No,457,75.0,629,1
LA02449,Industrial,Semi-Urban,Mixed,57.3,12.0,15,1.0,0,1.0,1,12,Yes,3,No,Yes,373,73.0,367,0
LA02450,Industrial,Semi-Urban,Agricultural,33.4,7.0,14,0.0,2,2.0,4,12,Yes,3,Yes,No,391,101.0,464,1
LA02451,Industrial,Urban,Residential,2.78,8.0,9,2.0,0,1.0,4,12,No,4,Yes,No,437,71.0,422,0
LA02452,Airport,Urban,Mixed,24.99,7.0,14,2.0,0,1.0,1,11,No,4,Yes,No,191,69.0,161,0
LA02453,Industrial,Semi-Urban,Commercial,28.22,8.0,10,0.0,2,2.0,3,12,Yes,3,Yes,No,311,69.0,377,1
LA02454,Airport,Semi-Urban,Commercial,31.8,9.0,16,1.0,4,3.0,4,15,No,1,No,Yes,284,98.0,432,1
LA02455,Industrial,Rural,Agricultural,17.63,4.0,10,1.0,1,1.0,6,8,Yes,3,Yes,Yes,372,61.0,547,1
LA02456,Railway,Semi-Urban,Mixed,87.14,8.0,9,0.0,0,0.0,3,11,No,3,Yes,No,231,71.0,218,0
LA02457,Industrial,Rural,Residential,7.96,11.0,12,2.0,1,1.0,3,16,Yes,2,No,Yes,311,75.0,518,1
LA02458,Road,Rural,Agricultural,43.95,7.0,9,0.0,1,0.0,4,9,No,4,No,No,336,36.0,338,0
LA02459,Road,Urban,Mixed,21.44,8.0,14,1.0,0,0.0,4,8,No,4,No,No,374,83.0,489,1
LA02460,Railway,Semi-Urban,Residential,20.2,12.0,18,4.0,1,2.0,3,13,No,3,No,Yes,458,80.0,536,1
LA02461,Housing,Semi-Urban,Mixed,79.63,10.0,16,2.0,0,1.0,1,16,No,3,No,No,604,33.0,595,0
LA02462,Industrial,Semi-Urban,Agricultural,27.07,6.0,8,1.0,1,2.0,3,9,Yes,2,No,No,382,86.0,392,0
LA02463,Road,Urban,Residential,44.12,7.0,11,2.0,1,0.0,3,9,No,3,No,Yes,255,79.0,251,0
LA02464,Industrial,Rural,Residential,59.95,10.0,13,4.0,2,2.0,1,16,No,2,No,No,402,91.0,522,1
LA02465,Road,Rural,Mixed,34.54,9.0,10,1.0,2,2.0,1,11,No,4,Yes,No,357,61.0,348,0
LA02466,Airport,Urban,Mixed,80.37,7.0,10,0.0,0,4.0,4,12,Yes,3,No,Yes,407,66.0,531,1
LA02467,Housing,Urban,Residential,10.28,6.0,11,1.0,5,,0,11,No,4,Yes,No,378,66.0,503,1
LA02468,Industrial,Urban,Residential,46.04,9.0,15,1.0,1,,2,9,Yes,3,No,No,270,108.0,347,1
LA02469,Industrial,Rural,Residential,113.75,9.0,16,1.0,1,3.0,3,14,Yes,2,Yes,No,418,75.0,520,1
LA02470,Road,Semi-Urban,Residential,43.33,8.0,12,2.0,0,2.0,4,15,No,1,No,No,468,49.0,615,1
LA02471,Railway,Urban,Commercial,6.19,7.0,8,4.0,1,1.0,2,16,No,4,No,No,397,73.0,470,1
LA02472,Housing,Rural,Residential,47.2,8.0,11,1.0,1,0.0,2,13,No,6,Yes,No,464,47.0,578,1
LA02473,Airport,Semi-Urban,Residential,,7.0,11,3.0,4,1.0,2,12,No,2,No,No,377,62.0,385,0
LA02474,Railway,Semi-Urban,Residential,25.24,9.0,13,2.0,1,3.0,3,11,No,2,No,No,263,59.0,291,0
LA02475,Railway,Semi-Urban,Agricultural,25.0,7.0,13,0.0,0,0.0,3,9,Yes,3,No,No,396,50.0,389,0
LA02476,Road,Semi-Urban,Commercial,55.72,11.0,14,0.0,1,3.0,3,15,No,2,Yes,Yes,365,21.0,452,1
LA02477,Road,Semi-Urban,Commercial,48.93,8.0,14,1.0,2,2.0,5,16,No,4,No,No,384,112.0,412,0
LA02478,Road,Urban,Agricultural,35.49,8.0,12,0.0,2,1.0,4,12,Yes,6,No,Yes,343,,474,1
LA02479,Railway,Semi-Urban,Mixed,18.71,6.0,8,,0,0.0,0,9,No,1,No,No,343,63.0,335,0
LA02480,Housing,Rural,Agricultural,23.11,8.0,11,0.0,2,,4,11,No,5,No,No,416,51.0,565,1
LA02481,Railway,Semi-Urban,Mixed,14.32,9.0,11,0.0,1,0.0,4,14,No,6,No,No,467,,460,0
LA02482,Road,Rural,Commercial,5.48,5.0,5,0.0,0,0.0,2,7,No,3,No,Yes,206,74.0,308,1
LA02483,Road,Semi-Urban,Residential,74.53,6.0,8,0.0,1,1.0,2,10,Yes,2,No,No,410,60.0,400,0
LA02484,Road,Rural,Mixed,57.81,8.0,17,0.0,0,2.0,2,11,No,2,Yes,Yes,516,101.0,601,1
LA02485,Housing,Urban,Agricultural,53.91,8.0,11,1.0,3,3.0,3,16,No,4,Yes,Yes,448,116.0,462,0
LA02486,Railway,Rural,Commercial,53.21,5.0,7,0.0,2,1.0,2,7,Yes,5,Yes,No,370,60.0,517,1
LA02487,Airport,Urban,Residential,28.91,9.0,13,2.0,0,2.0,5,12,Yes,5,Yes,No,367,74.0,462,1
LA02488,Housing,Urban,Agricultural,26.0,10.0,17,3.0,0,2.0,5,14,Yes,3,No,No,359,102.0,507,1
LA02489,Road,Urban,Mixed,11.46,9.0,10,2.0,1,0.0,6,11,No,5,No,No,525,71.0,617,1
LA02490,Industrial,Urban,Residential,61.16,5.0,12,1.0,0,2.0,3,11,No,2,No,No,357,62.0,371,0
LA02491,Housing,Rural,Residential,150.0,5.0,10,0.0,1,0.0,6,12,No,2,No,No,280,84.0,297,0
LA02492,Railway,Rural,Residential,45.77,10.0,14,1.0,5,2.0,2,14,Yes,2,Yes,No,368,99.0,498,1
LA02493,Road,Rural,Agricultural,67.21,7.0,13,0.0,2,2.0,6,9,No,7,No,No,278,64.0,269,0
LA02494,Housing,Urban,Mixed,67.39,8.0,10,0.0,2,1.0,7,11,No,7,No,No,435,70.0,563,1
LA02495,Housing,Rural,Commercial,93.33,8.0,12,1.0,2,3.0,4,9,No,6,Yes,No,274,,258,0
LA02496,Railway,Rural,Mixed,16.7,7.0,11,3.0,2,0.0,1,11,No,6,No,Yes,560,56.0,638,1
LA02497,Industrial,Urban,Agricultural,8.11,10.0,12,2.0,2,1.0,2,11,Yes,3,No,No,456,67.0,595,1
LA02498,Road,Semi-Urban,Agricultural,39.42,12.0,18,1.0,1,1.0,2,16,No,7,No,No,246,82.0,229,0
LA02499,Housing,Semi-Urban,Residential,30.98,6.0,7,3.0,2,0.0,4,9,No,3,No,No,368,30.0,383,0
LA02500,Railway,Urban,Residential,149.15,10.0,14,0.0,3,1.0,0,11,No,5,No,Yes,230,66.0,215,0
LA02501,Road,Semi-Urban,Commercial,14.52,3.0,5,1.0,2,0.0,1,12,No,2,No,Yes,331,56.0,376,1
LA02502,Industrial,Rural,Residential,112.65,10.0,15,1.0,0,1.0,2,13,No,7,No,Yes,511,72.0,662,1
LA02503,Housing,Urban,Residential,31.22,8.0,14,4.0,4,1.0,3,14,No,3,No,No,213,92.0,343,1
LA02504,Housing,Semi-Urban,Mixed,13.01,9.0,13,0.0,1,2.0,2,11,No,5,No,No,247,81.0,315,1
LA02505,Road,Semi-Urban,Agricultural,99.23,3.0,9,0.0,0,3.0,2,6,Yes,3,No,No,333,47.0,462,1
LA02506,Road,Rural,Residential,16.92,8.0,13,4.0,2,0.0,1,13,No,8,No,No,365,67.0,366,0
LA02507,Housing,Rural,Commercial,67.49,10.0,14,2.0,2,2.0,3,15,Yes,4,No,No,352,76.0,466,1
LA02508,Housing,Rural,Agricultural,40.26,8.0,8,0.0,1,4.0,7,13,No,5,Yes,No,238,115.0,369,1
LA02509,Railway,Semi-Urban,Mixed,112.39,9.0,16,0.0,0,2.0,1,13,No,6,No,No,120,16.0,134,0
LA02510,Industrial,Semi-Urban,Commercial,77.49,8.0,10,0.0,3,,5,13,No,7,No,No,474,70.0,617,1
LA02511,Railway,Semi-Urban,Residential,30.6,11.0,13,0.0,1,0.0,1,14,Yes,2,Yes,No,386,55.0,462,1
LA02512,Railway,Semi-Urban,Residential,,1.0,5,1.0,2,2.0,3,3,No,2,No,No,233,74.0,390,1
LA02513,Road,Urban,Residential,49.87,4.0,9,0.0,1,3.0,5,9,No,5,No,No,338,98.0,342,0
LA02514,Road,Semi-Urban,Commercial,36.2,9.0,10,2.0,0,2.0,4,12,No,5,No,No,321,74.0,352,0
LA02515,Road,Rural,Agricultural,39.63,7.0,11,0.0,1,2.0,5,8,No,4,No,No,232,64.0,363,1
LA02516,Housing,Semi-Urban,Commercial,69.3,7.0,16,1.0,3,1.0,4,11,No,4,No,No,292,38.0,412,1
LA02517,Road,Rural,Agricultural,29.41,6.0,11,0.0,0,1.0,1,10,No,3,No,No,188,78.0,244,1
LA02518,Road,Semi-Urban,Agricultural,23.27,10.0,16,0.0,2,1.0,5,11,Yes,2,Yes,Yes,316,80.0,461,1
LA02519,Railway,Semi-Urban,Residential,19.06,7.0,13,0.0,1,2.0,5,13,No,5,Yes,Yes,344,57.0,383,1
LA02520,Road,Urban,Residential,45.32,9.0,12,5.0,0,5.0,7,21,No,5,No,No,147,72.0,253,1
LA02521,Road,Urban,Agricultural,20.21,9.0,10,5.0,2,2.0,3,15,No,6,No,No,315,106.0,469,1
LA02522,Industrial,Semi-Urban,Agricultural,70.0,13.0,20,0.0,0,1.0,2,19,No,3,No,No,343,70.0,346,0
LA02523,Railway,Semi-Urban,Mixed,28.86,6.0,9,1.0,0,1.0,3,10,Yes,6,No,No,163,79.0,153,0
LA02524,Industrial,Urban,Residential,52.63,9.0,16,2.0,1,2.0,6,10,No,4,,No,495,68.0,669,1
LA02525,Housing,Urban,Commercial,,5.0,10,2.0,0,1.0,2,7,No,8,No,No,460,69.0,457,0
LA02526,Road,Urban,Residential,95.15,,10,1.0,0,1.0,5,10,Yes,3,No,No,472,75.0,469,0
LA02527,Housing,Rural,Commercial,42.03,7.0,10,2.0,0,2.0,2,10,Yes,3,No,No,243,87.0,233,0
LA02528,Housing,Rural,Residential,4.67,9.0,16,0.0,2,1.0,3,12,No,3,No,Yes,486,41.0,618,1
LA02529,Housing,Semi-Urban,Commercial,5.02,6.0,7,1.0,1,2.0,3,12,No,6,No,Yes,305,84.0,320,0
LA02530,Industrial,Urban,Residential,68.73,6.0,6,5.0,2,1.0,6,11,No,5,Yes,No,499,107.0,708,1
LA02531,Industrial,Urban,Residential,15.92,9.0,13,0.0,3,3.0,5,16,No,4,Yes,Yes,346,91.0,436,1
LA02532,Industrial,Urban,Agricultural,27.83,6.0,11,2.0,0,3.0,2,11,No,8,Yes,Yes,280,59.0,288,0
LA02533,Industrial,Semi-Urban,Agricultural,75.72,5.0,8,0.0,1,1.0,2,12,No,6,No,No,282,60.0,272,0
LA02534,Road,Urban,Agricultural,23.52,6.0,9,1.0,1,2.0,2,9,No,2,No,No,491,99.0,519,0
LA02535,Housing,Urban,Agricultural,11.5,9.0,12,0.0,0,0.0,3,10,Yes,3,No,No,450,106.0,450,0
LA02536,Industrial,Rural,Mixed,28.54,8.0,11,2.0,0,2.0,3,10,No,5,Yes,No,236,39.0,220,0
LA02537,Airport,Semi-Urban,Residential,59.95,8.0,16,0.0,1,0.0,5,10,No,6,No,Yes,342,52.0,335,0
LA02538,Railway,Rural,Agricultural,23.14,11.0,13,2.0,2,0.0,2,17,Yes,2,No,No,236,88.0,333,1
LA02539,Road,Urban,Mixed,54.35,6.0,8,0.0,0,0.0,4,9,Yes,3,No,No,405,59.0,457,1
LA02540,Railway,Urban,Commercial,11.85,14.0,18,1.0,4,1.0,2,16,No,5,No,No,261,71.0,356,1
LA02541,Railway,Rural,Agricultural,18.57,7.0,9,2.0,2,3.0,5,13,Yes,6,No,No,325,106.0,439,1
LA02542,Railway,Semi-Urban,Agricultural,28.87,7.0,16,1.0,2,1.0,0,11,No,9,Yes,No,335,76.0,336,0
LA02543,Road,Semi-Urban,Residential,82.48,3.0,5,0.0,1,2.0,4,6,Yes,4,No,Yes,513,93.0,635,1
LA02544,Road,Rural,Agricultural,25.57,9.0,14,2.0,0,3.0,0,14,No,3,No,No,217,79.0,400,1
LA02545,Railway,Semi-Urban,Agricultural,22.68,10.0,17,2.0,1,1.0,6,11,Yes,5,No,Yes,317,75.0,527,1
LA02546,Railway,Urban,Mixed,22.75,9.0,10,1.0,1,1.0,1,11,No,5,No,No,436,42.0,588,1
LA02547,Housing,Semi-Urban,Mixed,54.31,6.0,12,0.0,3,1.0,2,10,Yes,6,Yes,No,437,88.0,541,1
LA02548,Road,Urban,Residential,63.99,8.0,9,0.0,1,2.0,2,18,No,7,No,No,276,52.0,408,1
LA02549,Road,Urban,Residential,80.06,16.0,25,1.0,0,1.0,3,18,No,4,No,Yes,409,72.0,540,1
LA02550,Road,Urban,Agricultural,124.06,6.0,13,0.0,1,0.0,3,12,Yes,3,No,No,473,73.0,588,1
LA02551,Railway,Rural,Agricultural,45.54,6.0,11,0.0,4,4.0,0,8,No,2,Yes,No,434,101.0,425,0
LA02552,Railway,Semi-Urban,Agricultural,20.44,8.0,9,1.0,1,1.0,2,10,No,3,No,No,293,54.0,340,1
LA02553,Industrial,Urban,Commercial,32.04,11.0,16,0.0,2,0.0,0,14,No,2,No,Yes,323,45.0,324,0
LA02554,Housing,Urban,Agricultural,16.64,6.0,14,0.0,1,0.0,7,12,No,4,No,No,237,77.0,221,0
LA02555,Road,Semi-Urban,Mixed,39.76,6.0,12,1.0,0,2.0,4,7,No,4,Yes,Yes,318,74.0,431,1
LA02556,Industrial,Rural,Agricultural,19.11,6.0,8,1.0,1,0.0,4,8,Yes,2,No,No,335,77.0,348,0
LA02557,Road,Urban,Residential,79.74,5.0,7,2.0,1,0.0,2,7,No,3,No,No,345,89.0,423,1
LA02558,Road,Urban,Agricultural,43.06,7.0,11,3.0,1,1.0,1,12,No,5,No,No,390,64.0,387,0
LA02559,Railway,Rural,Commercial,96.91,,11,2.0,3,1.0,4,16,No,7,No,Yes,362,70.0,363,0
LA02560,Road,Rural,Residential,62.44,9.0,12,3.0,0,2.0,1,12,No,2,No,No,325,55.0,341,0
LA02561,Industrial,Rural,Residential,58.61,10.0,16,1.0,1,0.0,3,15,No,3,No,Yes,183,51.0,191,0
LA02562,Industrial,Urban,Agricultural,11.41,8.0,13,3.0,0,3.0,2,16,No,3,No,No,348,95.0,402,1
LA02563,Airport,Urban,Commercial,54.24,11.0,12,1.0,0,1.0,4,13,No,3,No,No,471,45.0,469,0
LA02564,Railway,Semi-Urban,Mixed,122.35,9.0,9,0.0,2,0.0,4,16,No,3,No,No,440,75.0,431,0
LA02565,Industrial,Urban,Agricultural,26.17,8.0,12,2.0,2,0.0,2,11,No,4,No,Yes,208,82.0,326,1
LA02566,Railway,Rural,Residential,71.79,10.0,17,1.0,1,3.0,6,13,No,1,No,No,333,58.0,449,1
LA02567,Road,Urban,Agricultural,8.5,13.0,21,1.0,2,0.0,3,14,No,2,No,Yes,335,80.0,450,1
LA02568,Road,Semi-Urban,Agricultural,14.58,7.0,10,1.0,0,1.0,3,14,Yes,5,No,Yes,391,43.0,552,1
LA02569,Industrial,Rural,Mixed,33.75,7.0,14,2.0,1,0.0,1,9,No,4,No,No,327,67.0,342,0
LA02570,Housing,Rural,Agricultural,22.98,10.0,11,0.0,0,,3,13,Yes,2,No,No,536,39.0,546,0
LA02571,Road,Semi-Urban,Commercial,18.87,8.0,10,1.0,2,2.0,0,14,Yes,5,No,No,349,80.0,332,0
LA02572,Industrial,Rural,Mixed,23.07,9.0,13,1.0,0,,1,13,No,5,No,No,169,72.0,246,1
LA02573,Airport,Urban,Commercial,50.19,12.0,18,1.0,0,1.0,3,16,No,5,No,Yes,435,39.0,445,0
LA02574,Housing,Semi-Urban,Residential,72.38,9.0,13,1.0,0,0.0,3,16,Yes,4,No,No,407,82.0,391,0
LA02575,Railway,Urban,Commercial,53.16,9.0,13,6.0,0,2.0,3,11,No,1,No,No,294,116.0,420,1
LA02576,Industrial,Rural,Agricultural,55.29,10.0,13,5.0,0,0.0,3,16,No,4,No,No,354,42.0,364,0
LA02577,Industrial,Rural,Agricultural,34.85,6.0,9,0.0,0,2.0,3,7,No,2,Yes,No,400,29.0,470,1
LA02578,Housing,Urban,Mixed,14.22,6.0,9,0.0,0,1.0,6,12,Yes,2,No,No,246,43.0,252,0
LA02579,Road,Urban,Residential,,10.0,15,1.0,1,0.0,3,13,Yes,4,No,No,417,67.0,398,0
LA02580,Housing,Semi-Urban,Agricultural,40.5,9.0,12,0.0,0,2.0,3,14,No,4,No,No,328,74.0,320,0
LA02581,Road,Urban,Residential,74.53,16.0,19,0.0,0,0.0,5,20,Yes,1,No,Yes,255,73.0,364,1
LA02582,Housing,Rural,Residential,106.93,6.0,14,0.0,1,2.0,5,8,No,5,No,Yes,376,27.0,464,1
LA02583,Road,Urban,Commercial,47.31,10.0,13,1.0,0,1.0,4,13,No,6,No,No,270,54.0,279,0
LA02584,Road,Rural,Mixed,69.5,8.0,13,1.0,0,2.0,4,15,No,2,No,No,502,48.0,587,1
LA02585,Road,Semi-Urban,Commercial,3.64,5.0,11,0.0,2,0.0,3,7,Yes,4,No,No,392,43.0,392,0
LA02586,Railway,Semi-Urban,Agricultural,28.49,11.0,14,3.0,0,1.0,1,12,No,1,No,No,442,47.0,442,0
LA02587,Road,Urban,Residential,34.73,14.0,18,0.0,1,1.0,2,19,No,5,No,Yes,120,54.0,96,0
LA02588,Road,Rural,Agricultural,52.22,2.0,5,2.0,2,1.0,3,5,No,4,No,No,363,59.0,385,0
LA02589,Railway,Semi-Urban,Agricultural,108.58,6.0,14,4.0,1,1.0,3,14,Yes,6,No,No,493,73.0,584,1
LA02590,Railway,Semi-Urban,Mixed,45.33,10.0,12,0.0,3,2.0,6,15,No,2,,No,238,60.0,246,0
LA02591,Airport,Semi-Urban,Commercial,7.4,5.0,10,0.0,1,1.0,1,11,Yes,4,No,No,473,77.0,654,1
LA02592,Housing,Rural,Mixed,55.74,9.0,11,0.0,1,2.0,5,15,No,3,No,Yes,291,53.0,291,0
LA02593,Industrial,Rural,Mixed,26.89,10.0,16,0.0,0,3.0,2,11,No,4,Yes,No,343,51.0,350,0
LA02594,Road,Rural,Agricultural,52.07,6.0,10,1.0,1,1.0,1,8,No,6,Yes,No,274,79.0,260,0
LA02595,Road,Semi-Urban,Commercial,58.9,8.0,11,2.0,1,2.0,1,13,No,3,No,No,416,76.0,525,1
LA02596,Housing,Rural,Commercial,6.87,9.0,14,2.0,1,1.0,1,14,No,3,No,No,390,23.0,386,0
LA02597,Road,Urban,Mixed,33.38,8.0,11,2.0,1,1.0,0,10,No,6,No,Yes,424,59.0,548,1
LA02598,Railway,Rural,Agricultural,34.31,9.0,12,3.0,0,0.0,3,13,No,3,No,No,235,74.0,328,1
LA02599,Housing,Semi-Urban,Commercial,44.94,9.0,12,0.0,0,1.0,3,17,No,5,Yes,Yes,458,69.0,513,1
LA02600,Housing,Semi-Urban,Agricultural,20.1,6.0,12,1.0,0,1.0,0,10,No,2,No,No,257,37.0,259,0
LA02601,Railway,Rural,Commercial,15.67,,18,2.0,1,2.0,2,20,Yes,4,No,No,428,73.0,529,1
LA02602,Industrial,Rural,Mixed,107.43,9.0,14,2.0,1,0.0,4,11,No,3,Yes,No,477,73.0,590,1
LA02603,Railway,Semi-Urban,Mixed,41.76,8.0,13,1.0,2,1.0,0,12,No,1,No,No,308,53.0,320,0
LA02604,Airport,Semi-Urban,Residential,17.12,7.0,11,1.0,0,2.0,4,8,Yes,5,No,No,381,66.0,482,1
LA02605,Road,Rural,Residential,23.5,6.0,10,1.0,0,1.0,2,8,No,5,Yes,Yes,338,61.0,411,1
LA02606,Road,Rural,Mixed,,7.0,13,2.0,1,0.0,2,16,Yes,5,No,No,120,94.0,244,1
LA02607,Industrial,Rural,Commercial,84.13,9.0,11,1.0,2,1.0,5,14,No,2,No,No,447,80.0,459,0
LA02608,Road,Urban,Mixed,21.48,8.0,10,0.0,1,3.0,1,16,Yes,4,Yes,No,323,84.0,486,1
LA02609,Industrial,Urban,Agricultural,14.41,8.0,11,2.0,3,2.0,3,13,Yes,1,No,Yes,347,93.0,471,1
LA02610,Railway,Rural,Mixed,15.37,7.0,11,1.0,0,1.0,3,10,Yes,3,No,No,471,33.0,579,1
LA02611,Housing,Rural,Commercial,78.3,9.0,14,1.0,0,0.0,6,12,No,4,Yes,Yes,344,47.0,355,0
LA02612,Housing,Rural,Residential,25.51,9.0,12,1.0,0,2.0,9,16,No,7,No,Yes,377,63.0,408,0
LA02613,Railway,Semi-Urban,Residential,9.52,16.0,19,0.0,2,0.0,1,17,No,8,No,Yes,570,27.0,576,0
LA02614,Airport,Semi-Urban,Commercial,24.09,6.0,10,1.0,0,1.0,7,9,No,5,Yes,No,441,66.0,430,0
LA02615,Road,Semi-Urban,Residential,44.6,6.0,11,0.0,3,1.0,3,13,No,4,No,No,421,58.0,413,0
LA02616,Railway,Rural,Mixed,32.93,10.0,16,3.0,1,0.0,4,13,No,6,Yes,No,355,15.0,383,0
LA02617,Road,Urban,Agricultural,85.09,8.0,11,2.0,1,2.0,1,15,No,3,No,Yes,429,66.0,429,0
LA02618,Housing,Semi-Urban,Agricultural,44.99,8.0,11,2.0,0,2.0,2,11,Yes,4,No,No,470,88.0,581,1
LA02619,Housing,Rural,Residential,49.43,10.0,16,2.0,2,1.0,2,12,No,3,No,Yes,364,,493,1
LA02620,Housing,Rural,Mixed,66.71,14.0,18,1.0,1,1.0,2,17,No,3,No,Yes,243,52.0,349,1
LA02621,Housing,Urban,Commercial,64.35,7.0,10,1.0,2,2.0,3,9,No,4,No,No,409,71.0,399,0
LA02622,Housing,Rural,Mixed,23.99,12.0,19,0.0,2,3.0,5,18,No,3,Yes,No,452,50.0,580,1
LA02623,Road,Urban,Mixed,14.64,5.0,13,0.0,3,1.0,4,8,Yes,5,No,No,324,54.0,303,0
LA02624,Housing,Urban,Agricultural,42.47,8.0,10,2.0,0,0.0,3,10,No,4,No,No,335,68.0,341,0
LA02625,Industrial,Semi-Urban,Mixed,38.36,3.0,5,4.0,1,4.0,6,9,Yes,4,Yes,No,286,93.0,271,0
LA02626,Railway,Urban,Agricultural,45.23,9.0,10,0.0,0,1.0,3,14,Yes,3,No,No,450,85.0,463,0
LA02627,Industrial,Rural,Agricultural,47.95,7.0,13,0.0,0,1.0,5,10,No,8,No,Yes,330,40.0,481,1
LA02628,Road,Rural,Residential,102.18,8.0,14,0.0,1,6.0,2,9,Yes,5,No,Yes,323,112.0,435,1
LA02629,Road,Urban,Residential,29.3,7.0,8,1.0,3,2.0,2,12,No,3,Yes,No,332,48.0,302,0
LA02630,Road,Rural,Commercial,49.3,8.0,14,4.0,1,0.0,3,11,No,7,No,No,432,,431,0
LA02631,Road,Semi-Urban,Agricultural,14.58,8.0,10,1.0,0,2.0,1,10,Yes,3,Yes,No,446,68.0,420,0
LA02632,Railway,Rural,Commercial,18.84,8.0,11,0.0,0,1.0,4,11,No,2,Yes,Yes,402,59.0,450,1
LA02633,Housing,Rural,Mixed,36.63,10.0,14,1.0,2,1.0,3,13,No,5,No,No,356,76.0,351,0
LA02634,Industrial,Semi-Urban,Agricultural,16.61,7.0,12,1.0,2,1.0,1,12,No,2,No,No,307,65.0,377,1
LA02635,Railway,Urban,Residential,56.48,7.0,13,0.0,1,4.0,2,11,No,4,No,No,380,37.0,480,1
LA02636,Railway,Urban,Commercial,50.8,5.0,8,0.0,0,1.0,2,6,No,5,No,No,356,76.0,466,1
LA02637,Railway,Semi-Urban,Residential,21.72,12.0,12,2.0,1,3.0,5,16,No,6,Yes,No,452,86.0,520,1
LA02638,Road,Rural,Mixed,30.94,6.0,13,1.0,1,0.0,3,12,No,2,Yes,No,442,47.0,500,1
LA02639,Housing,Semi-Urban,Agricultural,78.83,,14,1.0,3,2.0,1,19,No,5,Yes,No,432,62.0,514,1
LA02640,Road,Semi-Urban,Agricultural,42.11,13.0,16,0.0,1,1.0,0,13,Yes,5,,No,547,69.0,555,0
LA02641,Airport,Urban,Agricultural,141.44,8.0,13,1.0,0,1.0,0,11,No,3,No,No,601,100.0,704,1
LA02642,Airport,Rural,Agricultural,30.96,7.0,8,1.0,0,0.0,5,10,No,3,No,Yes,407,23.0,474,1
LA02643,Industrial,Urban,Agricultural,33.73,6.0,9,1.0,0,3.0,4,9,Yes,4,Yes,No,404,74.0,471,1
LA02644,Housing,Rural,Residential,36.63,6.0,9,1.0,2,0.0,4,12,No,3,No,No,443,67.0,416,0
LA02645,Road,Semi-Urban,Agricultural,8.36,6.0,11,0.0,2,2.0,2,11,No,2,,No,536,16.0,534,0
LA02646,Housing,Urban,Mixed,32.57,7.0,9,1.0,2,1.0,4,9,No,3,Yes,No,314,54.0,482,1
LA02647,Airport,Urban,Residential,31.73,6.0,8,1.0,1,2.0,6,8,No,2,No,No,312,81.0,294,0
LA02648,Airport,Semi-Urban,Agricultural,60.04,7.0,12,1.0,2,1.0,4,12,Yes,5,No,No,324,91.0,379,1
LA02649,Industrial,Urban,Residential,80.95,10.0,14,3.0,1,2.0,3,14,No,3,No,No,492,76.0,501,0
LA02650,Housing,Rural,Agricultural,28.97,10.0,13,0.0,0,2.0,2,13,No,2,No,No,523,56.0,530,0
LA02651,Housing,Rural,Residential,4.64,6.0,9,2.0,2,1.0,5,8,Yes,1,Yes,No,312,111.0,399,1
LA02652,Railway,Urban,Mixed,40.81,13.0,18,3.0,2,3.0,0,16,Yes,4,Yes,No,382,110.0,521,1
LA02653,Housing,Semi-Urban,Residential,16.43,7.0,13,2.0,0,1.0,0,10,No,5,No,No,553,21.0,564,0
LA02654,Airport,Urban,Commercial,43.42,4.0,7,0.0,2,3.0,2,7,No,5,Yes,No,403,51.0,411,0
LA02655,Railway,Urban,Residential,42.62,5.0,11,0.0,0,1.0,4,8,Yes,5,No,No,373,81.0,452,1
LA02656,Housing,Rural,Agricultural,20.4,6.0,7,2.0,1,1.0,1,12,No,2,Yes,No,483,99.0,463,0
LA02657,Railway,Rural,Residential,41.06,10.0,16,2.0,2,2.0,1,13,No,5,No,Yes,317,97.0,424,1
LA02658,Industrial,Rural,Commercial,9.84,11.0,14,1.0,0,2.0,3,20,No,2,No,No,598,60.0,698,1
LA02659,Road,Urban,Mixed,45.34,11.0,16,1.0,0,1.0,0,15,No,7,No,No,538,31.0,631,1
LA02660,Road,Semi-Urban,Residential,63.89,6.0,8,2.0,3,2.0,3,9,No,2,No,No,191,107.0,318,1
LA02661,Housing,Semi-Urban,Mixed,52.38,10.0,13,2.0,1,2.0,4,18,No,5,No,No,278,59.0,425,1
LA02662,Railway,Rural,Agricultural,24.43,4.0,6,2.0,1,2.0,3,10,No,2,No,No,340,79.0,358,0
LA02663,Railway,Semi-Urban,Agricultural,60.71,11.0,14,3.0,1,0.0,2,20,No,2,No,No,293,54.0,302,0
LA02664,Road,Rural,Commercial,56.09,7.0,7,1.0,3,0.0,1,9,Yes,5,Yes,No,235,81.0,330,1
LA02665,Railway,Urban,Residential,57.83,13.0,16,1.0,2,2.0,3,22,No,2,,No,250,85.0,260,0
LA02666,Housing,Semi-Urban,Agricultural,87.41,4.0,7,1.0,0,0.0,4,8,No,5,No,No,328,47.0,368,1
LA02667,Housing,Rural,Residential,48.4,12.0,17,3.0,1,0.0,7,20,No,5,Yes,Yes,316,61.0,473,1
LA02668,Road,Semi-Urban,Commercial,15.02,7.0,11,1.0,1,0.0,7,11,No,6,No,No,486,68.0,478,0
LA02669,Industrial,Semi-Urban,Agricultural,17.32,8.0,11,1.0,3,3.0,4,9,Yes,8,No,No,468,94.0,486,0
LA02670,Railway,Semi-Urban,Mixed,48.42,9.0,16,0.0,2,2.0,3,11,No,4,No,No,376,69.0,464,1
LA02671,Industrial,Rural,Residential,7.09,5.0,7,1.0,0,1.0,2,7,Yes,3,,No,371,45.0,349,0
LA02672,Railway,Urban,Mixed,32.19,9.0,10,3.0,3,2.0,3,12,No,3,No,No,292,63.0,386,1
LA02673,Railway,Rural,Residential,27.8,8.0,9,0.0,3,2.0,0,9,No,3,Yes,No,455,87.0,518,1
LA02674,Railway,Semi-Urban,Commercial,,6.0,12,0.0,2,0.0,6,7,No,5,No,Yes,238,55.0,298,1
LA02675,Industrial,Semi-Urban,Agricultural,12.65,6.0,9,2.0,0,1.0,7,8,Yes,7,No,No,343,85.0,366,0
LA02676,Railway,Semi-Urban,Residential,55.73,8.0,12,3.0,2,3.0,1,11,No,7,Yes,Yes,296,90.0,302,0
LA02677,Railway,Urban,Residential,30.78,15.0,20,1.0,1,0.0,6,15,No,6,No,No,628,44.0,639,0
LA02678,Housing,Rural,Commercial,46.22,6.0,9,0.0,2,2.0,4,9,No,5,Yes,Yes,392,64.0,366,0
LA02679,Airport,Rural,Residential,13.68,12.0,16,1.0,1,1.0,1,14,No,8,Yes,No,533,67.0,534,0
LA02680,Road,Rural,Agricultural,57.22,15.0,19,0.0,3,1.0,1,19,No,3,No,No,398,30.0,383,0
LA02681,Housing,Rural,Mixed,71.52,7.0,11,0.0,1,0.0,1,9,No,4,Yes,Yes,469,47.0,496,0
LA02682,Housing,Semi-Urban,Agricultural,150.0,2.0,3,,0,2.0,2,4,No,8,Yes,No,372,,395,0
LA02683,Road,Semi-Urban,Residential,44.11,9.0,15,0.0,1,1.0,2,11,No,4,No,No,309,57.0,285,0
LA02684,Industrial,Rural,Residential,69.84,12.0,16,0.0,1,0.0,4,14,No,5,Yes,Yes,251,34.0,256,0
LA02685,Road,Urban,Residential,16.56,7.0,12,1.0,1,3.0,3,10,Yes,7,No,Yes,217,104.0,315,1
LA02686,Airport,Rural,Agricultural,84.35,6.0,6,0.0,1,1.0,3,13,No,3,No,Yes,409,72.0,463,1
LA02687,Road,Semi-Urban,Commercial,10.53,7.0,11,1.0,1,2.0,5,9,No,4,Yes,No,593,92.0,764,1
LA02688,Industrial,Semi-Urban,Residential,106.46,11.0,16,2.0,2,2.0,1,15,No,6,Yes,Yes,235,74.0,494,1
LA02689,Road,Semi-Urban,Residential,41.06,7.0,9,2.0,0,1.0,6,13,No,6,Yes,No,327,63.0,397,1
LA02690,Railway,Semi-Urban,Commercial,11.49,7.0,14,3.0,2,1.0,1,10,No,3,Yes,No,454,56.0,463,0
LA02691,Housing,Urban,Agricultural,28.39,9.0,10,3.0,5,2.0,1,13,No,3,No,No,353,81.0,340,0
LA02692,Railway,Semi-Urban,Agricultural,69.35,9.0,15,0.0,0,0.0,3,13,No,6,No,No,525,29.0,551,0
LA02693,Housing,Semi-Urban,Mixed,,11.0,17,1.0,1,0.0,1,18,No,3,No,No,437,60.0,445,0
LA02694,Housing,Urban,Residential,32.32,9.0,14,1.0,1,0.0,4,13,Yes,3,Yes,No,120,48.0,262,1
LA02695,Housing,Urban,Agricultural,65.14,7.0,13,0.0,2,4.0,1,16,No,4,No,No,372,67.0,468,1
LA02696,Road,Semi-Urban,Mixed,34.69,6.0,9,0.0,1,2.0,3,8,No,4,No,No,449,15.0,466,0
LA02697,Housing,Urban,Commercial,80.91,6.0,6,0.0,1,1.0,4,8,No,4,Yes,No,372,15.0,358,0
LA02698,Road,Rural,Mixed,23.83,11.0,18,1.0,0,1.0,5,14,No,3,,Yes,421,72.0,485,1
LA02699,Railway,Urban,Mixed,7.68,3.0,6,1.0,0,2.0,2,6,No,4,No,Yes,314,27.0,340,0
LA02700,Housing,Semi-Urban,Agricultural,36.18,15.0,17,0.0,0,0.0,4,18,No,3,No,No,470,38.0,510,0
LA02701,Industrial,Urban,Agricultural,39.36,5.0,13,1.0,1,0.0,4,7,No,5,No,Yes,311,59.0,384,1
LA02702,Railway,Semi-Urban,Commercial,23.12,4.0,6,2.0,1,2.0,6,9,No,1,Yes,Yes,120,86.0,246,1
LA02703,Railway,Semi-Urban,Commercial,45.32,6.0,9,0.0,1,1.0,6,8,Yes,5,Yes,Yes,273,,336,1
LA02704,Housing,Semi-Urban,Commercial,9.0,6.0,7,2.0,2,1.0,1,8,Yes,5,No,Yes,335,89.0,414,1
LA02705,Airport,Semi-Urban,Agricultural,46.23,11.0,16,0.0,0,,3,14,No,5,No,No,375,40.0,477,1
LA02706,Railway,Semi-Urban,Mixed,14.38,8.0,9,2.0,1,1.0,4,11,No,3,No,No,237,54.0,227,0
LA02707,Housing,Urban,Residential,11.46,12.0,18,1.0,2,1.0,4,14,No,3,No,Yes,359,68.0,521,1
LA02708,Road,Semi-Urban,Residential,38.58,5.0,11,1.0,1,1.0,3,9,No,3,No,No,417,79.0,459,1
LA02709,Road,Semi-Urban,Agricultural,10.63,4.0,9,1.0,1,1.0,3,7,No,3,,No,503,49.0,490,0
LA02710,Industrial,Semi-Urban,Residential,5.29,11.0,15,2.0,1,1.0,2,19,No,4,Yes,No,138,19.0,240,1
LA02711,Housing,Semi-Urban,Commercial,50.54,6.0,11,1.0,0,0.0,4,12,No,3,No,No,268,46.0,272,0
LA02712,Road,Rural,Residential,15.83,8.0,11,2.0,1,0.0,0,12,No,2,No,Yes,525,92.0,619,1
LA02713,Road,Semi-Urban,Commercial,54.15,7.0,15,0.0,0,1.0,3,11,No,3,Yes,No,369,22.0,448,1
LA02714,Road,Urban,Agricultural,29.89,4.0,9,0.0,1,1.0,6,9,Yes,4,Yes,Yes,267,99.0,333,1
LA02715,Housing,Urban,Residential,38.55,8.0,15,1.0,2,3.0,3,8,No,1,No,Yes,424,21.0,505,1
LA02716,Road,Urban,Residential,70.07,4.0,6,0.0,1,2.0,4,7,Yes,2,No,Yes,418,53.0,451,1
LA02717,Railway,Semi-Urban,Agricultural,48.66,6.0,8,,0,2.0,2,12,No,5,No,No,120,78.0,247,1
LA02718,Housing,Rural,Commercial,54.94,9.0,13,3.0,1,1.0,2,17,Yes,3,No,No,388,65.0,476,1
LA02719,Road,Rural,Agricultural,53.59,9.0,16,3.0,0,2.0,2,15,Yes,4,Yes,No,296,80.0,368,1
LA02720,Industrial,Semi-Urban,Residential,21.44,5.0,9,1.0,1,4.0,4,11,No,2,No,Yes,370,75.0,368,0
LA02721,Railway,Urban,Residential,47.17,10.0,17,1.0,1,1.0,3,14,No,5,No,No,385,97.0,383,0
LA02722,Housing,Rural,Residential,17.59,6.0,10,2.0,0,1.0,2,9,No,2,No,Yes,465,43.0,461,0
LA02723,Railway,Urban,Residential,47.24,12.0,16,1.0,2,1.0,3,15,No,4,No,No,468,98.0,477,0
LA02724,Railway,Semi-Urban,Mixed,28.84,9.0,16,0.0,3,0.0,4,15,Yes,2,No,No,510,66.0,582,1
LA02725,Road,Rural,Residential,33.39,6.0,9,1.0,5,3.0,5,10,Yes,2,No,No,435,106.0,579,1
LA02726,Airport,Semi-Urban,Residential,98.81,7.0,18,0.0,1,1.0,3,11,No,4,No,No,484,52.0,486,0
LA02727,Airport,Urban,Mixed,52.08,7.0,7,3.0,1,0.0,1,9,No,4,Yes,No,240,69.0,240,0
LA02728,Road,Urban,Commercial,22.76,7.0,10,0.0,4,1.0,3,12,Yes,3,No,No,497,65.0,604,1
LA02729,Railway,Semi-Urban,Agricultural,8.95,14.0,22,1.0,2,1.0,4,15,Yes,5,Yes,Yes,434,74.0,556,1
LA02730,Housing,Urban,Commercial,39.43,9.0,16,1.0,0,1.0,6,13,No,1,Yes,No,568,56.0,626,1
LA02731,Road,Semi-Urban,Mixed,10.1,7.0,9,0.0,0,0.0,5,13,No,2,No,No,468,82.0,500,0
LA02732,Road,Semi-Urban,Residential,106.95,,8,1.0,2,3.0,2,7,No,4,No,Yes,286,43.0,349,1
LA02733,Industrial,Urban,Residential,34.09,9.0,15,2.0,0,2.0,5,13,Yes,6,No,No,436,50.0,410,0
LA02734,Road,Urban,Mixed,65.52,7.0,10,1.0,1,5.0,3,12,No,4,No,No,432,61.0,455,0
LA02735,Road,Rural,Mixed,12.13,6.0,12,0.0,3,3.0,4,9,No,4,No,Yes,414,75.0,405,0
LA02736,Railway,Semi-Urban,Mixed,51.17,5.0,12,0.0,0,1.0,2,9,Yes,3,No,No,555,61.0,650,1
LA02737,Road,Rural,Agricultural,74.65,5.0,10,0.0,3,2.0,3,7,No,3,No,No,444,53.0,439,0
LA02738,Railway,Semi-Urban,Mixed,54.04,12.0,18,0.0,0,2.0,3,20,Yes,5,Yes,No,349,53.0,432,1
LA02739,Airport,Urban,Agricultural,62.28,9.0,13,1.0,1,,5,16,No,4,No,No,357,,464,1
LA02740,Industrial,Semi-Urban,Commercial,48.04,10.0,12,0.0,0,1.0,1,16,Yes,4,Yes,Yes,391,54.0,436,1
LA02741,Road,Semi-Urban,Mixed,26.9,8.0,15,0.0,1,0.0,7,10,No,3,Yes,No,398,70.0,385,0
LA02742,Housing,Semi-Urban,Residential,18.18,8.0,8,3.0,1,2.0,4,17,No,4,,No,300,71.0,419,1
LA02743,Road,Rural,Residential,20.62,6.0,12,1.0,2,0.0,4,6,No,5,No,No,394,48.0,548,1
LA02744,Airport,Rural,Agricultural,108.58,11.0,14,2.0,3,1.0,3,12,No,7,No,No,299,28.0,318,0
LA02745,Railway,Rural,Mixed,42.39,11.0,11,0.0,1,1.0,2,14,No,3,No,No,236,71.0,440,1
LA02746,Airport,Semi-Urban,Residential,79.27,3.0,8,1.0,1,3.0,4,6,Yes,5,Yes,No,376,77.0,388,0
LA02747,Road,Semi-Urban,Mixed,23.82,10.0,14,1.0,0,1.0,1,18,No,3,No,No,239,78.0,241,0
LA02748,Road,Semi-Urban,Agricultural,59.84,10.0,16,2.0,1,3.0,3,14,No,3,,Yes,389,52.0,476,1
LA02749,Railway,Urban,Agricultural,17.13,8.0,11,1.0,0,1.0,3,12,Yes,5,No,Yes,266,46.0,355,1
LA02750,Road,Rural,Agricultural,30.49,8.0,13,1.0,2,1.0,3,11,No,3,No,No,339,75.0,466,1
LA02751,Road,Rural,Mixed,25.96,5.0,7,2.0,3,0.0,1,11,No,4,No,No,274,69.0,281,0
LA02752,Airport,Urban,Residential,100.75,6.0,8,1.0,1,3.0,3,11,No,6,No,No,350,58.0,502,1
LA02753,Housing,Rural,Agricultural,,9.0,19,0.0,2,1.0,3,14,No,9,Yes,No,464,63.0,515,1
LA02754,Road,Rural,Residential,55.47,5.0,6,1.0,0,2.0,4,7,No,7,No,No,273,58.0,258,0
LA02755,Housing,Semi-Urban,Mixed,48.89,7.0,16,0.0,0,2.0,1,11,No,6,No,No,403,60.0,414,0
LA02756,Airport,Rural,Mixed,13.15,12.0,17,1.0,5,0.0,4,12,No,4,No,No,426,97.0,580,1
LA02757,Housing,Urban,Residential,79.82,10.0,18,2.0,1,0.0,4,14,Yes,4,Yes,Yes,249,62.0,388,1
LA02758,Industrial,Urban,Residential,85.9,7.0,9,0.0,1,1.0,2,13,No,4,No,No,467,56.0,457,0
LA02759,Industrial,Urban,Agricultural,42.51,11.0,16,1.0,1,2.0,4,20,No,10,No,No,424,107.0,418,0
LA02760,Railway,Semi-Urban,Agricultural,37.68,2.0,7,1.0,3,1.0,0,8,No,3,No,No,437,85.0,426,0
LA02761,Industrial,Semi-Urban,Mixed,7.54,7.0,10,1.0,0,1.0,4,13,No,4,No,Yes,410,67.0,376,0
LA02762,Housing,Rural,Agricultural,11.48,4.0,12,0.0,1,2.0,3,6,No,3,No,No,365,63.0,358,0
LA02763,Road,Urban,Agricultural,29.88,7.0,12,1.0,0,1.0,4,10,No,3,No,No,446,94.0,542,1
LA02764,Road,Urban,Commercial,17.59,10.0,16,3.0,2,2.0,3,15,Yes,4,No,No,387,77.0,552,1
LA02765,Road,Semi-Urban,Agricultural,,6.0,9,2.0,1,4.0,1,10,Yes,7,No,No,335,88.0,497,1
LA02766,Housing,Urban,Residential,11.07,7.0,10,1.0,2,1.0,2,13,Yes,4,No,No,297,86.0,362,1
LA02767,Railway,Rural,Residential,10.17,9.0,13,0.0,2,2.0,2,14,No,3,No,No,269,39.0,265,0
LA02768,Industrial,Semi-Urban,Agricultural,52.17,8.0,13,3.0,2,1.0,3,13,No,2,Yes,Yes,227,63.0,280,1
LA02769,Housing,Rural,Commercial,46.62,8.0,14,0.0,3,1.0,5,12,Yes,2,No,No,431,140.0,529,1
LA02770,Housing,Semi-Urban,Residential,40.4,5.0,13,2.0,4,0.0,4,9,No,6,No,Yes,515,80.0,715,1
LA02771,Road,Urban,Agricultural,59.99,8.0,11,1.0,3,1.0,2,11,No,5,No,Yes,369,74.0,379,0
LA02772,Airport,Urban,Residential,22.29,6.0,6,3.0,1,4.0,2,11,Yes,2,No,No,457,91.0,568,1
LA02773,Housing,Urban,Commercial,26.87,8.0,13,0.0,1,3.0,6,11,No,2,Yes,No,275,36.0,272,0
LA02774,Road,Rural,Residential,45.63,12.0,18,2.0,3,2.0,3,16,No,3,No,No,564,72.0,720,1
LA02775,Airport,Semi-Urban,Agricultural,42.34,8.0,10,2.0,1,1.0,5,13,No,3,Yes,No,550,73.0,586,1
LA02776,Railway,Semi-Urban,Residential,18.83,8.0,14,1.0,0,1.0,3,11,No,1,No,No,229,45.0,301,1
LA02777,Industrial,Urban,Agricultural,72.67,7.0,9,1.0,3,,3,8,No,6,No,No,318,88.0,423,1
LA02778,Railway,Rural,Residential,13.49,12.0,20,1.0,2,1.0,0,16,No,3,No,No,307,37.0,297,0
LA02779,Road,Urban,Agricultural,28.54,6.0,9,4.0,0,0.0,3,9,Yes,4,No,No,400,85.0,419,0
LA02780,Road,Rural,Mixed,14.35,6.0,9,0.0,1,1.0,2,11,No,5,,No,460,80.0,489,0
LA02781,Road,Rural,Residential,138.27,8.0,11,2.0,0,,4,9,Yes,4,No,Yes,421,75.0,546,1
LA02782,Road,Urban,Commercial,38.4,14.0,17,2.0,0,4.0,3,18,No,3,No,No,251,53.0,266,0
LA02783,Industrial,Semi-Urban,Agricultural,16.69,8.0,11,1.0,3,2.0,1,13,No,6,No,No,331,67.0,312,0
LA02784,Railway,Urban,Agricultural,26.12,7.0,11,1.0,1,1.0,2,9,No,5,Yes,No,396,44.0,382,0
LA02785,Road,Semi-Urban,Agricultural,45.17,10.0,11,0.0,2,1.0,1,15,Yes,6,No,No,536,40.0,634,1
LA02786,Industrial,Rural,Agricultural,65.26,10.0,11,2.0,0,3.0,1,15,No,4,No,No,212,97.0,211,0
LA02787,Industrial,Semi-Urban,Commercial,18.08,4.0,8,0.0,0,1.0,3,7,No,3,Yes,Yes,346,30.0,319,0
LA02788,Railway,Rural,Mixed,88.75,7.0,11,1.0,0,1.0,5,10,No,3,No,Yes,246,93.0,379,1
LA02789,Housing,Semi-Urban,Mixed,37.36,7.0,13,0.0,2,0.0,1,8,Yes,2,No,No,387,84.0,398,0
LA02790,Railway,Urban,Residential,52.5,7.0,16,2.0,1,0.0,2,11,No,4,No,No,304,89.0,291,0
LA02791,Housing,Rural,Commercial,24.61,9.0,13,2.0,3,0.0,2,12,Yes,4,Yes,Yes,324,75.0,420,1
LA02792,Road,Semi-Urban,Residential,47.52,7.0,11,1.0,1,2.0,1,13,Yes,3,Yes,Yes,173,58.0,277,1
LA02793,Airport,Urban,Agricultural,,9.0,13,2.0,1,2.0,3,20,Yes,6,,No,399,66.0,397,0
LA02794,Housing,Semi-Urban,Residential,27.22,3.0,16,0.0,0,1.0,3,8,No,6,Yes,No,404,59.0,499,1
LA02795,Housing,Semi-Urban,Residential,66.9,7.0,7,2.0,0,2.0,3,12,No,4,No,No,391,56.0,369,0
LA02796,Industrial,Rural,Commercial,50.55,5.0,12,0.0,2,2.0,1,10,No,3,No,No,396,52.0,407,0
LA02797,Industrial,Urban,Mixed,29.32,6.0,13,2.0,2,1.0,2,8,No,4,No,No,403,93.0,531,1
LA02798,Railway,Rural,Residential,64.51,6.0,10,0.0,1,3.0,7,8,Yes,3,No,No,120,89.0,113,0
LA02799,Industrial,Semi-Urban,Agricultural,44.15,11.0,18,0.0,1,,4,14,No,3,No,No,332,103.0,324,0
LA02800,Airport,Urban,Commercial,6.29,8.0,9,0.0,1,2.0,3,11,No,2,No,Yes,323,48.0,311,0
LA02801,Housing,Urban,Mixed,33.51,6.0,8,1.0,1,2.0,4,10,No,3,No,No,347,51.0,363,0
LA02802,Railway,Rural,Commercial,65.94,7.0,15,0.0,3,0.0,2,14,No,3,No,Yes,345,39.0,484,1
LA02803,Road,Semi-Urban,Residential,106.47,7.0,7,0.0,1,1.0,1,12,Yes,3,No,No,244,68.0,317,1
LA02804,Industrial,Semi-Urban,Residential,15.35,8.0,10,1.0,0,2.0,4,10,Yes,4,Yes,No,397,96.0,485,1
LA02805,Road,Urban,Commercial,63.12,8.0,11,1.0,1,2.0,2,14,Yes,4,No,No,263,95.0,421,1
LA02806,Road,Semi-Urban,Residential,37.18,5.0,9,0.0,3,0.0,1,7,No,4,No,Yes,345,96.0,360,0
LA02807,Road,Rural,Mixed,13.15,9.0,13,1.0,0,0.0,3,18,No,2,No,No,203,76.0,200,0
LA02808,Airport,Urban,Mixed,14.16,3.0,7,3.0,0,2.0,2,6,Yes,4,Yes,No,196,73.0,276,1
LA02809,Road,Rural,Mixed,15.85,4.0,8,1.0,1,1.0,4,8,No,3,Yes,Yes,450,71.0,576,1
LA02810,Road,Urban,Residential,9.7,7.0,9,0.0,1,3.0,3,10,No,4,No,No,290,91.0,371,1
LA02811,Road,Urban,Commercial,12.11,9.0,15,3.0,0,0.0,5,11,No,1,No,No,483,50.0,461,0
LA02812,Housing,Semi-Urban,Commercial,38.23,11.0,15,2.0,0,1.0,1,15,No,3,No,No,167,38.0,160,0
LA02813,Industrial,Rural,Residential,6.14,3.0,8,1.0,1,1.0,5,7,No,3,No,No,301,71.0,306,0
LA02814,Road,Urban,Residential,18.32,6.0,9,1.0,0,1.0,2,13,No,5,No,No,271,53.0,279,0
LA02815,Road,Semi-Urban,Residential,27.44,10.0,12,1.0,0,2.0,0,15,No,3,No,No,257,68.0,368,1
LA02816,Industrial,Urban,Agricultural,18.41,6.0,9,3.0,1,3.0,0,9,No,1,No,No,675,55.0,682,0
LA02817,Road,Semi-Urban,Mixed,10.89,7.0,10,1.0,0,2.0,7,15,No,6,No,No,315,70.0,317,0
LA02818,Industrial,Semi-Urban,Mixed,36.32,,7,3.0,1,2.0,1,9,No,4,No,No,589,62.0,579,0
LA02819,Railway,Rural,Residential,18.1,4.0,5,4.0,2,3.0,0,8,Yes,8,Yes,No,616,86.0,612,0
LA02820,Housing,Semi-Urban,Agricultural,19.3,5.0,10,1.0,0,2.0,5,7,No,4,No,Yes,390,65.0,406,0
LA02821,Road,Semi-Urban,Residential,32.37,9.0,17,0.0,0,1.0,3,11,Yes,3,No,No,548,28.0,556,0
LA02822,Industrial,Semi-Urban,Residential,55.21,5.0,10,1.0,2,2.0,0,9,No,5,No,No,287,56.0,383,1
LA02823,Road,Urban,Residential,21.82,9.0,13,2.0,1,1.0,2,15,No,3,No,No,302,55.0,413,1
LA02824,Housing,Urban,Commercial,22.73,9.0,13,2.0,0,0.0,5,13,Yes,4,No,No,353,75.0,436,1
LA02825,Housing,Rural,Commercial,12.7,9.0,11,2.0,2,1.0,5,12,No,4,No,No,464,55.0,445,0
LA02826,Airport,Urban,Mixed,65.44,12.0,18,1.0,1,1.0,0,14,No,3,No,No,430,59.0,412,0
LA02827,Railway,Rural,Mixed,,9.0,14,0.0,0,1.0,5,14,No,3,No,No,310,32.0,293,0
LA02828,Road,Urban,Residential,62.71,11.0,14,0.0,2,1.0,3,16,Yes,4,No,No,475,70.0,457,0
LA02829,Housing,Rural,Commercial,69.51,6.0,10,2.0,0,2.0,2,6,No,4,No,Yes,321,16.0,331,0
LA02830,Airport,Urban,Residential,21.59,10.0,19,1.0,1,1.0,0,13,Yes,5,No,No,466,81.0,637,1
LA02831,Road,Rural,Agricultural,59.61,8.0,11,1.0,0,3.0,5,11,No,2,Yes,Yes,544,33.0,537,0
LA02832,Railway,Semi-Urban,Agricultural,39.42,9.0,11,2.0,0,2.0,2,10,Yes,5,Yes,No,298,,405,1
LA02833,Railway,Urban,Residential,23.15,5.0,7,2.0,3,3.0,2,8,No,4,No,Yes,332,76.0,446,1
LA02834,Housing,Semi-Urban,Residential,20.36,11.0,17,1.0,1,2.0,3,20,No,4,No,Yes,349,,370,0
LA02835,Industrial,Semi-Urban,Residential,36.04,7.0,12,1.0,0,1.0,0,12,No,3,No,No,252,54.0,232,0
LA02836,Industrial,Urban,Residential,42.37,10.0,15,3.0,5,0.0,0,19,No,4,Yes,Yes,451,80.0,587,1
LA02837,Industrial,Urban,Mixed,4.59,7.0,13,0.0,0,1.0,3,9,No,2,No,No,369,71.0,413,1
LA02838,Road,Rural,Residential,25.81,11.0,17,2.0,0,3.0,2,19,Yes,4,No,No,390,59.0,404,0
LA02839,Railway,Rural,Agricultural,41.11,8.0,9,3.0,0,1.0,5,12,No,2,Yes,No,255,69.0,391,1
LA02840,Road,Urban,Mixed,,4.0,10,1.0,0,3.0,3,4,No,3,Yes,No,328,49.0,430,1
LA02841,Airport,Rural,Agricultural,32.19,2.0,7,0.0,0,0.0,2,8,Yes,8,No,No,279,15.0,300,0
LA02842,Railway,Urban,Agricultural,47.09,10.0,15,2.0,0,2.0,0,12,Yes,3,No,Yes,465,101.0,557,1
LA02843,Railway,Urban,Mixed,20.39,6.0,11,4.0,2,2.0,4,13,Yes,5,No,No,377,77.0,544,1
LA02844,Road,Semi-Urban,Residential,46.27,8.0,12,0.0,0,2.0,5,14,No,4,No,No,445,41.0,547,1
LA02845,Road,Urban,Residential,42.01,9.0,15,0.0,1,2.0,6,18,Yes,4,No,Yes,241,74.0,332,1
LA02846,Industrial,Urban,Agricultural,68.78,4.0,9,0.0,3,2.0,3,12,No,3,No,No,355,44.0,444,1
LA02847,Road,Semi-Urban,Agricultural,91.71,5.0,9,3.0,1,1.0,3,6,No,5,No,No,324,38.0,315,0
LA02848,Road,Urban,Mixed,69.89,13.0,16,1.0,1,0.0,2,23,Yes,6,No,No,315,40.0,303,0
LA02849,Airport,Urban,Residential,29.31,15.0,24,2.0,1,0.0,2,19,No,4,No,No,547,50.0,570,0
LA02850,Railway,Rural,Commercial,13.36,11.0,17,3.0,2,0.0,3,12,No,5,No,No,362,40.0,381,0
LA02851,Railway,Semi-Urban,Commercial,18.3,7.0,7,1.0,1,0.0,7,10,No,2,Yes,Yes,195,82.0,260,1
LA02852,Railway,Rural,Mixed,90.1,11.0,14,3.0,0,2.0,4,19,No,4,No,No,120,49.0,114,0
LA02853,Housing,Semi-Urban,Residential,37.4,9.0,17,0.0,1,0.0,1,11,Yes,5,No,No,454,64.0,445,0
LA02854,Road,Semi-Urban,Residential,43.18,9.0,11,,0,0.0,2,13,No,3,No,No,373,57.0,366,0
LA02855,Airport,Urban,Mixed,62.66,8.0,15,0.0,3,0.0,2,16,No,5,No,No,434,77.0,551,1
LA02856,Housing,Rural,Commercial,35.8,8.0,12,2.0,1,1.0,3,12,Yes,5,No,No,555,75.0,554,0
LA02857,Industrial,Urban,Residential,76.89,7.0,11,1.0,1,0.0,5,13,No,4,No,No,444,61.0,530,1
LA02858,Railway,Urban,Residential,11.96,5.0,10,0.0,0,3.0,2,14,No,3,No,No,386,33.0,380,0
LA02859,Airport,Rural,Mixed,49.63,7.0,11,0.0,1,,2,8,Yes,3,No,No,340,85.0,439,1
LA02860,Railway,Rural,Agricultural,108.36,9.0,13,0.0,1,2.0,1,12,No,5,No,Yes,424,57.0,530,1
LA02861,Railway,Semi-Urban,Agricultural,,10.0,15,3.0,1,2.0,2,18,Yes,4,No,Yes,325,67.0,500,1
LA02862,Railway,Urban,Mixed,84.03,9.0,10,5.0,1,0.0,3,11,No,5,No,No,324,120.0,536,1
LA02863,Road,Urban,Residential,10.9,10.0,14,1.0,1,0.0,1,13,No,3,No,No,403,68.0,413,0
LA02864,Road,Semi-Urban,Residential,41.53,18.0,24,1.0,1,0.0,4,20,No,2,Yes,Yes,502,79.0,505,0
LA02865,Railway,Rural,Commercial,32.67,10.0,12,3.0,0,2.0,8,17,No,3,No,No,342,57.0,331,0
LA02866,Road,Semi-Urban,Mixed,18.21,10.0,13,2.0,2,2.0,3,11,No,4,No,No,224,88.0,335,1
LA02867,Railway,Urban,Residential,42.0,5.0,7,1.0,1,1.0,3,10,No,4,No,Yes,298,59.0,424,1
LA02868,Industrial,Urban,Commercial,13.47,11.0,17,0.0,1,0.0,0,13,No,4,No,No,399,15.0,402,0
LA02869,Housing,Semi-Urban,Residential,47.01,8.0,11,3.0,1,0.0,0,14,No,3,No,No,304,52.0,391,1
LA02870,Road,Semi-Urban,Residential,17.11,7.0,12,0.0,3,1.0,3,11,No,2,Yes,No,403,55.0,390,0
LA02871,Industrial,Urban,Mixed,45.4,10.0,13,1.0,1,1.0,3,14,Yes,7,Yes,No,296,69.0,452,1
LA02872,Railway,Urban,Residential,18.93,15.0,19,1.0,1,0.0,1,19,No,6,Yes,No,374,50.0,362,0
LA02873,Road,Urban,Residential,28.07,9.0,15,1.0,2,0.0,4,11,No,3,No,No,403,54.0,390,0
LA02874,Road,Urban,Mixed,26.12,10.0,15,0.0,1,0.0,1,13,Yes,3,Yes,No,227,30.0,367,1
LA02875,Road,Semi-Urban,Agricultural,32.19,13.0,18,0.0,1,1.0,5,16,No,3,No,No,495,70.0,510,0
LA02876,Road,Urban,Agricultural,34.6,6.0,12,3.0,0,4.0,2,8,No,3,No,No,542,75.0,532,0
LA02877,Road,Semi-Urban,Mixed,26.21,9.0,14,0.0,0,0.0,3,11,No,4,No,No,317,65.0,397,1
LA02878,Railway,Rural,Residential,15.63,7.0,11,0.0,2,0.0,4,8,Yes,3,No,No,450,37.0,544,1
LA02879,Railway,Rural,Commercial,71.83,6.0,10,0.0,1,0.0,5,7,No,5,No,No,437,76.0,408,0
LA02880,Road,Rural,Agricultural,35.67,9.0,13,0.0,2,1.0,1,11,No,5,No,No,412,78.0,430,0
LA02881,Road,Urban,Residential,42.66,11.0,11,0.0,1,2.0,2,12,No,5,Yes,No,265,38.0,334,1
LA02882,Road,Urban,Commercial,26.22,9.0,9,1.0,0,3.0,1,11,Yes,6,No,Yes,452,80.0,467,0
LA02883,Railway,Urban,Agricultural,140.94,13.0,18,2.0,0,1.0,4,18,No,5,No,No,436,74.0,504,1
LA02884,Road,Rural,Mixed,37.9,6.0,12,3.0,0,0.0,2,13,No,4,No,No,266,56.0,266,0
LA02885,Railway,Urban,Mixed,74.24,8.0,12,1.0,1,2.0,7,10,Yes,7,Yes,No,183,102.0,258,1
LA02886,Road,Semi-Urban,Mixed,28.41,7.0,12,0.0,1,2.0,3,14,No,4,Yes,No,357,99.0,466,1
LA02887,Road,Urban,Agricultural,50.99,8.0,10,0.0,0,0.0,2,11,No,4,No,No,268,55.0,297,0
LA02888,Housing,Urban,Residential,31.23,12.0,16,3.0,0,1.0,0,17,Yes,5,No,No,429,62.0,433,0
LA02889,Road,Rural,Mixed,66.56,10.0,11,2.0,1,0.0,3,14,No,7,No,No,295,60.0,310,0
LA02890,Road,Semi-Urban,Agricultural,24.15,9.0,11,1.0,1,1.0,4,14,No,4,No,No,340,84.0,457,1
LA02891,Road,Semi-Urban,Commercial,14.11,10.0,13,1.0,0,2.0,2,13,No,4,No,No,359,58.0,357,0
LA02892,Housing,Rural,Mixed,42.56,7.0,14,0.0,1,5.0,2,9,No,5,No,Yes,176,72.0,257,1
LA02893,Industrial,Urban,Residential,69.51,6.0,11,0.0,1,2.0,3,15,Yes,4,No,Yes,359,63.0,377,0
LA02894,Industrial,Urban,Residential,31.93,8.0,13,1.0,0,4.0,2,13,No,3,No,Yes,202,70.0,303,1
LA02895,Housing,Semi-Urban,Commercial,23.65,13.0,15,2.0,0,0.0,0,16,No,4,No,No,419,88.0,552,1
LA02896,Road,Semi-Urban,Agricultural,11.96,11.0,14,1.0,1,1.0,3,15,No,4,No,No,604,65.0,828,1
LA02897,Housing,Semi-Urban,Residential,70.16,5.0,9,3.0,1,3.0,2,16,No,5,No,No,574,93.0,670,1
LA02898,Road,Urban,Agricultural,17.69,7.0,11,1.0,2,3.0,6,11,No,2,Yes,No,345,62.0,329,0
LA02899,Industrial,Rural,Mixed,25.95,10.0,13,0.0,1,4.0,4,13,Yes,4,Yes,No,477,122.0,608,1
LA02900,Railway,Urban,Agricultural,25.51,10.0,16,0.0,0,2.0,3,16,No,5,No,No,370,52.0,344,0
LA02901,Railway,Semi-Urban,Residential,33.8,6.0,12,2.0,1,1.0,2,13,No,2,No,Yes,482,72.0,467,0
LA02902,Housing,Semi-Urban,Commercial,50.71,6.0,10,0.0,1,2.0,2,10,No,5,No,No,259,76.0,360,1
LA02903,Road,Rural,Mixed,115.47,9.0,12,1.0,1,1.0,4,17,No,2,No,No,352,54.0,419,1
LA02904,Housing,Semi-Urban,Mixed,43.84,13.0,14,0.0,1,2.0,1,17,Yes,3,Yes,No,368,124.0,462,1
LA02905,Railway,Rural,Residential,12.02,4.0,9,1.0,1,0.0,8,10,No,4,No,No,434,58.0,447,0
LA02906,Industrial,Urban,Mixed,32.58,4.0,8,1.0,1,2.0,3,10,No,6,Yes,No,349,67.0,447,1
LA02907,Housing,Semi-Urban,Mixed,44.3,12.0,16,3.0,0,0.0,1,15,Yes,3,Yes,No,345,43.0,475,1
LA02908,Road,Rural,Commercial,77.69,9.0,12,1.0,0,3.0,4,12,No,5,Yes,No,318,76.0,305,0
LA02909,Housing,Semi-Urban,Agricultural,71.93,10.0,12,1.0,1,1.0,4,13,No,2,,Yes,234,60.0,270,0
LA02910,Industrial,Semi-Urban,Residential,31.67,9.0,15,0.0,4,1.0,1,14,No,5,No,Yes,414,59.0,582,1
LA02911,Airport,Rural,Agricultural,37.17,6.0,15,2.0,0,1.0,5,8,No,2,Yes,No,328,73.0,340,0
LA02912,Road,Urban,Residential,40.98,10.0,14,1.0,1,0.0,3,12,Yes,3,No,No,373,93.0,357,0
LA02913,Railway,Semi-Urban,Residential,37.28,13.0,22,0.0,3,3.0,2,16,Yes,6,No,No,120,64.0,202,1
LA02914,Industrial,Rural,Mixed,32.54,4.0,8,0.0,5,1.0,5,10,No,5,Yes,No,355,71.0,343,0
LA02915,Railway,Rural,Residential,93.32,13.0,17,2.0,2,1.0,5,17,No,3,No,No,323,55.0,430,1
LA02916,Road,Rural,Mixed,20.58,5.0,10,2.0,0,2.0,2,12,No,2,No,No,442,35.0,571,1
LA02917,Road,Rural,Agricultural,63.87,5.0,6,1.0,1,2.0,3,8,No,2,Yes,Yes,307,110.0,299,0
LA02918,Housing,Urban,Mixed,56.29,4.0,6,2.0,2,2.0,4,7,Yes,3,No,Yes,322,102.0,418,1
LA02919,Road,Rural,Residential,31.65,6.0,10,1.0,1,0.0,2,11,No,3,No,No,254,20.0,358,1
LA02920,Airport,Semi-Urban,Commercial,19.55,9.0,14,,1,1.0,2,14,No,4,Yes,No,324,69.0,329,0
LA02921,Housing,Semi-Urban,Agricultural,35.57,11.0,15,1.0,1,0.0,5,14,No,4,No,No,313,26.0,413,1
LA02922,Road,Semi-Urban,Mixed,52.17,9.0,10,0.0,0,1.0,1,14,No,4,No,No,388,29.0,403,0
LA02923,Road,Rural,Residential,1.81,6.0,12,0.0,0,3.0,3,11,Yes,3,No,No,312,76.0,310,0
LA02924,Industrial,Semi-Urban,Residential,13.38,7.0,9,1.0,0,1.0,1,10,No,6,Yes,No,184,69.0,220,1
LA02925,Road,Rural,Mixed,3.43,8.0,11,1.0,2,4.0,0,10,Yes,6,No,No,292,103.0,420,1
LA02926,Industrial,Urban,Residential,42.97,6.0,7,1.0,0,0.0,3,10,No,4,Yes,No,389,62.0,414,0
LA02927,Industrial,Urban,Commercial,41.63,6.0,12,4.0,1,1.0,5,9,Yes,5,,No,263,99.0,394,1
LA02928,Industrial,Semi-Urban,Residential,14.73,9.0,15,2.0,1,2.0,3,12,No,2,No,No,541,80.0,624,1
LA02929,Railway,Urban,Residential,18.35,4.0,10,2.0,3,0.0,1,8,Yes,1,Yes,Yes,586,99.0,596,0
LA02930,Industrial,Semi-Urban,Agricultural,40.03,11.0,18,0.0,2,3.0,0,12,No,3,No,No,307,62.0,311,0
LA02931,Industrial,Urban,Agricultural,8.76,8.0,18,1.0,0,0.0,3,10,Yes,2,No,Yes,473,50.0,461,0
LA02932,Road,Semi-Urban,Agricultural,54.31,4.0,8,1.0,1,0.0,2,9,Yes,4,No,Yes,313,77.0,340,0
LA02933,Industrial,Urban,Agricultural,29.08,13.0,19,6.0,1,3.0,0,16,No,4,Yes,No,343,117.0,478,1
LA02934,Housing,Urban,Commercial,33.88,8.0,10,0.0,0,0.0,4,12,No,6,No,No,555,43.0,573,0
LA02935,Industrial,Semi-Urban,Mixed,35.98,9.0,17,0.0,1,,3,10,No,3,No,No,410,59.0,416,0
LA02936,Railway,Urban,Residential,12.22,7.0,14,0.0,1,1.0,2,10,No,4,Yes,No,330,73.0,396,1
LA02937,Road,Urban,Agricultural,36.12,11.0,12,1.0,1,1.0,0,16,No,5,No,Yes,421,78.0,495,1
LA02938,Road,Urban,Agricultural,50.04,8.0,15,0.0,1,0.0,4,11,No,3,No,No,345,79.0,364,0
LA02939,Road,Urban,Mixed,19.84,8.0,13,1.0,0,2.0,1,14,Yes,2,No,Yes,265,65.0,364,1
LA02940,Road,Semi-Urban,Agricultural,18.09,10.0,14,3.0,3,1.0,2,15,Yes,3,No,No,355,113.0,485,1
LA02941,Housing,Urban,Commercial,110.93,7.0,9,1.0,1,2.0,7,10,No,2,No,Yes,316,96.0,307,0
LA02942,Road,Semi-Urban,Agricultural,16.6,7.0,14,5.0,1,0.0,1,9,Yes,6,No,Yes,435,68.0,453,0
LA02943,Housing,Semi-Urban,Commercial,24.93,6.0,12,3.0,1,0.0,4,10,No,5,Yes,No,342,54.0,325,0
LA02944,Road,Semi-Urban,Mixed,82.83,10.0,15,0.0,1,2.0,4,12,Yes,1,Yes,Yes,464,116.0,589,1
LA02945,Road,Semi-Urban,Agricultural,8.19,9.0,11,2.0,1,0.0,1,11,No,4,No,No,278,84.0,292,0
LA02946,Railway,Urban,Agricultural,31.03,8.0,17,1.0,0,2.0,1,13,No,1,No,No,218,44.0,224,0
LA02947,Road,Rural,Residential,49.33,7.0,11,1.0,1,2.0,4,12,No,4,No,No,456,61.0,468,0
LA02948,Airport,Semi-Urban,Agricultural,32.46,5.0,9,2.0,0,1.0,6,11,No,4,Yes,No,360,45.0,327,0
LA02949,Housing,Urban,Residential,7.01,8.0,15,2.0,1,0.0,3,14,No,3,No,No,570,29.0,793,1
LA02950,Housing,Rural,Mixed,,5.0,14,4.0,0,2.0,3,7,Yes,3,Yes,No,355,68.0,351,0
LA02951,Road,Semi-Urban,Agricultural,5.94,11.0,14,2.0,3,0.0,4,17,Yes,5,No,No,361,90.0,500,1
LA02952,Airport,Semi-Urban,Residential,29.52,6.0,14,3.0,1,0.0,1,13,Yes,3,,Yes,407,100.0,576,1
LA02953,Road,Rural,Residential,44.4,12.0,18,2.0,0,2.0,6,13,No,4,No,Yes,278,17.0,292,0
LA02954,Housing,Urban,Agricultural,19.71,3.0,4,2.0,2,1.0,2,6,No,3,,No,439,63.0,560,1
LA02955,Railway,Rural,Mixed,26.33,6.0,7,2.0,2,0.0,6,10,No,1,No,No,412,75.0,424,0
LA02956,Road,Semi-Urban,Agricultural,26.22,3.0,8,1.0,2,2.0,7,8,No,4,No,No,254,82.0,263,0
LA02957,Road,Semi-Urban,Residential,74.19,11.0,12,4.0,0,2.0,4,13,Yes,2,,No,496,101.0,509,0
LA02958,Road,Urban,Agricultural,39.61,13.0,17,0.0,1,2.0,3,17,No,4,No,No,159,79.0,275,1
LA02959,Road,Urban,Mixed,36.02,5.0,7,3.0,1,1.0,2,12,Yes,5,No,No,307,56.0,532,1
LA02960,Housing,Rural,Mixed,66.56,10.0,12,2.0,3,1.0,4,12,Yes,4,No,No,509,119.0,640,1
LA02961,Airport,Urban,Residential,10.22,3.0,4,1.0,3,1.0,6,5,No,6,No,No,309,104.0,300,0
LA02962,Housing,Urban,Commercial,39.24,9.0,11,2.0,0,2.0,4,17,No,3,No,No,411,,410,0
LA02963,Road,Semi-Urban,Mixed,22.38,7.0,8,2.0,2,2.0,3,11,No,4,No,No,416,61.0,407,0
LA02964,Industrial,Rural,Mixed,80.86,9.0,11,1.0,3,1.0,4,15,No,4,No,No,313,31.0,461,1
LA02965,Road,Urban,Agricultural,66.91,4.0,8,2.0,2,4.0,3,11,Yes,6,Yes,No,254,100.0,397,1
LA02966,Railway,Rural,Commercial,22.37,5.0,9,1.0,2,,1,10,No,4,No,No,222,49.0,228,0
LA02967,Road,Semi-Urban,Agricultural,27.54,5.0,8,1.0,1,1.0,3,10,No,3,Yes,No,384,52.0,381,0
LA02968,Road,Rural,Residential,15.77,7.0,10,0.0,2,1.0,0,17,No,1,No,No,319,52.0,324,0
LA02969,Industrial,Urban,Residential,60.04,9.0,19,0.0,0,1.0,4,15,No,5,,No,302,40.0,295,0
LA02970,Road,Urban,Agricultural,51.57,4.0,6,0.0,1,3.0,2,8,No,4,No,Yes,321,50.0,326,0
LA02971,Railway,Semi-Urban,Residential,28.69,5.0,8,2.0,0,1.0,4,8,Yes,4,No,No,559,41.0,618,1
LA02972,Industrial,Urban,Agricultural,28.46,7.0,11,1.0,2,2.0,1,12,No,5,No,No,436,81.0,543,1
LA02973,Road,Semi-Urban,Mixed,23.81,10.0,18,3.0,1,4.0,4,14,Yes,1,Yes,No,278,86.0,477,1
LA02974,Housing,Urban,Mixed,,4.0,6,1.0,0,,1,9,No,5,No,No,235,47.0,253,0
LA02975,Railway,Rural,Residential,30.6,13.0,16,2.0,0,2.0,5,16,No,3,No,Yes,399,101.0,394,0
LA02976,Housing,Rural,Residential,24.53,13.0,17,0.0,2,2.0,1,19,Yes,5,Yes,Yes,249,52.0,436,1
LA02977,Industrial,Rural,Commercial,56.16,6.0,10,1.0,0,0.0,0,12,Yes,1,No,No,372,51.0,370,0
LA02978,Airport,Rural,Agricultural,3.1,9.0,10,1.0,0,0.0,3,14,No,3,No,Yes,483,61.0,478,0
LA02979,Airport,Rural,Residential,27.19,5.0,5,1.0,0,0.0,3,9,Yes,5,Yes,Yes,506,77.0,580,1
LA02980,Housing,Semi-Urban,Mixed,61.37,,17,1.0,2,6.0,1,17,No,5,No,Yes,201,76.0,317,1
LA02981,Industrial,Semi-Urban,Residential,89.18,3.0,5,1.0,3,,2,6,Yes,4,No,No,411,84.0,653,1
LA02982,Road,Rural,Residential,20.4,9.0,16,1.0,0,0.0,2,11,No,4,No,No,120,15.0,128,0
LA02983,Road,Rural,Commercial,47.59,10.0,16,0.0,2,2.0,5,12,No,7,No,Yes,264,48.0,251,0
LA02984,Industrial,Rural,Commercial,20.3,3.0,7,3.0,0,2.0,1,4,No,2,Yes,No,319,76.0,440,1
LA02985,Road,Rural,Agricultural,117.0,12.0,13,0.0,4,1.0,5,15,Yes,6,No,No,399,79.0,553,1
LA02986,Road,Urban,Commercial,37.61,6.0,9,2.0,1,1.0,2,9,No,4,Yes,No,420,60.0,533,1
LA02987,Road,Rural,Mixed,51.31,6.0,8,0.0,0,2.0,3,10,No,2,No,Yes,336,64.0,327,0
LA02988,Railway,Rural,Residential,3.98,3.0,8,2.0,0,1.0,3,6,Yes,5,No,No,430,83.0,543,1
LA02989,Road,Semi-Urban,Commercial,23.61,8.0,11,2.0,2,2.0,1,11,No,3,No,No,459,56.0,462,0
LA02990,Industrial,Rural,Residential,56.34,6.0,10,0.0,1,2.0,3,13,No,4,No,No,247,56.0,323,1
LA02991,Airport,Semi-Urban,Agricultural,10.14,5.0,10,1.0,2,0.0,4,11,No,4,No,No,398,46.0,397,0
LA02992,Housing,Rural,Agricultural,37.54,7.0,10,1.0,0,1.0,4,13,No,4,No,No,291,62.0,298,0
LA02993,Road,Urban,Agricultural,91.8,7.0,12,2.0,1,2.0,5,8,Yes,6,No,No,432,54.0,532,1
LA02994,Railway,Rural,Residential,58.44,7.0,11,3.0,3,2.0,2,9,Yes,6,No,No,463,104.0,577,1
LA02995,Industrial,Urban,Mixed,48.76,9.0,15,0.0,1,1.0,2,14,Yes,3,Yes,Yes,390,58.0,481,1
LA02996,Railway,Urban,Agricultural,24.7,5.0,12,1.0,1,0.0,2,10,No,1,No,No,467,56.0,479,0
LA02997,Industrial,Urban,Mixed,12.75,6.0,7,0.0,0,0.0,8,9,No,1,Yes,No,308,56.0,464,1
LA02998,Road,Semi-Urban,Agricultural,32.28,8.0,11,2.0,1,1.0,3,13,No,4,Yes,Yes,507,86.0,525,0
LA02999,Housing,Urban,Mixed,52.74,9.0,11,0.0,1,1.0,4,16,No,5,No,No,270,71.0,270,0
LA03000,Road,Rural,Agricultural,,9.0,15,2.0,3,0.0,2,16,Yes,5,No,Yes,419,73.0,385,0
LA03001,Housing,Semi-Urban,Agricultural,58.09,7.0,11,0.0,2,1.0,5,12,No,5,No,No,378,70.0,455,1
LA03002,Industrial,Rural,Commercial,39.01,8.0,11,2.0,1,1.0,5,14,No,5,No,Yes,415,48.0,410,0
LA03003,Road,Urban,Mixed,18.15,10.0,13,0.0,0,2.0,0,12,No,8,Yes,No,293,26.0,294,0
LA03004,Airport,Urban,Agricultural,7.87,6.0,10,3.0,0,0.0,4,11,No,3,No,Yes,472,91.0,571,1
LA03005,Road,Rural,Agricultural,9.97,8.0,12,1.0,1,2.0,1,14,No,3,No,No,522,51.0,535,0
LA03006,Airport,Rural,Agricultural,31.39,9.0,11,1.0,1,1.0,4,13,No,3,Yes,No,456,62.0,530,1
LA03007,Industrial,Semi-Urban,Agricultural,70.99,12.0,15,1.0,3,1.0,2,15,No,5,No,Yes,430,72.0,521,1
LA03008,Road,Rural,Agricultural,18.36,14.0,20,1.0,2,2.0,2,16,No,4,Yes,No,326,97.0,443,1
LA03009,Road,Rural,Mixed,77.19,13.0,19,0.0,1,1.0,0,19,Yes,4,No,No,661,99.0,736,1
LA03010,Airport,Semi-Urban,Agricultural,6.96,10.0,11,0.0,0,4.0,2,13,Yes,3,No,No,444,73.0,601,1
LA03011,Road,Rural,Agricultural,35.35,7.0,8,3.0,1,2.0,5,10,No,9,No,Yes,358,66.0,557,1
LA03012,Housing,Rural,Commercial,32.84,3.0,6,1.0,1,1.0,2,6,No,3,No,No,120,35.0,124,0
LA03013,Airport,Semi-Urban,Mixed,44.65,7.0,11,1.0,0,3.0,2,10,No,9,Yes,Yes,301,47.0,319,0
LA03014,Industrial,Semi-Urban,Residential,38.56,8.0,13,3.0,1,1.0,3,13,No,3,No,No,467,70.0,486,0
LA03015,Road,Urban,Residential,24.45,13.0,14,0.0,0,2.0,2,16,No,7,No,Yes,339,31.0,448,1
LA03016,Airport,Urban,Residential,24.6,9.0,12,2.0,0,2.0,2,14,No,3,No,No,308,77.0,410,1
LA03017,Housing,Rural,Commercial,62.56,11.0,15,0.0,3,1.0,3,13,No,3,No,No,432,78.0,411,0
LA03018,Road,Rural,Agricultural,36.7,9.0,13,1.0,0,2.0,3,12,No,6,Yes,No,289,40.0,298,0
LA03019,Road,Urban,Agricultural,3.73,8.0,11,1.0,1,1.0,5,13,Yes,2,Yes,No,382,75.0,544,1
LA03020,Road,Semi-Urban,Residential,26.36,6.0,7,1.0,0,1.0,3,7,Yes,5,No,Yes,470,66.0,435,0
LA03021,Railway,Urban,Mixed,28.15,9.0,10,2.0,0,0.0,2,14,No,3,No,No,303,40.0,314,0
LA03022,Airport,Urban,Agricultural,28.03,7.0,13,1.0,1,1.0,2,11,No,4,No,No,298,77.0,339,1
LA03023,Railway,Rural,Commercial,56.63,10.0,16,0.0,1,2.0,0,11,No,3,Yes,No,421,86.0,520,1
LA03024,Industrial,Semi-Urban,Residential,21.74,5.0,10,3.0,1,2.0,3,10,No,4,No,No,444,73.0,540,1
LA03025,Road,Urban,Residential,,11.0,19,3.0,4,2.0,5,13,No,6,No,No,261,100.0,383,1
LA03026,Road,Semi-Urban,Residential,92.83,8.0,8,0.0,2,0.0,2,10,Yes,2,No,Yes,334,57.0,469,1
LA03027,Road,Semi-Urban,Agricultural,71.32,6.0,10,0.0,1,1.0,4,15,No,5,No,No,518,93.0,516,0
LA03028,Housing,Rural,Agricultural,20.23,14.0,16,3.0,1,3.0,3,22,No,3,Yes,No,364,77.0,363,0
LA03029,Industrial,Rural,Residential,37.46,12.0,13,1.0,2,1.0,4,17,Yes,2,No,No,420,127.0,420,0
LA03030,Railway,Semi-Urban,Agricultural,1.79,7.0,11,2.0,0,0.0,3,7,Yes,9,No,No,383,57.0,393,0
LA03031,Airport,Semi-Urban,Residential,50.76,6.0,10,,1,2.0,3,11,No,3,No,No,473,74.0,633,1
LA03032,Road,Semi-Urban,Agricultural,11.94,11.0,12,2.0,2,1.0,2,13,No,4,No,No,303,61.0,284,0
LA03033,Road,Semi-Urban,Residential,33.83,10.0,15,4.0,2,2.0,3,17,No,4,No,No,512,76.0,750,1
LA03034,Road,Urban,Residential,30.6,13.0,15,1.0,2,3.0,4,15,No,3,Yes,No,288,91.0,382,1
LA03035,Housing,Urban,Residential,68.93,11.0,16,1.0,2,3.0,3,12,No,6,No,No,502,72.0,636,1
LA03036,Airport,Rural,Commercial,41.08,11.0,15,1.0,0,2.0,5,15,No,2,Yes,Yes,426,86.0,523,1
LA03037,Industrial,Semi-Urban,Mixed,30.43,12.0,20,1.0,1,4.0,0,14,Yes,3,No,Yes,379,91.0,378,0
LA03038,Road,Semi-Urban,Commercial,53.12,6.0,11,0.0,3,0.0,3,11,No,5,Yes,No,309,61.0,301,0
LA03039,Road,Urban,Residential,76.3,6.0,8,2.0,0,2.0,4,11,No,5,No,No,317,86.0,332,0
LA03040,Industrial,Rural,Mixed,2.64,9.0,15,0.0,0,4.0,3,12,No,8,Yes,No,274,58.0,340,1
LA03041,Railway,Urban,Mixed,21.18,8.0,15,0.0,1,2.0,2,8,No,3,No,No,415,66.0,510,1
LA03042,Housing,Semi-Urban,Agricultural,94.57,5.0,10,0.0,2,0.0,3,8,No,3,Yes,No,364,45.0,358,0
LA03043,Airport,Rural,Residential,124.41,9.0,11,2.0,2,2.0,2,13,No,4,No,No,287,98.0,285,0
LA03044,Railway,Semi-Urban,Commercial,18.05,6.0,9,2.0,1,0.0,1,13,Yes,3,No,No,354,84.0,465,1
LA03045,Airport,Rural,Mixed,61.84,17.0,19,2.0,3,3.0,4,22,No,2,Yes,No,472,86.0,440,0
LA03046,Housing,Urban,Mixed,18.01,10.0,13,1.0,0,2.0,4,16,No,2,No,No,289,54.0,297,0
LA03047,Railway,Rural,Commercial,14.05,9.0,13,1.0,1,2.0,3,14,No,7,No,No,551,82.0,603,1
LA03048,Industrial,Rural,Commercial,31.32,10.0,15,2.0,3,1.0,5,18,No,7,No,Yes,372,63.0,371,0
LA03049,Housing,Semi-Urban,Mixed,66.71,4.0,9,1.0,0,2.0,4,10,Yes,3,No,No,122,70.0,310,1
LA03050,Road,Semi-Urban,Residential,28.46,7.0,10,2.0,1,2.0,2,9,No,3,Yes,No,509,60.0,611,1
LA03051,Housing,Semi-Urban,Residential,66.12,9.0,16,0.0,0,3.0,5,15,Yes,4,Yes,Yes,308,61.0,431,1
LA03052,Road,Rural,Mixed,70.24,6.0,7,0.0,1,0.0,1,9,No,3,No,No,234,60.0,264,0
LA03053,Industrial,Rural,Residential,23.78,4.0,9,0.0,1,2.0,0,9,No,5,No,Yes,214,61.0,279,1
LA03054,Airport,Rural,Agricultural,23.24,11.0,13,0.0,0,0.0,2,17,No,7,No,Yes,234,74.0,232,0
LA03055,Industrial,Rural,Residential,29.04,9.0,14,1.0,2,1.0,4,15,Yes,6,No,Yes,277,86.0,364,1
LA03056,Railway,Semi-Urban,Residential,34.75,8.0,11,2.0,2,2.0,5,10,No,3,No,No,494,70.0,498,0
LA03057,Industrial,Semi-Urban,Residential,31.77,7.0,10,0.0,0,1.0,2,12,Yes,3,No,No,120,63.0,121,0
LA03058,Road,Urban,Agricultural,37.11,9.0,15,0.0,1,1.0,1,11,Yes,3,No,Yes,291,68.0,282,0
LA03059,Road,Rural,Agricultural,25.15,5.0,9,1.0,2,2.0,2,6,Yes,6,Yes,No,694,78.0,780,1
LA03060,Road,Rural,Agricultural,12.93,13.0,15,2.0,0,3.0,2,16,No,4,No,No,382,95.0,372,0
LA03061,Industrial,Semi-Urban,Agricultural,108.84,5.0,7,2.0,2,2.0,3,14,Yes,2,No,Yes,339,66.0,329,0
LA03062,Railway,Urban,Mixed,21.16,6.0,9,0.0,2,1.0,1,9,No,2,Yes,No,370,89.0,428,1
LA03063,Road,Semi-Urban,Agricultural,7.63,11.0,14,2.0,1,1.0,7,16,No,1,No,No,509,47.0,500,0
LA03064,Housing,Rural,Mixed,55.94,5.0,12,0.0,0,1.0,2,8,Yes,4,No,No,213,85.0,343,1
LA03065,Railway,Rural,Agricultural,15.12,6.0,9,1.0,1,1.0,2,11,No,4,Yes,No,514,37.0,549,0
LA03066,Railway,Urban,Residential,52.24,8.0,12,2.0,0,1.0,4,11,No,2,No,Yes,537,71.0,603,1
LA03067,Railway,Urban,Mixed,20.42,8.0,12,3.0,1,2.0,1,9,No,3,No,No,321,77.0,343,0
LA03068,Road,Semi-Urban,Mixed,122.28,13.0,20,1.0,2,2.0,2,22,Yes,7,No,Yes,324,75.0,416,1
LA03069,Airport,Urban,Residential,84.2,7.0,11,2.0,1,3.0,3,8,Yes,5,No,No,555,98.0,707,1
LA03070,Railway,Rural,Commercial,,5.0,13,2.0,2,1.0,2,7,No,4,No,No,558,60.0,557,0
LA03071,Road,Semi-Urban,Commercial,48.83,6.0,8,0.0,0,0.0,3,9,No,7,No,No,292,66.0,299,0
LA03072,Housing,Semi-Urban,Residential,42.28,6.0,9,1.0,1,2.0,2,11,Yes,2,No,No,202,70.0,355,1
LA03073,Housing,Urban,Agricultural,19.82,8.0,13,2.0,1,1.0,7,11,Yes,3,Yes,No,493,78.0,597,1
LA03074,Airport,Semi-Urban,Residential,54.6,4.0,5,1.0,0,0.0,2,6,No,3,Yes,No,120,61.0,215,1
LA03075,Housing,Rural,Residential,36.89,7.0,8,1.0,2,1.0,3,12,No,5,No,No,421,63.0,422,0
LA03076,Housing,Semi-Urban,Mixed,40.66,4.0,9,0.0,1,1.0,4,10,No,2,No,No,219,28.0,220,0
LA03077,Road,Urban,Agricultural,51.6,5.0,9,3.0,0,3.0,2,7,No,7,No,No,327,29.0,316,0
LA03078,Industrial,Urban,Mixed,32.41,6.0,10,1.0,0,2.0,1,10,Yes,3,Yes,No,308,76.0,347,1
LA03079,Industrial,Rural,Commercial,17.83,5.0,7,1.0,0,2.0,2,12,Yes,4,No,Yes,449,98.0,557,1
LA03080,Road,Rural,Mixed,48.83,9.0,12,2.0,0,1.0,3,13,No,7,No,No,373,79.0,503,1
LA03081,Road,Urban,Agricultural,57.85,12.0,17,1.0,1,2.0,2,14,No,4,Yes,No,337,50.0,486,1
LA03082,Road,Semi-Urban,Agricultural,58.06,7.0,10,2.0,2,1.0,4,13,No,4,No,No,382,,414,0
LA03083,Industrial,Urban,Residential,58.89,10.0,10,2.0,1,3.0,3,11,No,5,No,No,559,66.0,533,0
LA03084,Airport,Semi-Urban,Commercial,,8.0,11,3.0,0,0.0,2,13,No,4,No,No,292,65.0,313,0
LA03085,Airport,Urban,Agricultural,8.07,10.0,13,0.0,1,1.0,3,14,No,4,No,No,461,95.0,535,1
LA03086,Road,Rural,Commercial,125.81,7.0,9,1.0,1,0.0,2,7,No,5,Yes,No,277,,357,1
LA03087,Road,Rural,Agricultural,57.57,8.0,17,0.0,0,1.0,8,14,No,3,No,Yes,330,41.0,310,0
LA03088,Railway,Urban,Residential,26.26,10.0,16,0.0,0,1.0,4,15,No,3,Yes,No,271,69.0,353,1
LA03089,Railway,Semi-Urban,Mixed,63.34,3.0,7,0.0,1,1.0,4,8,No,3,No,Yes,375,89.0,452,1
LA03090,Housing,Urban,Mixed,13.68,,7,2.0,2,,2,8,No,2,No,No,429,69.0,420,0
LA03091,Housing,Urban,Agricultural,52.46,5.0,8,0.0,0,2.0,1,8,Yes,4,No,Yes,261,88.0,348,1
LA03092,Housing,Urban,Commercial,28.36,8.0,11,3.0,2,0.0,4,13,No,4,No,No,387,29.0,571,1
LA03093,Housing,Urban,Agricultural,14.35,9.0,17,1.0,2,0.0,5,14,No,3,No,No,394,84.0,487,1
LA03094,Housing,Rural,Mixed,14.15,9.0,13,1.0,2,0.0,2,12,No,3,No,Yes,393,29.0,354,0
LA03095,Railway,Urban,Agricultural,47.03,10.0,17,1.0,3,1.0,3,16,Yes,1,Yes,No,224,78.0,376,1
LA03096,Road,Rural,Agricultural,50.93,9.0,16,2.0,1,0.0,5,15,Yes,3,Yes,Yes,489,79.0,631,1
LA03097,Road,Urban,Residential,16.88,11.0,14,0.0,2,4.0,3,15,Yes,5,No,No,340,116.0,329,0
LA03098,Railway,Semi-Urban,Residential,28.66,11.0,13,1.0,3,2.0,0,16,No,7,No,No,335,63.0,361,0
LA03099,Road,Semi-Urban,Mixed,43.88,11.0,15,0.0,1,1.0,0,12,Yes,3,Yes,No,324,60.0,400,1
LA03100,Road,Rural,Agricultural,23.4,8.0,9,2.0,0,1.0,1,14,No,6,No,Yes,244,59.0,223,0
LA03101,Housing,Urban,Residential,112.59,6.0,10,1.0,4,3.0,1,10,No,4,No,No,419,45.0,415,0
LA03102,Road,Urban,Residential,47.44,4.0,9,3.0,1,0.0,2,8,Yes,3,No,Yes,381,,478,1
LA03103,Housing,Rural,Agricultural,32.47,6.0,9,3.0,0,0.0,3,8,No,6,No,No,455,76.0,466,0
LA03104,Airport,Rural,Commercial,69.72,6.0,9,2.0,0,1.0,2,8,No,7,No,No,461,59.0,527,1
LA03105,Industrial,Semi-Urban,Agricultural,50.18,4.0,7,1.0,0,2.0,3,6,No,1,Yes,No,324,71.0,414,1
LA03106,Industrial,Urban,Commercial,44.16,9.0,13,0.0,2,0.0,4,16,No,4,No,No,465,64.0,475,0
LA03107,Road,Urban,Mixed,48.04,9.0,12,1.0,1,4.0,6,14,Yes,3,No,No,309,107.0,384,1
LA03108,Industrial,Rural,Agricultural,58.54,8.0,13,2.0,0,2.0,0,17,No,1,No,No,494,56.0,500,0
LA03109,Road,Semi-Urban,Mixed,21.73,12.0,17,0.0,0,1.0,3,16,No,6,No,Yes,477,58.0,470,0
LA03110,Housing,Semi-Urban,Residential,6.17,7.0,12,0.0,1,0.0,4,12,No,4,No,Yes,271,,420,1
LA03111,Road,Urban,Agricultural,73.55,12.0,15,1.0,0,3.0,3,15,Yes,5,No,No,471,90.0,453,0
LA03112,Road,Urban,Residential,36.99,11.0,13,0.0,0,0.0,7,17,Yes,6,No,No,348,31.0,382,1
LA03113,Airport,Rural,Residential,25.02,8.0,13,1.0,0,2.0,4,14,Yes,5,No,No,277,65.0,380,1
LA03114,Industrial,Rural,Residential,17.77,13.0,15,0.0,3,0.0,2,16,No,5,No,No,405,78.0,413,0
LA03115,Railway,Urban,Residential,15.9,6.0,11,0.0,0,2.0,5,11,Yes,3,No,Yes,169,72.0,249,1
LA03116,Industrial,Rural,Mixed,39.83,6.0,10,3.0,0,1.0,2,11,No,6,No,No,320,65.0,350,0
LA03117,Road,Semi-Urban,Agricultural,34.52,7.0,9,3.0,3,0.0,2,10,No,2,No,No,431,72.0,582,1
LA03118,Industrial,Urban,Mixed,70.31,6.0,9,0.0,0,1.0,6,12,No,3,No,No,315,68.0,428,1
LA03119,Road,Semi-Urban,Agricultural,51.76,7.0,9,,0,0.0,3,11,No,4,No,No,298,41.0,299,0
LA03120,Road,Rural,Commercial,57.87,11.0,17,1.0,1,2.0,3,13,No,4,Yes,No,334,84.0,544,1
LA03121,Road,Semi-Urban,Residential,67.95,6.0,12,0.0,3,2.0,1,10,Yes,4,No,No,460,71.0,599,1
LA03122,Road,Semi-Urban,Agricultural,41.32,8.0,12,1.0,1,0.0,5,10,No,3,No,Yes,317,64.0,417,1
LA03123,Road,Rural,Agricultural,91.46,7.0,12,1.0,0,2.0,3,10,Yes,9,No,No,377,51.0,381,0
LA03124,Railway,Urban,Mixed,20.84,9.0,10,0.0,0,1.0,3,16,No,2,Yes,No,421,47.0,434,0
LA03125,Road,Rural,Mixed,67.04,5.0,8,0.0,1,0.0,2,11,No,2,No,No,394,80.0,397,0
LA03126,Road,Semi-Urban,Residential,6.08,7.0,12,0.0,0,1.0,5,15,No,6,No,No,259,63.0,265,0
LA03127,Railway,Semi-Urban,Commercial,6.42,8.0,14,1.0,1,2.0,2,15,Yes,6,No,No,491,75.0,545,1
LA03128,Road,Semi-Urban,Commercial,13.36,8.0,10,3.0,1,1.0,5,13,No,4,No,No,299,110.0,278,0
LA03129,Industrial,Semi-Urban,Agricultural,32.58,11.0,13,2.0,0,0.0,0,18,No,4,Yes,No,255,46.0,266,0
LA03130,Housing,Semi-Urban,Residential,5.4,9.0,12,0.0,1,2.0,5,15,Yes,4,No,No,421,85.0,477,1
LA03131,Railway,Semi-Urban,Commercial,31.8,13.0,20,0.0,0,2.0,3,17,No,3,No,Yes,448,76.0,513,1
LA03132,Housing,Rural,Mixed,26.13,8.0,10,2.0,1,2.0,4,10,No,3,No,Yes,462,53.0,555,1
LA03133,Road,Rural,Agricultural,118.86,3.0,6,0.0,0,3.0,0,9,Yes,3,No,No,379,52.0,467,1
LA03134,Road,Rural,Agricultural,10.45,8.0,16,1.0,1,2.0,5,12,No,2,No,No,329,76.0,308,0
LA03135,Airport,Urban,Residential,38.61,12.0,17,3.0,1,0.0,2,17,Yes,2,No,No,395,84.0,515,1
LA03136,Airport,Semi-Urban,Mixed,50.97,7.0,9,1.0,1,4.0,5,13,Yes,5,No,Yes,271,109.0,386,1
LA03137,Housing,Semi-Urban,Residential,6.63,8.0,10,2.0,1,0.0,1,10,Yes,3,No,No,478,65.0,614,1
LA03138,Road,Urban,Residential,87.54,8.0,10,0.0,2,0.0,3,13,No,4,Yes,Yes,396,38.0,505,1
LA03139,Airport,Rural,Residential,57.0,9.0,10,0.0,0,1.0,0,18,No,5,No,No,361,31.0,382,0
LA03140,Railway,Urban,Mixed,74.12,11.0,16,2.0,3,2.0,4,14,No,3,No,No,571,91.0,718,1
LA03141,Road,Urban,Commercial,42.47,10.0,15,,1,1.0,4,12,No,3,No,No,461,97.0,446,0
LA03142,Road,Urban,Residential,19.15,9.0,12,2.0,1,0.0,1,15,Yes,7,No,Yes,236,80.0,319,1
LA03143,Housing,Urban,Residential,9.44,12.0,17,3.0,2,2.0,5,13,Yes,4,No,No,417,104.0,539,1
LA03144,Road,Urban,Mixed,60.47,5.0,6,1.0,1,0.0,3,9,Yes,3,Yes,No,456,,444,0
LA03145,Housing,Semi-Urban,Agricultural,25.17,6.0,12,2.0,1,2.0,1,11,Yes,3,No,Yes,391,62.0,487,1
LA03146,Industrial,Semi-Urban,Residential,4.53,8.0,14,1.0,0,1.0,1,14,No,4,No,No,323,54.0,303,0
LA03147,Airport,Urban,Mixed,27.11,9.0,13,0.0,1,1.0,2,14,No,2,Yes,No,488,59.0,481,0
LA03148,Airport,Urban,Residential,34.35,10.0,19,1.0,1,1.0,5,14,No,4,No,Yes,417,56.0,555,1
LA03149,Housing,Rural,Agricultural,81.33,6.0,10,2.0,1,2.0,2,13,No,4,No,No,300,76.0,424,1
LA03150,Road,Urban,Residential,28.9,9.0,14,1.0,1,3.0,4,14,No,5,Yes,No,278,94.0,344,1
LA03151,Road,Semi-Urban,Commercial,34.55,3.0,4,1.0,3,0.0,1,6,Yes,2,No,Yes,428,81.0,429,0
LA03152,Industrial,Semi-Urban,Mixed,34.95,6.0,7,0.0,1,4.0,1,8,No,3,No,No,473,93.0,459,0
LA03153,Railway,Semi-Urban,Agricultural,66.01,11.0,15,1.0,1,0.0,3,14,No,1,Yes,No,394,45.0,410,0
LA03154,Road,Rural,Commercial,19.58,5.0,10,1.0,0,3.0,3,15,No,2,No,No,433,53.0,431,0
LA03155,Road,Semi-Urban,Mixed,46.4,5.0,8,2.0,1,2.0,4,11,Yes,10,Yes,No,357,117.0,493,1
LA03156,Road,Rural,Mixed,23.43,8.0,15,3.0,0,0.0,0,12,No,8,No,No,536,,624,1
LA03157,Road,Rural,Agricultural,80.11,8.0,11,0.0,0,0.0,2,12,Yes,1,No,Yes,406,95.0,418,0
LA03158,Road,Urban,Agricultural,92.22,4.0,5,0.0,0,2.0,2,8,No,8,No,No,421,,532,1
LA03159,Housing,Urban,Mixed,38.74,6.0,9,2.0,0,0.0,4,8,No,3,No,No,422,57.0,433,0
LA03160,Road,Urban,Residential,44.15,6.0,11,0.0,2,2.0,2,7,No,7,Yes,No,417,75.0,508,1
LA03161,Housing,Semi-Urban,Residential,29.42,6.0,10,2.0,1,2.0,1,13,No,3,,No,455,50.0,591,1
LA03162,Housing,Semi-Urban,Residential,6.39,4.0,9,1.0,2,2.0,5,7,No,5,No,No,181,43.0,176,0
LA03163,Road,Urban,Mixed,35.18,6.0,12,0.0,0,1.0,5,11,Yes,4,No,No,287,103.0,347,1
LA03164,Airport,Urban,Residential,32.85,10.0,13,0.0,3,0.0,4,13,No,4,Yes,No,432,,521,1
LA03165,Industrial,Semi-Urban,Residential,26.6,7.0,9,1.0,0,2.0,1,14,No,5,No,No,327,55.0,338,0
LA03166,Industrial,Semi-Urban,Commercial,28.99,14.0,19,1.0,1,1.0,4,17,No,3,Yes,Yes,418,33.0,488,1
LA03167,Road,Semi-Urban,Residential,46.83,,12,1.0,3,1.0,5,12,No,4,No,Yes,406,60.0,545,1
LA03168,Road,Rural,Agricultural,44.22,8.0,14,1.0,1,3.0,1,11,No,3,No,No,330,15.0,319,0
LA03169,Road,Urban,Agricultural,29.58,10.0,14,0.0,0,1.0,4,17,No,6,No,No,475,86.0,455,0
LA03170,Industrial,Semi-Urban,Residential,84.83,12.0,17,0.0,1,2.0,6,16,Yes,5,No,No,332,95.0,311,0
LA03171,Housing,Rural,Mixed,5.38,12.0,16,0.0,1,0.0,5,16,Yes,5,No,No,430,96.0,494,1
LA03172,Industrial,Semi-Urban,Residential,20.38,3.0,7,0.0,1,2.0,6,7,No,3,No,No,440,85.0,531,1
LA03173,Airport,Semi-Urban,Mixed,60.41,15.0,25,0.0,2,0.0,3,22,Yes,3,Yes,No,272,92.0,253,0
LA03174,Housing,Semi-Urban,Agricultural,7.52,9.0,11,0.0,1,2.0,4,13,No,1,No,No,379,69.0,372,0
LA03175,Industrial,Urban,Residential,5.26,7.0,11,0.0,0,0.0,2,11,No,4,No,No,450,21.0,438,0
LA03176,Road,Rural,Residential,20.17,11.0,12,2.0,1,2.0,2,15,No,2,No,No,242,121.0,378,1
LA03177,Housing,Semi-Urban,Agricultural,33.17,10.0,12,1.0,0,0.0,6,15,No,4,No,Yes,293,49.0,290,0
LA03178,Railway,Semi-Urban,Agricultural,24.1,7.0,13,1.0,1,1.0,5,10,No,5,No,No,269,35.0,354,1
LA03179,Road,Semi-Urban,Residential,39.79,10.0,11,1.0,0,0.0,4,12,No,3,No,No,495,81.0,483,0
LA03180,Railway,Semi-Urban,Mixed,5.78,7.0,9,1.0,1,1.0,1,8,No,4,No,No,392,97.0,399,0
LA03181,Housing,Urban,Agricultural,18.54,4.0,7,1.0,2,1.0,0,6,No,5,No,No,486,60.0,604,1
LA03182,Road,Rural,Mixed,54.17,,17,1.0,2,0.0,3,11,No,6,No,No,328,65.0,327,0
LA03183,Railway,Semi-Urban,Residential,46.56,13.0,16,1.0,1,3.0,4,19,Yes,5,No,No,529,112.0,635,1
LA03184,Road,Urban,Residential,21.53,4.0,7,4.0,1,0.0,2,8,Yes,2,No,Yes,332,71.0,344,0
LA03185,Road,Semi-Urban,Agricultural,37.83,5.0,9,1.0,0,0.0,2,8,Yes,6,Yes,Yes,224,41.0,353,1
LA03186,Road,Rural,Residential,32.67,11.0,17,1.0,1,0.0,2,17,No,4,No,No,225,79.0,343,1
LA03187,Airport,Semi-Urban,Residential,33.37,4.0,9,0.0,0,2.0,3,6,No,3,No,Yes,302,60.0,301,0
LA03188,Housing,Semi-Urban,Residential,42.06,11.0,16,2.0,0,1.0,3,17,No,3,Yes,Yes,350,90.0,355,0
LA03189,Road,Semi-Urban,Residential,95.81,14.0,21,2.0,0,2.0,3,18,Yes,7,No,Yes,339,89.0,469,1
LA03190,Road,Rural,Mixed,97.18,9.0,15,6.0,2,1.0,3,13,Yes,4,Yes,No,357,90.0,452,1
LA03191,Road,Semi-Urban,Residential,7.68,11.0,17,0.0,0,0.0,2,11,No,8,No,No,329,47.0,421,1
LA03192,Road,Rural,Mixed,28.35,9.0,12,1.0,1,0.0,3,12,No,5,No,No,407,45.0,508,1
LA03193,Industrial,Urban,Residential,12.77,6.0,9,2.0,1,1.0,3,10,Yes,2,Yes,No,201,62.0,315,1
LA03194,Industrial,Rural,Agricultural,44.58,12.0,15,0.0,1,3.0,5,15,No,3,No,No,248,83.0,252,0
LA03195,Industrial,Rural,Agricultural,29.56,5.0,9,2.0,0,1.0,5,11,Yes,5,,No,653,86.0,654,0
LA03196,Railway,Semi-Urban,Agricultural,67.74,10.0,13,1.0,1,1.0,5,16,No,5,Yes,No,422,80.0,427,0
LA03197,Industrial,Semi-Urban,Mixed,34.41,6.0,10,2.0,1,1.0,3,12,No,6,No,No,214,49.0,218,0
LA03198,Road,Urban,Mixed,87.23,6.0,10,3.0,0,0.0,5,12,Yes,5,No,No,354,86.0,339,0
LA03199,Road,Semi-Urban,Residential,99.67,6.0,11,1.0,0,0.0,4,12,Yes,5,Yes,No,249,71.0,348,1
LA03200,Housing,Urban,Agricultural,85.15,10.0,13,2.0,0,3.0,2,15,No,5,No,No,417,38.0,569,1
LA03201,Airport,Urban,Mixed,3.82,3.0,5,3.0,3,5.0,1,6,No,6,No,No,331,111.0,454,1
LA03202,Housing,Rural,Residential,41.73,10.0,12,3.0,3,2.0,1,12,Yes,2,Yes,No,463,94.0,567,1
LA03203,Housing,Urban,Agricultural,26.43,9.0,13,1.0,1,2.0,1,15,Yes,3,No,No,270,101.0,340,1
LA03204,Industrial,Semi-Urban,Residential,29.59,9.0,14,1.0,1,0.0,3,13,No,2,Yes,No,333,49.0,363,0
LA03205,Housing,Urban,Agricultural,60.43,6.0,9,0.0,1,0.0,2,11,No,4,No,No,504,41.0,494,0
LA03206,Railway,Semi-Urban,Agricultural,27.84,7.0,9,0.0,0,1.0,7,12,Yes,2,No,No,444,57.0,496,1
LA03207,Road,Semi-Urban,Agricultural,35.99,7.0,13,3.0,1,0.0,3,13,No,3,No,No,463,65.0,599,1
LA03208,Road,Urban,Mixed,37.46,6.0,12,0.0,1,0.0,4,9,No,4,No,No,396,,429,1
LA03209,Road,Semi-Urban,Agricultural,5.38,8.0,10,0.0,0,0.0,1,9,No,6,No,No,552,80.0,550,0
LA03210,Road,Rural,Mixed,24.73,7.0,12,1.0,1,2.0,4,9,Yes,3,No,No,401,64.0,389,0
LA03211,Railway,Semi-Urban,Commercial,70.9,12.0,20,1.0,1,1.0,6,17,No,2,No,No,390,42.0,402,0
LA03212,Airport,Rural,Agricultural,4.47,7.0,11,1.0,1,2.0,5,8,No,6,No,No,273,86.0,280,0
LA03213,Airport,Semi-Urban,Agricultural,50.43,6.0,12,1.0,0,1.0,2,8,No,7,No,No,295,70.0,282,0
LA03214,Industrial,Semi-Urban,Agricultural,16.96,6.0,10,0.0,0,4.0,5,11,No,5,No,Yes,494,63.0,555,1
LA03215,Road,Urban,Mixed,25.96,10.0,11,0.0,0,1.0,2,13,No,3,No,No,285,53.0,370,1
LA03216,Airport,Urban,Residential,57.26,2.0,8,0.0,2,1.0,2,8,No,3,No,No,344,85.0,475,1
LA03217,Railway,Rural,Mixed,13.69,6.0,12,1.0,4,2.0,2,11,Yes,4,Yes,Yes,492,101.0,633,1
LA03218,Road,Semi-Urban,Agricultural,27.73,12.0,17,1.0,2,3.0,2,14,No,5,Yes,No,486,64.0,494,0
LA03219,Road,Semi-Urban,Commercial,7.71,4.0,7,2.0,3,0.0,2,11,No,2,Yes,No,292,62.0,304,0
LA03220,Road,Rural,Agricultural,45.82,7.0,10,0.0,2,2.0,4,10,No,4,No,No,485,57.0,556,1
LA03221,Road,Urban,Agricultural,18.68,7.0,11,0.0,2,2.0,3,12,No,4,No,No,411,70.0,423,0
LA03222,Housing,Rural,Commercial,9.86,11.0,12,0.0,2,1.0,2,15,Yes,6,Yes,No,353,41.0,469,1
LA03223,Airport,Urban,Commercial,34.44,12.0,18,0.0,2,3.0,2,17,Yes,2,No,No,448,74.0,543,1
LA03224,Industrial,Rural,Residential,7.35,8.0,10,2.0,0,1.0,2,12,Yes,4,No,No,391,76.0,397,0
LA03225,Road,Urban,Agricultural,25.39,8.0,9,2.0,1,1.0,1,9,No,6,No,Yes,370,66.0,376,0
LA03226,Housing,Urban,Agricultural,17.31,14.0,18,3.0,0,3.0,5,19,No,6,No,Yes,334,77.0,471,1
LA03227,Industrial,Semi-Urban,Commercial,40.0,3.0,8,0.0,1,0.0,5,8,No,5,No,No,312,72.0,441,1
LA03228,Road,Urban,Agricultural,40.63,14.0,19,3.0,1,0.0,3,15,No,3,No,No,427,,531,1
LA03229,Industrial,Rural,Residential,19.92,7.0,11,3.0,1,1.0,2,12,Yes,2,Yes,No,510,32.0,520,0
LA03230,Railway,Semi-Urban,Commercial,85.85,8.0,10,0.0,2,1.0,2,9,Yes,4,No,Yes,214,47.0,273,1
LA03231,Railway,Urban,Agricultural,68.58,7.0,12,0.0,3,2.0,1,11,No,10,No,No,311,65.0,373,1
LA03232,Road,Urban,Agricultural,15.25,9.0,10,0.0,2,1.0,4,13,No,2,Yes,No,338,84.0,346,0
LA03233,Railway,Rural,Commercial,134.9,8.0,12,3.0,2,,5,8,No,5,No,No,201,77.0,212,0
LA03234,Road,Semi-Urban,Commercial,55.45,8.0,16,1.0,2,1.0,4,11,No,3,No,No,152,33.0,157,0
LA03235,Road,Rural,Commercial,43.14,12.0,16,0.0,0,2.0,3,15,Yes,7,No,No,451,71.0,433,0
LA03236,Road,Urban,Residential,45.17,6.0,8,0.0,0,1.0,5,13,No,5,No,No,263,58.0,261,0
LA03237,Housing,Rural,Residential,11.89,11.0,12,0.0,0,0.0,1,15,No,6,No,No,315,47.0,331,0
LA03238,Road,Semi-Urban,Commercial,76.01,12.0,15,2.0,1,2.0,2,17,No,2,No,No,190,74.0,191,0
LA03239,Railway,Semi-Urban,Residential,5.42,10.0,14,0.0,0,2.0,1,11,No,2,No,No,347,38.0,487,1
LA03240,Road,Semi-Urban,Residential,44.99,10.0,11,1.0,0,1.0,1,14,No,3,No,No,431,51.0,513,1
LA03241,Housing,Urban,Residential,69.19,11.0,18,1.0,2,1.0,4,13,No,6,No,No,346,89.0,433,1
LA03242,Industrial,Rural,Agricultural,16.35,4.0,9,0.0,0,2.0,3,10,No,2,No,No,454,47.0,455,0
LA03243,Housing,Rural,Mixed,58.13,7.0,11,4.0,1,0.0,6,10,No,3,No,Yes,440,76.0,491,1
LA03244,Road,Semi-Urban,Residential,36.85,11.0,17,1.0,1,0.0,4,11,Yes,3,Yes,Yes,227,89.0,268,1
LA03245,Road,Rural,Residential,60.62,7.0,14,1.0,1,0.0,2,10,Yes,6,No,No,421,76.0,424,0
LA03246,Industrial,Urban,Mixed,67.11,8.0,11,2.0,0,2.0,2,16,No,4,No,Yes,272,55.0,372,1
LA03247,Road,Urban,Mixed,90.95,8.0,9,2.0,1,2.0,2,10,No,2,Yes,No,368,76.0,471,1
LA03248,Housing,Urban,Residential,78.27,9.0,14,0.0,3,1.0,3,11,No,2,No,No,293,57.0,403,1
LA03249,Housing,Semi-Urban,Mixed,6.29,6.0,10,1.0,0,0.0,5,7,No,5,No,No,350,67.0,341,0
LA03250,Railway,Urban,Residential,15.58,6.0,14,1.0,0,1.0,3,9,Yes,2,No,No,280,103.0,369,1
LA03251,Housing,Semi-Urban,Mixed,48.31,7.0,13,2.0,0,0.0,1,15,No,4,No,No,363,76.0,418,1
LA03252,Industrial,Urban,Residential,67.71,5.0,12,0.0,0,0.0,1,11,No,7,Yes,Yes,313,53.0,364,1
LA03253,Road,Rural,Agricultural,13.77,6.0,12,1.0,1,2.0,3,12,Yes,6,No,No,347,57.0,445,1
LA03254,Railway,Rural,Residential,54.69,9.0,10,1.0,2,0.0,2,11,Yes,5,No,No,369,97.0,578,1
LA03255,Road,Semi-Urban,Commercial,81.96,11.0,15,1.0,0,2.0,2,13,No,3,No,No,519,87.0,514,0
LA03256,Housing,Urban,Residential,66.0,6.0,9,0.0,0,0.0,4,15,No,5,Yes,No,478,49.0,504,0
LA03257,Road,Rural,Agricultural,54.11,6.0,11,2.0,1,2.0,4,9,No,3,No,No,399,77.0,497,1
LA03258,Road,Urban,Commercial,32.7,8.0,15,2.0,0,3.0,4,12,No,2,Yes,Yes,235,79.0,428,1
LA03259,Industrial,Rural,Residential,31.52,13.0,18,2.0,1,0.0,3,18,No,4,No,Yes,261,72.0,243,0
LA03260,Road,Semi-Urban,Mixed,121.09,9.0,10,3.0,0,0.0,4,12,No,4,No,No,437,71.0,436,0
LA03261,Road,Semi-Urban,Agricultural,1.0,6.0,10,2.0,0,2.0,2,9,No,6,No,Yes,395,77.0,495,1
LA03262,Industrial,Urban,Residential,23.05,12.0,18,1.0,2,1.0,3,16,No,7,No,No,293,61.0,292,0
LA03263,Road,Rural,Residential,15.58,7.0,8,2.0,0,2.0,2,9,Yes,5,No,Yes,541,30.0,522,0
LA03264,Railway,Rural,Agricultural,9.79,6.0,9,0.0,0,1.0,7,10,No,3,No,No,219,51.0,270,1
LA03265,Road,Semi-Urban,Residential,51.87,4.0,8,4.0,2,2.0,3,12,No,4,No,No,380,83.0,542,1
LA03266,Road,Rural,Agricultural,47.06,8.0,16,2.0,1,2.0,3,14,No,2,Yes,No,283,77.0,282,0
LA03267,Road,Rural,Commercial,34.93,11.0,14,0.0,1,2.0,4,15,No,6,No,No,507,72.0,498,0
LA03268,Airport,Urban,Agricultural,47.04,8.0,11,1.0,2,0.0,4,12,Yes,2,No,No,280,71.0,355,1
LA03269,Housing,Rural,Agricultural,60.57,7.0,11,3.0,2,2.0,1,12,Yes,3,Yes,No,278,59.0,405,1
LA03270,Road,Urban,Mixed,29.29,8.0,13,1.0,0,2.0,3,13,No,2,Yes,No,214,46.0,205,0
LA03271,Housing,Semi-Urban,Agricultural,49.37,7.0,14,0.0,1,2.0,2,8,Yes,4,No,Yes,360,59.0,668,1
LA03272,Industrial,Urban,Commercial,27.29,6.0,14,0.0,1,3.0,3,7,No,2,Yes,No,433,56.0,436,0
LA03273,Industrial,Rural,Mixed,50.52,7.0,10,0.0,0,2.0,4,14,Yes,1,No,No,352,53.0,446,1
LA03274,Airport,Rural,Residential,82.31,8.0,12,0.0,1,3.0,3,15,Yes,6,Yes,Yes,281,72.0,286,0
LA03275,Airport,Urban,Commercial,64.71,7.0,11,0.0,2,2.0,2,11,No,2,No,No,362,38.0,460,1
LA03276,Housing,Semi-Urban,Mixed,101.46,6.0,10,2.0,1,1.0,4,9,No,3,No,No,444,67.0,500,1
LA03277,Railway,Semi-Urban,Agricultural,23.14,5.0,7,1.0,1,1.0,8,13,Yes,3,No,No,361,65.0,456,1
LA03278,Railway,Rural,Mixed,19.1,6.0,11,2.0,0,2.0,6,9,No,9,No,Yes,360,52.0,351,0
LA03279,Road,Rural,Agricultural,46.32,5.0,9,0.0,0,2.0,5,6,Yes,1,Yes,No,326,92.0,430,1
LA03280,Road,Urban,Agricultural,23.72,8.0,12,2.0,1,3.0,2,13,Yes,6,No,Yes,424,94.0,436,0
LA03281,Industrial,Semi-Urban,Agricultural,52.04,3.0,13,2.0,0,2.0,2,7,No,5,No,No,353,,452,1
LA03282,Road,Semi-Urban,Residential,39.98,10.0,15,0.0,2,1.0,2,15,No,3,No,Yes,458,75.0,470,0
LA03283,Road,Semi-Urban,Mixed,15.79,8.0,12,0.0,1,3.0,2,11,Yes,5,No,No,501,58.0,564,1
LA03284,Road,Semi-Urban,Residential,47.78,8.0,11,0.0,2,0.0,6,13,No,7,No,No,258,70.0,381,1
LA03285,Road,Urban,Mixed,16.75,9.0,14,0.0,1,1.0,2,12,No,3,No,No,342,46.0,365,0
LA03286,Industrial,Urban,Commercial,86.18,8.0,10,1.0,0,0.0,2,12,No,4,Yes,No,342,28.0,375,0
LA03287,Industrial,Semi-Urban,Mixed,29.76,10.0,14,3.0,1,0.0,6,13,Yes,6,Yes,No,448,69.0,430,0
LA03288,Railway,Rural,Mixed,18.93,12.0,16,1.0,0,4.0,1,15,No,6,Yes,Yes,429,73.0,566,1
LA03289,Road,Urban,Agricultural,40.85,6.0,13,2.0,1,1.0,4,10,No,3,No,No,348,89.0,473,1
LA03290,Railway,Urban,Mixed,44.07,11.0,14,0.0,0,0.0,6,15,No,4,No,Yes,444,53.0,505,1
LA03291,Railway,Rural,Mixed,22.53,9.0,14,0.0,0,0.0,3,13,No,2,No,No,472,60.0,468,0
LA03292,Airport,Rural,Agricultural,21.69,7.0,9,1.0,1,2.0,2,13,Yes,4,No,No,321,61.0,312,0
LA03293,Industrial,Semi-Urban,Commercial,7.26,6.0,13,2.0,2,0.0,2,9,No,5,No,No,486,83.0,562,1
LA03294,Railway,Urban,Residential,62.42,3.0,8,2.0,0,0.0,0,5,Yes,2,No,No,167,92.0,249,1
LA03295,Railway,Semi-Urban,Residential,84.61,9.0,11,2.0,0,3.0,3,14,No,4,No,Yes,166,82.0,290,1
LA03296,Housing,Semi-Urban,Residential,68.94,10.0,11,2.0,1,2.0,4,15,No,4,No,No,317,36.0,316,0
LA03297,Airport,Semi-Urban,Agricultural,18.45,6.0,9,0.0,1,2.0,5,16,No,5,No,No,387,56.0,400,0
LA03298,Railway,Urban,Residential,46.92,12.0,17,1.0,1,1.0,2,16,No,5,Yes,No,295,49.0,284,0
LA03299,Railway,Urban,Agricultural,41.32,7.0,10,3.0,2,2.0,5,8,No,8,No,No,340,106.0,545,1
LA03300,Road,Urban,Commercial,9.37,6.0,10,0.0,1,1.0,2,15,No,7,Yes,No,368,62.0,412,1
LA03301,Housing,Rural,Commercial,22.39,4.0,7,1.0,1,2.0,5,9,Yes,4,No,No,255,105.0,329,1
LA03302,Road,Semi-Urban,Mixed,44.63,8.0,12,1.0,1,1.0,1,12,Yes,5,No,No,411,38.0,417,0
LA03303,Road,Urban,Mixed,4.48,11.0,13,3.0,2,3.0,1,15,Yes,3,No,Yes,382,106.0,512,1
LA03304,Housing,Semi-Urban,Mixed,13.63,14.0,17,2.0,1,0.0,5,20,No,5,Yes,No,331,84.0,317,0
LA03305,Airport,Rural,Commercial,57.56,14.0,20,1.0,2,3.0,3,17,No,3,No,No,652,122.0,609,0
LA03306,Road,Urban,Residential,17.93,12.0,15,2.0,1,2.0,1,17,No,4,No,Yes,254,62.0,434,1
LA03307,Road,Semi-Urban,Mixed,9.5,6.0,9,0.0,0,3.0,4,8,No,6,No,No,282,55.0,360,1
LA03308,Road,Semi-Urban,Residential,66.58,9.0,15,1.0,2,1.0,2,14,No,5,Yes,No,501,76.0,598,1
LA03309,Industrial,Semi-Urban,Residential,17.93,10.0,15,2.0,0,0.0,3,16,No,5,No,Yes,298,73.0,380,1
LA03310,Road,Rural,Agricultural,57.86,8.0,12,3.0,1,1.0,4,11,No,2,No,Yes,400,54.0,526,1
LA03311,Housing,Rural,Agricultural,99.93,4.0,5,0.0,1,0.0,2,10,No,3,No,No,286,64.0,255,0
LA03312,Housing,Urban,Commercial,13.26,14.0,24,0.0,2,2.0,3,19,Yes,7,No,No,391,69.0,521,1
LA03313,Railway,Urban,Residential,30.58,9.0,20,2.0,0,2.0,3,13,No,2,,No,205,51.0,202,0
LA03314,Industrial,Urban,Mixed,41.61,6.0,8,1.0,2,1.0,2,9,No,5,No,No,294,69.0,364,1
LA03315,Road,Urban,Residential,65.77,10.0,10,1.0,2,2.0,0,13,Yes,6,Yes,No,440,63.0,598,1
LA03316,Road,Semi-Urban,Residential,22.32,10.0,14,1.0,0,0.0,4,17,No,4,No,No,454,31.0,589,1
LA03317,Airport,Rural,Agricultural,2.0,11.0,15,3.0,0,2.0,4,14,No,4,No,No,358,71.0,340,0
LA03318,Road,Rural,Agricultural,13.25,,17,1.0,1,4.0,1,18,Yes,1,Yes,No,335,72.0,417,1
LA03319,Road,Urban,Mixed,26.0,10.0,14,1.0,0,2.0,3,12,Yes,2,Yes,No,298,32.0,425,1
LA03320,Road,Semi-Urban,Residential,57.79,5.0,6,1.0,1,1.0,2,9,Yes,5,Yes,No,378,76.0,368,0
LA03321,Road,Urban,Residential,30.81,9.0,13,1.0,1,3.0,3,15,No,6,No,Yes,284,34.0,409,1
LA03322,Railway,Semi-Urban,Residential,55.22,8.0,10,1.0,1,2.0,6,10,Yes,1,No,Yes,458,78.0,566,1
LA03323,Airport,Urban,Mixed,25.27,11.0,13,0.0,0,,3,17,No,8,No,Yes,554,56.0,551,0
LA03324,Housing,Rural,Mixed,38.84,15.0,17,1.0,1,1.0,1,19,Yes,4,No,Yes,472,43.0,541,1
LA03325,Industrial,Rural,Commercial,60.76,12.0,15,3.0,0,1.0,4,14,Yes,2,Yes,No,374,120.0,463,1
LA03326,Housing,Urban,Agricultural,71.83,11.0,11,0.0,1,3.0,1,16,No,3,No,No,442,60.0,416,0
LA03327,Railway,Semi-Urban,Mixed,114.5,12.0,20,0.0,4,2.0,4,17,No,4,No,No,459,82.0,637,1
LA03328,Housing,Semi-Urban,Residential,42.69,8.0,13,1.0,3,1.0,1,12,No,4,No,No,349,46.0,345,0
LA03329,Railway,Rural,Residential,5.7,8.0,13,2.0,1,1.0,2,9,No,3,No,No,253,44.0,239,0
LA03330,Road,Semi-Urban,Agricultural,48.05,,13,4.0,2,2.0,5,11,Yes,4,No,Yes,552,110.0,677,1
LA03331,Housing,Urban,Residential,5.27,7.0,13,2.0,2,2.0,2,15,No,1,Yes,No,404,111.0,583,1
LA03332,Road,Semi-Urban,Agricultural,52.1,11.0,17,0.0,0,2.0,1,14,No,4,No,No,490,,530,1
LA03333,Road,Urban,Agricultural,37.84,9.0,11,1.0,0,2.0,2,15,Yes,5,Yes,Yes,506,70.0,621,1
LA03334,Road,Semi-Urban,Agricultural,69.27,9.0,10,3.0,1,1.0,4,16,No,3,No,No,316,60.0,445,1
LA03335,Railway,Urban,Agricultural,25.14,9.0,15,0.0,2,1.0,0,11,Yes,2,No,Yes,402,68.0,403,0
LA03336,Railway,Semi-Urban,Agricultural,39.17,12.0,16,2.0,1,1.0,7,18,Yes,4,No,No,290,89.0,285,0
LA03337,Railway,Rural,Residential,48.62,7.0,9,0.0,1,3.0,3,15,No,8,Yes,No,129,73.0,197,1
LA03338,Housing,Urban,Mixed,2.69,4.0,13,0.0,2,0.0,3,9,No,5,No,No,301,44.0,295,0
LA03339,Road,Semi-Urban,Commercial,47.07,5.0,8,0.0,1,1.0,2,12,No,4,Yes,No,613,66.0,615,0
LA03340,Railway,Rural,Residential,3.01,7.0,11,0.0,0,1.0,3,13,No,5,No,No,330,60.0,342,0
LA03341,Road,Urban,Residential,18.98,4.0,9,2.0,0,1.0,6,9,Yes,3,No,No,451,46.0,462,0
LA03342,Housing,Semi-Urban,Residential,43.7,7.0,9,2.0,2,2.0,2,9,No,7,No,No,333,61.0,387,1
LA03343,Road,Semi-Urban,Residential,4.18,4.0,7,1.0,0,3.0,4,8,No,2,No,Yes,582,18.0,554,0
LA03344,Road,Semi-Urban,Residential,53.79,10.0,12,1.0,1,1.0,0,12,Yes,6,No,No,169,84.0,230,1
LA03345,Railway,Rural,Residential,50.74,12.0,19,1.0,0,1.0,4,16,No,3,No,No,371,25.0,342,0
LA03346,Industrial,Semi-Urban,Mixed,67.27,7.0,11,3.0,0,1.0,4,13,No,3,No,No,549,45.0,543,0
LA03347,Airport,Semi-Urban,Mixed,7.26,6.0,9,2.0,1,,6,8,Yes,3,No,No,353,65.0,349,0
LA03348,Industrial,Urban,Mixed,112.4,9.0,12,1.0,0,1.0,3,13,No,3,Yes,No,506,15.0,523,0
LA03349,Airport,Urban,Commercial,11.13,9.0,11,1.0,3,0.0,0,12,No,2,No,No,434,83.0,566,1
LA03350,Railway,Urban,Commercial,38.97,11.0,14,2.0,1,1.0,4,14,No,2,No,Yes,323,61.0,298,0
LA03351,Road,Rural,Commercial,,12.0,16,1.0,2,1.0,1,16,No,4,Yes,No,127,39.0,225,1
LA03352,Road,Rural,Mixed,31.42,6.0,10,1.0,0,2.0,8,17,No,4,No,No,238,60.0,236,0
LA03353,Road,Rural,Commercial,101.93,8.0,8,0.0,2,2.0,3,11,No,2,No,No,357,101.0,455,1
LA03354,Road,Urban,Commercial,12.76,9.0,12,0.0,1,1.0,4,11,No,6,No,No,232,64.0,209,0
LA03355,Railway,Semi-Urban,Mixed,91.81,10.0,17,2.0,0,0.0,2,16,Yes,4,No,No,388,42.0,455,1
LA03356,Railway,Rural,Agricultural,59.15,6.0,8,0.0,0,1.0,4,12,No,2,No,No,340,69.0,324,0
LA03357,Industrial,Semi-Urban,Residential,34.13,5.0,8,0.0,1,0.0,6,8,Yes,4,No,Yes,463,99.0,583,1
LA03358,Railway,Urban,Residential,33.87,7.0,13,4.0,0,1.0,6,9,Yes,1,No,Yes,346,119.0,447,1
LA03359,Industrial,Rural,Agricultural,50.88,8.0,11,0.0,2,1.0,4,10,Yes,4,No,Yes,324,54.0,409,1
LA03360,Industrial,Urban,Residential,24.91,9.0,13,0.0,0,1.0,2,15,No,3,Yes,No,308,25.0,333,0
LA03361,Road,Urban,Residential,,6.0,15,3.0,1,0.0,4,14,No,2,No,No,329,37.0,323,0
LA03362,Road,Rural,Residential,38.81,5.0,11,2.0,0,1.0,3,10,Yes,4,Yes,Yes,496,101.0,566,1
LA03363,Industrial,Semi-Urban,Agricultural,85.07,4.0,7,1.0,0,2.0,1,11,Yes,4,No,No,499,76.0,579,1
LA03364,Industrial,Semi-Urban,Mixed,31.09,3.0,7,1.0,0,2.0,3,8,No,4,Yes,No,372,60.0,499,1
LA03365,Road,Semi-Urban,Agricultural,6.35,6.0,8,4.0,0,2.0,2,8,No,1,No,Yes,277,116.0,417,1
LA03366,Road,Rural,Residential,40.0,5.0,9,2.0,0,1.0,3,10,No,3,Yes,No,592,19.0,606,0
LA03367,Industrial,Urban,Agricultural,32.52,5.0,10,2.0,2,1.0,2,8,Yes,2,No,Yes,437,45.0,421,0
LA03368,Industrial,Rural,Agricultural,20.46,12.0,18,0.0,1,4.0,5,20,No,8,No,No,309,24.0,326,0
LA03369,Road,Urban,Commercial,44.58,13.0,17,1.0,1,0.0,1,20,No,3,No,No,290,65.0,380,1
LA03370,Railway,Urban,Commercial,21.06,14.0,19,0.0,2,3.0,4,19,No,7,No,No,382,62.0,375,0
LA03371,Housing,Semi-Urban,Residential,30.5,9.0,10,1.0,1,2.0,5,16,Yes,4,Yes,Yes,436,114.0,524,1
LA03372,Road,Semi-Urban,Agricultural,38.94,7.0,12,2.0,1,0.0,2,12,No,2,Yes,No,478,49.0,487,0
LA03373,Housing,Urban,Residential,41.77,7.0,11,2.0,1,0.0,8,12,No,3,No,No,542,72.0,623,1
LA03374,Road,Semi-Urban,Commercial,47.16,11.0,16,1.0,1,1.0,4,15,No,5,Yes,No,294,83.0,293,0
LA03375,Railway,Semi-Urban,Mixed,51.88,6.0,9,2.0,1,0.0,3,8,No,5,No,Yes,202,56.0,204,0
LA03376,Railway,Semi-Urban,Mixed,38.33,10.0,15,1.0,1,2.0,3,13,No,2,No,No,288,82.0,326,0
LA03377,Road,Rural,Residential,8.07,9.0,15,1.0,1,0.0,4,12,No,2,No,Yes,312,58.0,418,1
LA03378,Housing,Rural,Commercial,42.87,3.0,8,1.0,2,1.0,3,5,No,6,No,No,487,39.0,594,1
LA03379,Railway,Semi-Urban,Mixed,66.05,6.0,12,0.0,1,0.0,2,10,No,4,No,Yes,295,45.0,339,1
LA03380,Housing,Semi-Urban,Mixed,6.15,8.0,10,1.0,1,,6,9,No,2,No,No,485,,624,1
LA03381,Road,Semi-Urban,Residential,8.17,8.0,8,0.0,3,3.0,2,11,No,5,No,Yes,403,102.0,483,1
LA03382,Housing,Semi-Urban,Agricultural,18.29,14.0,19,1.0,2,5.0,3,18,No,7,No,Yes,197,67.0,335,1
LA03383,Housing,Urban,Residential,63.31,11.0,20,0.0,1,0.0,1,13,Yes,6,Yes,No,407,81.0,435,1
LA03384,Industrial,Urban,Residential,17.39,7.0,8,2.0,1,0.0,2,13,No,2,No,No,555,91.0,616,1
LA03385,Road,Urban,Commercial,63.92,9.0,17,0.0,0,2.0,3,13,No,4,No,No,431,40.0,666,1
LA03386,Industrial,Semi-Urban,Agricultural,41.01,6.0,11,0.0,1,0.0,2,12,No,3,Yes,Yes,315,100.0,425,1
LA03387,Railway,Rural,Residential,21.84,8.0,13,1.0,1,0.0,1,13,No,3,No,Yes,341,33.0,356,0
LA03388,Housing,Semi-Urban,Mixed,150.0,10.0,17,1.0,1,1.0,4,16,No,2,No,No,348,85.0,396,1
LA03389,Railway,Semi-Urban,Agricultural,11.32,9.0,13,3.0,1,2.0,2,14,No,5,No,No,423,94.0,530,1
LA03390,Road,Semi-Urban,Mixed,35.25,7.0,10,1.0,2,1.0,2,11,No,4,No,No,407,41.0,495,1
LA03391,Road,Semi-Urban,Mixed,15.6,7.0,14,0.0,0,1.0,2,8,No,5,No,No,259,28.0,308,0
LA03392,Industrial,Semi-Urban,Mixed,44.3,10.0,15,2.0,2,0.0,3,18,Yes,4,Yes,No,317,76.0,434,1
LA03393,Housing,Semi-Urban,Mixed,16.25,6.0,10,0.0,0,0.0,7,8,Yes,7,No,No,454,31.0,459,0
LA03394,Road,Rural,Residential,24.42,9.0,15,0.0,2,1.0,2,12,No,5,No,Yes,410,74.0,482,1
LA03395,Airport,Urban,Residential,19.04,8.0,11,1.0,2,3.0,3,12,Yes,2,No,No,270,87.0,383,1
LA03396,Housing,Semi-Urban,Mixed,28.25,13.0,17,0.0,0,0.0,2,16,No,3,No,No,313,43.0,290,0
LA03397,Road,Semi-Urban,Residential,65.63,7.0,13,4.0,0,1.0,5,16,No,1,Yes,No,445,116.0,436,0
LA03398,Road,Rural,Agricultural,9.77,8.0,12,2.0,2,2.0,1,10,No,4,No,No,438,51.0,539,1
LA03399,Industrial,Rural,Commercial,17.64,7.0,9,1.0,0,3.0,3,13,No,2,No,Yes,450,75.0,554,1
LA03400,Industrial,Rural,Residential,25.26,6.0,10,2.0,3,2.0,0,9,No,3,No,No,388,84.0,384,0
LA03401,Road,Semi-Urban,Residential,29.16,6.0,9,0.0,1,0.0,6,7,No,2,No,Yes,391,62.0,370,0
LA03402,Housing,Urban,Agricultural,81.37,10.0,16,1.0,0,4.0,3,16,No,5,Yes,Yes,312,59.0,327,0
LA03403,Railway,Semi-Urban,Agricultural,18.37,9.0,13,2.0,0,2.0,3,13,Yes,3,No,No,302,31.0,273,0
LA03404,Housing,Rural,Commercial,63.7,10.0,12,1.0,1,0.0,1,15,No,5,No,No,169,38.0,173,0
LA03405,Housing,Rural,Residential,88.27,11.0,14,1.0,2,3.0,2,14,No,5,No,No,347,73.0,381,0
LA03406,Housing,Rural,Agricultural,30.59,12.0,19,1.0,1,1.0,1,16,No,4,Yes,Yes,374,73.0,444,1
LA03407,Railway,Urban,Residential,14.67,9.0,14,0.0,1,1.0,4,13,No,1,Yes,No,301,43.0,315,0
LA03408,Road,Rural,Commercial,74.59,11.0,15,3.0,2,0.0,2,17,No,4,No,No,427,89.0,545,1
LA03409,Railway,Rural,Residential,60.05,5.0,12,1.0,0,1.0,5,10,No,3,Yes,No,538,51.0,530,0
LA03410,Road,Semi-Urban,Residential,13.41,9.0,10,3.0,1,0.0,4,10,Yes,3,Yes,No,388,76.0,522,1
LA03411,Industrial,Semi-Urban,Mixed,97.36,10.0,14,1.0,3,1.0,3,15,Yes,4,No,No,459,82.0,637,1
LA03412,Road,Semi-Urban,Residential,19.84,8.0,11,3.0,1,1.0,2,14,Yes,3,No,No,277,72.0,295,0
LA03413,Railway,Semi-Urban,Commercial,30.24,7.0,9,1.0,1,1.0,2,10,Yes,4,No,No,439,53.0,442,0
LA03414,Road,Urban,Residential,53.43,8.0,13,1.0,3,0.0,0,10,No,4,No,No,356,95.0,371,0
LA03415,Road,Urban,Residential,89.76,10.0,16,4.0,2,1.0,2,12,Yes,3,Yes,No,393,114.0,485,1
LA03416,Road,Rural,Residential,42.5,6.0,13,2.0,0,0.0,3,9,No,5,No,No,374,58.0,363,0
LA03417,Industrial,Rural,Mixed,27.88,8.0,11,0.0,1,3.0,4,9,Yes,4,Yes,No,320,106.0,452,1
LA03418,Airport,Rural,Agricultural,24.83,9.0,14,,0,0.0,6,11,No,8,No,No,212,55.0,228,0
LA03419,Road,Urban,Residential,27.85,12.0,18,1.0,2,2.0,4,19,Yes,2,No,Yes,319,75.0,424,1
LA03420,Housing,Urban,Agricultural,133.32,7.0,9,1.0,3,1.0,4,10,No,4,Yes,No,320,81.0,299,0
LA03421,Housing,Urban,Agricultural,46.74,11.0,14,1.0,2,1.0,1,14,No,4,Yes,No,262,69.0,263,0
LA03422,Road,Rural,Mixed,38.44,8.0,9,1.0,3,2.0,3,13,Yes,4,Yes,Yes,319,97.0,437,1
LA03423,Industrial,Semi-Urban,Mixed,60.47,8.0,15,0.0,2,2.0,5,14,No,6,Yes,No,311,53.0,310,0
LA03424,Railway,Rural,Agricultural,29.37,11.0,17,0.0,0,0.0,1,17,Yes,3,Yes,No,434,48.0,446,0
LA03425,Road,Urban,Agricultural,86.69,11.0,16,1.0,0,4.0,2,14,No,5,No,No,425,38.0,549,1
LA03426,Railway,Semi-Urban,Agricultural,49.51,11.0,15,3.0,2,3.0,1,14,Yes,5,No,No,533,129.0,734,1
LA03427,Road,Rural,Mixed,27.34,9.0,15,1.0,2,2.0,1,12,No,4,No,No,641,66.0,628,0
LA03428,Housing,Urban,Agricultural,23.16,5.0,9,0.0,1,0.0,2,7,Yes,2,No,No,441,68.0,536,1
LA03429,Housing,Rural,Residential,7.07,6.0,9,6.0,2,1.0,4,9,Yes,6,No,Yes,167,114.0,175,0
LA03430,Housing,Semi-Urban,Mixed,65.53,5.0,11,1.0,0,0.0,2,12,No,4,No,No,326,42.0,341,0
LA03431,Industrial,Urban,Mixed,9.66,11.0,13,2.0,3,0.0,0,13,Yes,3,No,No,251,60.0,360,1
LA03432,Industrial,Urban,Agricultural,83.45,6.0,10,2.0,2,2.0,3,10,Yes,3,Yes,No,567,43.0,649,1
LA03433,Housing,Rural,Agricultural,17.26,10.0,12,0.0,4,1.0,1,14,No,8,Yes,No,370,87.0,383,0
LA03434,Road,Semi-Urban,Commercial,19.13,9.0,13,1.0,3,0.0,2,11,No,5,Yes,No,354,59.0,362,0
LA03435,Road,Rural,Mixed,112.46,8.0,10,1.0,0,1.0,2,12,No,4,No,Yes,496,65.0,633,1
LA03436,Industrial,Rural,Agricultural,62.21,7.0,16,0.0,2,2.0,2,11,No,2,Yes,No,332,31.0,331,0
LA03437,Road,Semi-Urban,Agricultural,37.74,6.0,9,0.0,0,1.0,1,8,Yes,3,No,No,372,60.0,385,0
LA03438,Road,Rural,Agricultural,105.61,9.0,13,2.0,0,0.0,3,11,Yes,4,No,No,314,39.0,317,0
LA03439,Road,Rural,Agricultural,32.74,9.0,11,,0,0.0,3,12,No,3,Yes,Yes,363,15.0,381,1
LA03440,Industrial,Urban,Residential,24.11,6.0,14,4.0,3,0.0,3,12,No,1,Yes,No,495,,581,1
LA03441,Road,Rural,Mixed,40.32,7.0,11,0.0,1,1.0,3,11,No,2,No,No,264,45.0,227,0
LA03442,Road,Urban,Residential,68.57,7.0,10,0.0,1,1.0,5,12,No,2,No,No,545,87.0,554,0
LA03443,Road,Urban,Agricultural,11.9,3.0,4,0.0,1,2.0,3,3,Yes,3,No,No,399,88.0,383,0
LA03444,Railway,Semi-Urban,Mixed,18.76,4.0,7,1.0,2,0.0,1,12,No,4,No,No,329,71.0,429,1
LA03445,Housing,Rural,Agricultural,14.99,5.0,11,4.0,0,1.0,1,11,Yes,5,No,No,288,68.0,458,1
LA03446,Road,Urban,Residential,,10.0,12,0.0,0,1.0,3,13,Yes,5,No,No,459,61.0,611,1
LA03447,Industrial,Semi-Urban,Mixed,30.22,5.0,11,0.0,0,3.0,12,9,Yes,5,No,No,409,80.0,516,1
LA03448,Airport,Semi-Urban,Residential,12.63,9.0,11,1.0,0,1.0,2,15,Yes,6,No,No,292,63.0,385,1
LA03449,Road,Urban,Mixed,6.13,10.0,15,1.0,2,1.0,3,12,No,6,No,No,515,64.0,583,1
LA03450,Housing,Rural,Residential,18.63,10.0,13,2.0,0,2.0,4,14,No,4,No,No,387,104.0,496,1
LA03451,Industrial,Rural,Agricultural,17.63,7.0,8,1.0,0,1.0,4,12,No,4,No,No,484,63.0,546,1
LA03452,Industrial,Urban,Commercial,47.56,9.0,11,0.0,1,1.0,5,10,No,2,No,No,519,55.0,689,1
LA03453,Road,Urban,Agricultural,64.59,11.0,15,1.0,3,3.0,5,15,No,7,Yes,No,392,78.0,389,0
LA03454,Road,Rural,Agricultural,21.07,6.0,10,,0,0.0,4,10,Yes,3,No,No,363,62.0,373,0
LA03455,Housing,Urban,Residential,18.94,6.0,15,2.0,2,3.0,4,7,No,2,No,Yes,266,93.0,402,1
LA03456,Airport,Urban,Agricultural,108.43,7.0,9,0.0,2,1.0,4,10,No,6,No,No,439,,513,1
LA03457,Housing,Rural,Residential,63.02,10.0,13,3.0,1,2.0,5,19,No,5,Yes,No,390,63.0,494,1
LA03458,Housing,Rural,Mixed,,4.0,6,0.0,2,2.0,1,8,No,3,No,Yes,346,61.0,463,1
LA03459,Road,Semi-Urban,Agricultural,26.69,7.0,8,0.0,1,0.0,6,13,No,4,Yes,No,297,76.0,318,1
LA03460,Airport,Semi-Urban,Agricultural,62.07,9.0,12,1.0,1,1.0,2,13,No,4,Yes,No,409,49.0,395,0
LA03461,Railway,Rural,Residential,13.88,6.0,11,2.0,1,0.0,2,8,No,2,Yes,No,501,46.0,558,1
LA03462,Airport,Semi-Urban,Agricultural,63.98,11.0,19,0.0,1,2.0,2,13,Yes,3,Yes,No,503,66.0,474,0
LA03463,Road,Semi-Urban,Agricultural,49.18,7.0,13,4.0,2,2.0,1,13,Yes,3,No,No,295,107.0,476,1
LA03464,Road,Rural,Residential,55.76,13.0,16,1.0,0,1.0,6,14,No,4,No,No,389,102.0,498,1
LA03465,Airport,Semi-Urban,Commercial,38.05,9.0,11,3.0,1,1.0,2,15,No,8,No,No,244,36.0,245,0
LA03466,Airport,Semi-Urban,Residential,10.46,11.0,13,0.0,1,0.0,2,14,No,2,No,No,299,59.0,323,0
LA03467,Industrial,Semi-Urban,Residential,14.24,6.0,10,1.0,3,2.0,3,8,No,5,Yes,No,405,83.0,487,1
LA03468,Road,Semi-Urban,Commercial,51.04,14.0,14,1.0,1,3.0,2,14,No,3,No,No,325,54.0,431,1
LA03469,Road,Semi-Urban,Residential,47.45,8.0,15,3.0,0,1.0,4,10,No,1,Yes,Yes,224,38.0,225,0
LA03470,Housing,Semi-Urban,Residential,22.91,10.0,13,1.0,0,0.0,2,13,No,3,No,No,262,24.0,260,0
LA03471,Railway,Semi-Urban,Commercial,22.54,6.0,11,0.0,0,3.0,0,12,Yes,2,No,No,568,59.0,569,0
LA03472,Railway,Rural,Commercial,75.75,6.0,7,1.0,2,1.0,4,11,Yes,2,No,No,247,82.0,326,1
LA03473,Industrial,Semi-Urban,Residential,34.55,7.0,9,,2,0.0,5,7,Yes,3,No,No,345,64.0,485,1
LA03474,Railway,Urban,Residential,17.82,8.0,14,3.0,1,1.0,3,14,No,2,,No,423,69.0,418,0
LA03475,Industrial,Urban,Agricultural,83.85,5.0,6,0.0,2,1.0,2,7,No,7,No,No,375,73.0,379,0
LA03476,Railway,Urban,Agricultural,78.81,6.0,8,0.0,3,3.0,3,8,No,3,No,No,366,67.0,383,0
LA03477,Housing,Rural,Agricultural,34.51,11.0,16,1.0,0,2.0,0,17,No,3,No,No,446,37.0,438,0
LA03478,Housing,Semi-Urban,Commercial,39.84,,12,2.0,1,1.0,2,13,Yes,4,No,Yes,499,110.0,642,1
LA03479,Housing,Urban,Mixed,63.16,8.0,14,3.0,0,3.0,1,10,No,6,No,No,391,68.0,465,1
LA03480,Industrial,Rural,Mixed,53.55,11.0,14,0.0,0,2.0,3,16,Yes,8,No,No,217,60.0,352,1
LA03481,Railway,Urban,Agricultural,10.11,9.0,12,,1,0.0,4,14,No,3,No,No,375,70.0,353,0
LA03482,Airport,Urban,Residential,85.66,5.0,10,0.0,1,0.0,3,7,No,5,Yes,No,453,81.0,505,1
LA03483,Housing,Rural,Residential,,6.0,11,2.0,2,0.0,0,7,No,1,No,No,377,61.0,395,0
LA03484,Industrial,Semi-Urban,Residential,47.13,6.0,7,1.0,1,3.0,4,12,No,4,Yes,Yes,355,73.0,425,1
LA03485,Industrial,Rural,Agricultural,12.28,5.0,8,1.0,0,0.0,3,8,No,3,No,Yes,489,42.0,478,0
LA03486,Airport,Rural,Mixed,53.48,9.0,10,0.0,2,3.0,6,12,No,2,No,No,509,56.0,577,1
LA03487,Industrial,Rural,Agricultural,19.5,6.0,10,2.0,1,0.0,3,13,No,2,No,No,603,69.0,691,1
LA03488,Airport,Urban,Residential,20.61,6.0,10,0.0,3,3.0,5,10,No,4,No,No,354,72.0,324,0
LA03489,Road,Rural,Agricultural,60.76,11.0,17,1.0,1,1.0,3,16,No,2,Yes,Yes,426,45.0,428,0
LA03490,Railway,Rural,Mixed,12.28,5.0,7,0.0,1,,2,11,Yes,4,No,Yes,506,82.0,504,0
LA03491,Industrial,Urban,Residential,22.88,13.0,17,1.0,0,0.0,3,22,Yes,9,No,Yes,375,72.0,481,1
LA03492,Road,Rural,Mixed,,7.0,14,0.0,2,0.0,2,8,No,5,No,No,480,20.0,493,0
LA03493,Housing,Semi-Urban,Mixed,37.76,6.0,10,2.0,0,1.0,2,11,No,4,Yes,Yes,321,78.0,426,1
LA03494,Industrial,Rural,Agricultural,12.49,9.0,11,0.0,3,0.0,3,15,No,7,No,No,367,86.0,346,0
LA03495,Road,Semi-Urban,Commercial,44.37,8.0,9,1.0,0,0.0,3,10,No,9,No,Yes,302,32.0,288,0
LA03496,Housing,Semi-Urban,Agricultural,78.13,8.0,12,0.0,2,0.0,2,15,No,6,No,No,284,68.0,482,1
LA03497,Airport,Urban,Residential,4.62,5.0,9,0.0,0,2.0,6,10,No,3,No,No,325,71.0,371,1
LA03498,Airport,Rural,Agricultural,19.58,5.0,7,4.0,0,1.0,3,9,Yes,4,,Yes,346,73.0,496,1
LA03499,Railway,Semi-Urban,Residential,13.79,2.0,6,1.0,0,1.0,0,6,No,4,No,No,503,50.0,529,0
LA03500,Housing,Urban,Commercial,10.29,6.0,16,2.0,1,0.0,0,10,No,4,No,No,335,32.0,409,1
LA03501,Railway,Urban,Mixed,43.55,5.0,10,4.0,4,2.0,2,9,No,5,No,No,414,80.0,590,1
LA03502,Industrial,Rural,Agricultural,40.01,,9,2.0,1,1.0,2,9,Yes,3,No,No,249,46.0,357,1
LA03503,Road,Urban,Agricultural,85.32,7.0,9,3.0,2,1.0,3,13,Yes,4,No,Yes,378,81.0,377,0
LA03504,Industrial,Semi-Urban,Residential,56.44,15.0,20,3.0,3,0.0,2,19,No,5,No,Yes,208,67.0,311,1
LA03505,Airport,Semi-Urban,Residential,35.88,6.0,7,3.0,1,1.0,2,12,No,1,No,Yes,256,64.0,366,1
LA03506,Industrial,Urban,Commercial,42.16,6.0,12,2.0,2,5.0,4,7,Yes,5,No,No,386,96.0,504,1
LA03507,Railway,Semi-Urban,Residential,22.84,9.0,11,0.0,0,2.0,5,14,Yes,3,No,No,429,55.0,427,0
LA03508,Housing,Urban,Mixed,43.16,7.0,10,1.0,0,0.0,5,12,Yes,3,Yes,No,444,66.0,447,0
LA03509,Industrial,Rural,Residential,8.39,4.0,6,0.0,2,0.0,2,11,No,4,No,No,312,98.0,412,1
LA03510,Road,Rural,Mixed,31.02,6.0,10,2.0,1,3.0,0,7,Yes,2,No,No,399,37.0,410,0
LA03511,Housing,Urban,Agricultural,48.11,5.0,6,2.0,1,1.0,5,8,Yes,4,No,No,395,77.0,399,0
LA03512,Airport,Semi-Urban,Agricultural,29.79,5.0,11,0.0,0,1.0,3,7,No,3,No,No,397,52.0,409,0
LA03513,Housing,Semi-Urban,Mixed,20.22,10.0,17,4.0,1,1.0,1,11,No,2,Yes,No,542,72.0,624,1
LA03514,Housing,Rural,Agricultural,37.07,9.0,13,0.0,3,,6,13,No,4,No,No,321,46.0,315,0
LA03515,Housing,Semi-Urban,Residential,17.77,5.0,9,1.0,1,2.0,5,11,Yes,4,Yes,No,408,114.0,478,1
LA03516,Airport,Semi-Urban,Mixed,28.44,9.0,13,1.0,3,1.0,1,12,No,3,No,No,394,17.0,545,1
LA03517,Industrial,Rural,Agricultural,60.2,10.0,13,1.0,1,3.0,3,14,Yes,3,No,No,468,101.0,549,1
LA03518,Road,Urban,Residential,62.78,11.0,19,2.0,1,2.0,1,16,No,4,No,No,320,71.0,456,1
LA03519,Railway,Semi-Urban,Agricultural,40.62,4.0,9,0.0,2,2.0,6,10,No,3,No,No,414,93.0,473,1
LA03520,Airport,Urban,Agricultural,14.93,6.0,9,3.0,1,1.0,6,8,No,4,Yes,Yes,445,57.0,581,1
LA03521,Railway,Semi-Urban,Commercial,26.36,10.0,15,,0,2.0,3,15,No,2,No,No,488,61.0,484,0
LA03522,Housing,Semi-Urban,Mixed,37.56,9.0,12,4.0,0,1.0,2,12,No,6,No,No,397,76.0,375,0
LA03523,Road,Rural,Agricultural,19.41,11.0,16,0.0,0,0.0,0,12,Yes,7,No,No,344,45.0,352,0
LA03524,Railway,Semi-Urban,Residential,100.63,14.0,20,2.0,0,1.0,3,17,No,5,No,No,382,72.0,387,0
LA03525,Railway,Urban,Residential,19.78,10.0,15,2.0,3,4.0,5,13,No,5,Yes,No,316,90.0,445,1
LA03526,Railway,Rural,Residential,35.75,13.0,17,2.0,0,1.0,6,22,No,4,Yes,No,488,42.0,574,1
LA03527,Road,Rural,Commercial,65.45,5.0,15,0.0,2,1.0,4,7,Yes,6,Yes,No,502,49.0,606,1
LA03528,Road,Semi-Urban,Residential,90.3,5.0,16,3.0,2,0.0,5,7,No,3,No,No,120,75.0,118,0
LA03529,Housing,Rural,Commercial,14.65,14.0,17,3.0,3,3.0,3,20,No,8,No,No,369,95.0,386,0
LA03530,Railway,Urban,Agricultural,8.65,8.0,12,0.0,0,,0,13,Yes,5,No,No,363,37.0,366,0
LA03531,Road,Semi-Urban,Mixed,40.28,11.0,14,2.0,0,3.0,3,15,No,4,No,No,356,32.0,486,1
LA03532,Road,Urban,Residential,108.44,5.0,10,1.0,1,0.0,5,10,No,3,Yes,No,567,102.0,652,1
LA03533,Railway,Urban,Residential,10.05,8.0,15,0.0,3,0.0,5,13,Yes,5,No,No,496,93.0,514,0
LA03534,Road,Rural,Mixed,27.12,4.0,8,0.0,2,2.0,3,10,No,3,No,No,259,59.0,268,0
LA03535,Airport,Rural,Agricultural,42.78,10.0,12,1.0,1,4.0,4,11,No,3,No,No,290,97.0,411,1
LA03536,Airport,Urban,Agricultural,36.92,11.0,14,2.0,1,3.0,2,15,Yes,4,Yes,No,465,134.0,632,1
LA03537,Road,Urban,Commercial,47.57,5.0,10,0.0,1,2.0,2,12,Yes,3,Yes,No,435,85.0,592,1
LA03538,Industrial,Rural,Mixed,82.01,9.0,10,2.0,2,1.0,2,14,No,4,Yes,Yes,453,68.0,573,1
LA03539,Road,Urban,Residential,,2.0,7,0.0,0,3.0,1,3,No,6,No,No,396,66.0,359,0
LA03540,Road,Urban,Mixed,26.66,9.0,12,2.0,0,3.0,4,15,Yes,4,No,No,440,101.0,548,1
LA03541,Housing,Urban,Residential,9.9,6.0,11,0.0,2,2.0,4,12,No,6,No,No,296,75.0,357,1
LA03542,Railway,Urban,Mixed,69.69,9.0,13,0.0,1,0.0,2,12,Yes,6,No,No,405,61.0,491,1
LA03543,Housing,Urban,Residential,27.05,12.0,17,2.0,3,2.0,5,16,Yes,4,No,No,379,67.0,492,1
LA03544,Road,Rural,Residential,36.56,4.0,9,2.0,0,1.0,4,7,No,4,No,No,546,77.0,542,0
LA03545,Road,Urban,Residential,61.84,9.0,12,2.0,2,2.0,5,12,No,2,Yes,No,320,77.0,455,1
LA03546,Railway,Semi-Urban,Mixed,68.26,10.0,14,1.0,0,1.0,2,17,No,4,Yes,No,480,49.0,493,0
LA03547,Railway,Rural,Mixed,59.47,3.0,7,2.0,0,,1,7,Yes,3,No,No,231,81.0,222,0
LA03548,Housing,Semi-Urban,Residential,97.06,9.0,14,3.0,0,,2,13,No,3,No,No,491,65.0,556,1
LA03549,Road,Rural,Agricultural,33.72,5.0,8,3.0,2,2.0,3,9,No,6,Yes,No,231,100.0,325,1
LA03550,Housing,Semi-Urban,Residential,20.8,2.0,6,1.0,1,1.0,9,5,No,5,Yes,Yes,277,62.0,351,1
LA03551,Housing,Semi-Urban,Residential,16.15,6.0,9,1.0,0,1.0,4,8,No,3,Yes,Yes,367,41.0,356,0
LA03552,Industrial,Semi-Urban,Mixed,21.75,7.0,9,0.0,0,1.0,2,15,No,5,Yes,No,321,57.0,438,1
LA03553,Road,Rural,Residential,22.46,3.0,3,3.0,0,0.0,1,7,Yes,4,No,Yes,304,72.0,384,1
LA03554,Railway,Rural,Mixed,40.72,8.0,10,2.0,0,3.0,3,8,No,6,,No,248,59.0,243,0
LA03555,Road,Rural,Mixed,50.96,6.0,12,1.0,0,2.0,2,10,No,6,No,No,175,74.0,274,1
LA03556,Airport,Urban,Residential,14.24,11.0,16,0.0,2,1.0,3,15,No,4,No,No,406,90.0,557,1
LA03557,Railway,Semi-Urban,Agricultural,61.96,8.0,13,1.0,2,2.0,3,9,No,3,Yes,No,432,88.0,438,0
LA03558,Housing,Rural,Mixed,66.0,14.0,16,0.0,1,2.0,1,18,Yes,6,Yes,Yes,511,94.0,627,1
LA03559,Industrial,Urban,Mixed,51.81,7.0,9,1.0,0,1.0,4,13,Yes,4,No,Yes,335,34.0,421,1
LA03560,Railway,Rural,Commercial,24.3,4.0,10,2.0,3,1.0,0,10,No,5,Yes,Yes,390,38.0,382,0
LA03561,Airport,Urban,Residential,80.07,12.0,13,1.0,1,2.0,5,12,No,5,Yes,No,486,77.0,625,1
LA03562,Railway,Urban,Residential,33.28,4.0,9,0.0,2,2.0,1,8,No,5,Yes,Yes,385,54.0,528,1
LA03563,Housing,Rural,Mixed,18.75,11.0,15,1.0,1,1.0,3,14,No,6,No,Yes,609,72.0,625,0
LA03564,Road,Urban,Agricultural,14.11,12.0,14,1.0,1,2.0,6,18,Yes,4,No,No,420,117.0,491,1
LA03565,Housing,Semi-Urban,Commercial,38.37,10.0,14,0.0,0,1.0,4,12,No,3,No,Yes,324,52.0,330,0
LA03566,Housing,Semi-Urban,Commercial,24.64,4.0,8,1.0,1,1.0,2,8,Yes,6,No,No,378,89.0,495,1
LA03567,Housing,Rural,Agricultural,10.94,8.0,9,1.0,1,0.0,3,11,No,7,No,No,287,27.0,276,0
LA03568,Railway,Semi-Urban,Residential,8.18,4.0,6,0.0,2,1.0,4,8,No,8,Yes,No,142,75.0,151,0
LA03569,Housing,Semi-Urban,Agricultural,42.57,7.0,12,2.0,1,2.0,1,9,Yes,4,No,No,254,62.0,255,0
LA03570,Road,Rural,Mixed,9.48,8.0,15,0.0,0,0.0,3,11,Yes,2,No,No,120,80.0,134,0
LA03571,Airport,Semi-Urban,Agricultural,3.16,3.0,8,1.0,1,2.0,4,4,No,6,No,No,326,,430,1
LA03572,Road,Rural,Residential,66.64,9.0,12,2.0,0,1.0,3,15,No,2,No,No,323,78.0,487,1
LA03573,Road,Rural,Mixed,15.7,8.0,10,2.0,1,3.0,1,14,No,5,,No,325,78.0,341,0
LA03574,Railway,Semi-Urban,Commercial,47.36,7.0,12,0.0,1,3.0,2,10,Yes,3,No,No,274,101.0,341,1
LA03575,Road,Rural,Agricultural,37.82,11.0,11,0.0,0,2.0,2,17,No,7,No,No,286,53.0,283,0
LA03576,Railway,Semi-Urban,Mixed,20.41,8.0,14,3.0,3,1.0,3,10,No,4,Yes,Yes,310,96.0,425,1
LA03577,Housing,Urban,Agricultural,85.98,11.0,15,0.0,1,0.0,2,13,Yes,7,Yes,Yes,319,68.0,373,1
LA03578,Road,Urban,Mixed,52.61,4.0,9,3.0,0,1.0,1,9,Yes,3,No,Yes,317,100.0,453,1
LA03579,Airport,Semi-Urban,Mixed,31.78,4.0,9,,2,3.0,5,11,Yes,2,No,Yes,392,65.0,514,1
LA03580,Road,Urban,Residential,16.96,14.0,20,0.0,1,2.0,1,18,No,5,Yes,No,322,65.0,321,0
LA03581,Airport,Semi-Urban,Agricultural,49.81,7.0,10,1.0,2,1.0,3,16,No,3,No,No,537,68.0,529,0
LA03582,Airport,Semi-Urban,Residential,55.16,7.0,15,1.0,0,2.0,6,12,No,5,No,No,405,74.0,498,1
LA03583,Railway,Semi-Urban,Commercial,35.41,10.0,15,0.0,3,1.0,3,13,Yes,4,No,No,492,,609,1
LA03584,Airport,Urban,Commercial,32.39,13.0,15,3.0,0,3.0,4,16,No,3,No,No,388,57.0,499,1
LA03585,Housing,Rural,Agricultural,52.51,4.0,7,1.0,1,2.0,4,8,Yes,2,No,Yes,304,66.0,327,0
LA03586,Housing,Semi-Urban,Mixed,31.23,6.0,11,0.0,1,1.0,1,6,Yes,7,No,No,408,87.0,465,1
LA03587,Railway,Urban,Agricultural,18.47,5.0,12,1.0,3,1.0,4,8,No,3,Yes,No,372,103.0,477,1
LA03588,Railway,Semi-Urban,Mixed,10.16,6.0,9,1.0,2,2.0,2,9,No,10,No,No,297,52.0,434,1
LA03589,Airport,Semi-Urban,Commercial,31.41,9.0,13,2.0,0,3.0,4,11,No,7,No,Yes,254,49.0,339,1
LA03590,Road,Semi-Urban,Agricultural,9.87,8.0,12,1.0,1,1.0,2,14,No,3,No,No,454,112.0,448,0
LA03591,Housing,Semi-Urban,Residential,55.63,6.0,9,2.0,0,1.0,2,10,No,3,No,No,473,65.0,573,1
LA03592,Road,Urban,Commercial,31.42,10.0,13,0.0,1,1.0,3,15,Yes,7,Yes,No,322,63.0,350,0
LA03593,Housing,Rural,Commercial,61.42,7.0,10,1.0,2,0.0,3,14,No,7,No,No,296,50.0,403,1
LA03594,Road,Semi-Urban,Residential,39.87,5.0,13,0.0,2,2.0,4,10,No,7,Yes,No,472,84.0,463,0
LA03595,Road,Urban,Mixed,47.5,4.0,13,,1,0.0,1,8,No,4,No,Yes,368,46.0,361,0
LA03596,Housing,Rural,Agricultural,19.87,8.0,13,4.0,1,0.0,2,13,No,3,No,Yes,368,67.0,375,0
LA03597,Housing,Semi-Urban,Agricultural,29.9,6.0,13,1.0,2,2.0,7,8,No,5,No,No,203,135.0,357,1
LA03598,Housing,Semi-Urban,Mixed,39.49,6.0,11,,1,1.0,6,10,Yes,6,No,No,347,82.0,428,1
LA03599,Housing,Semi-Urban,Agricultural,36.36,8.0,9,2.0,0,0.0,5,16,No,4,No,No,390,29.0,370,0
LA03600,Railway,Semi-Urban,Commercial,35.25,5.0,9,1.0,2,3.0,2,9,Yes,4,Yes,No,295,87.0,396,1
LA03601,Road,Semi-Urban,Commercial,13.96,9.0,11,0.0,2,1.0,4,10,No,9,No,No,326,88.0,488,1
LA03602,Road,Urban,Residential,6.28,7.0,12,1.0,0,,6,9,No,4,No,No,347,57.0,338,0
LA03603,Railway,Urban,Agricultural,13.12,6.0,8,4.0,0,3.0,2,11,No,4,Yes,No,284,105.0,397,1
LA03604,Road,Rural,Residential,2.21,3.0,8,2.0,0,1.0,5,5,No,5,No,No,437,40.0,425,0
LA03605,Housing,Semi-Urban,Residential,7.26,6.0,11,0.0,0,1.0,7,8,No,8,No,No,485,110.0,541,1
LA03606,Road,Semi-Urban,Commercial,41.5,7.0,9,1.0,0,,4,13,No,7,No,Yes,317,83.0,327,0
LA03607,Road,Urban,Residential,27.1,13.0,19,0.0,1,3.0,2,18,No,3,No,No,124,101.0,132,0
LA03608,Road,Rural,Mixed,17.57,7.0,11,3.0,0,2.0,2,9,No,6,No,No,303,72.0,292,0
LA03609,Road,Urban,Agricultural,26.71,7.0,9,1.0,3,1.0,3,14,No,3,No,No,379,59.0,386,0
LA03610,Road,Urban,Residential,4.95,6.0,10,1.0,0,2.0,5,9,Yes,4,No,No,327,39.0,324,0
LA03611,Industrial,Urban,Mixed,30.85,7.0,8,0.0,4,0.0,6,9,Yes,2,No,Yes,542,66.0,642,1
LA03612,Road,Rural,Agricultural,10.86,8.0,10,0.0,3,2.0,3,15,No,4,No,Yes,372,34.0,368,0
LA03613,Industrial,Semi-Urban,Commercial,72.74,7.0,12,3.0,1,0.0,2,12,Yes,6,No,Yes,258,78.0,377,1
LA03614,Housing,Urban,Commercial,49.0,3.0,5,1.0,2,1.0,2,7,No,4,No,No,387,67.0,392,0
LA03615,Industrial,Urban,Mixed,46.17,11.0,14,1.0,1,3.0,6,14,No,1,No,No,538,113.0,544,0
LA03616,Industrial,Semi-Urban,Residential,35.9,10.0,15,1.0,2,1.0,2,12,No,5,No,No,271,71.0,270,0
LA03617,Railway,Semi-Urban,Residential,51.89,9.0,13,1.0,0,1.0,2,13,Yes,3,No,Yes,378,,463,1
LA03618,Road,Semi-Urban,Mixed,30.97,9.0,12,2.0,0,1.0,1,17,No,2,No,No,495,41.0,506,0
LA03619,Road,Urban,Residential,17.18,10.0,15,2.0,0,1.0,3,16,No,4,Yes,Yes,362,88.0,472,1
LA03620,Housing,Rural,Commercial,46.71,6.0,7,1.0,0,0.0,2,9,No,4,No,No,358,49.0,464,1
LA03621,Industrial,Rural,Commercial,63.67,10.0,19,1.0,0,1.0,4,15,No,6,No,No,360,50.0,367,0
LA03622,Road,Semi-Urban,Agricultural,14.67,11.0,14,4.0,3,2.0,2,13,No,4,No,No,459,58.0,655,1
LA03623,Railway,Urban,Mixed,8.27,9.0,15,0.0,1,2.0,2,9,Yes,3,No,Yes,487,64.0,640,1
LA03624,Housing,Semi-Urban,Mixed,102.8,8.0,10,0.0,0,1.0,0,10,Yes,5,No,No,580,27.0,659,1
LA03625,Industrial,Urban,Residential,78.8,5.0,8,0.0,3,0.0,4,8,No,4,No,No,498,44.0,479,0
LA03626,Industrial,Urban,Commercial,33.42,,11,0.0,0,1.0,2,8,No,6,Yes,No,382,63.0,386,0
LA03627,Housing,Urban,Commercial,3.78,8.0,11,0.0,3,0.0,1,15,No,4,Yes,No,284,61.0,390,1
LA03628,Industrial,Rural,Agricultural,39.64,9.0,12,0.0,3,1.0,4,13,Yes,4,No,No,386,86.0,492,1
LA03629,Industrial,Semi-Urban,Mixed,138.04,7.0,11,1.0,0,1.0,7,9,No,3,No,No,464,53.0,478,0
LA03630,Road,Rural,Agricultural,51.6,8.0,10,2.0,0,1.0,3,13,No,1,No,No,445,78.0,466,1
LA03631,Road,Semi-Urban,Residential,48.72,11.0,17,0.0,0,1.0,1,17,No,3,No,Yes,338,33.0,328,0
LA03632,Housing,Semi-Urban,Mixed,31.64,9.0,13,0.0,0,1.0,2,12,No,5,No,No,168,47.0,161,0
LA03633,Industrial,Urban,Mixed,45.75,8.0,9,0.0,1,0.0,3,11,No,2,No,Yes,449,41.0,538,1
LA03634,Railway,Semi-Urban,Residential,51.43,11.0,19,2.0,2,1.0,3,18,Yes,2,No,No,447,71.0,539,1
LA03635,Industrial,Urban,Mixed,37.34,5.0,10,2.0,0,3.0,0,9,No,4,No,No,391,57.0,401,0
LA03636,Road,Semi-Urban,Residential,28.37,4.0,7,1.0,3,1.0,3,7,Yes,4,Yes,No,512,83.0,634,1
LA03637,Housing,Urban,Residential,,4.0,8,1.0,0,0.0,4,7,Yes,6,Yes,Yes,310,78.0,412,1
LA03638,Road,Semi-Urban,Residential,36.55,4.0,7,0.0,0,1.0,2,6,Yes,4,No,Yes,343,51.0,360,0
LA03639,Housing,Semi-Urban,Mixed,4.64,12.0,13,0.0,0,0.0,3,18,No,1,No,No,297,57.0,299,0
LA03640,Railway,Urban,Residential,121.52,12.0,17,1.0,2,1.0,3,16,No,2,No,No,272,69.0,389,1
LA03641,Road,Urban,Residential,48.75,5.0,7,1.0,2,2.0,2,11,No,3,Yes,No,335,48.0,360,0
LA03642,Road,Rural,Commercial,70.87,5.0,9,0.0,0,0.0,5,7,No,2,Yes,No,435,67.0,421,0
LA03643,Housing,Urban,Agricultural,40.61,3.0,5,0.0,2,2.0,1,4,No,3,Yes,No,364,74.0,530,1
LA03644,Road,Urban,Residential,22.19,9.0,14,2.0,1,2.0,2,12,No,3,No,No,182,78.0,299,1
LA03645,Road,Urban,Residential,61.21,14.0,18,2.0,0,2.0,3,14,Yes,4,No,No,255,71.0,368,1
LA03646,Airport,Semi-Urban,Mixed,7.8,10.0,14,0.0,0,3.0,5,14,Yes,2,No,Yes,235,95.0,259,0
LA03647,Railway,Semi-Urban,Commercial,50.11,8.0,9,1.0,2,0.0,5,13,Yes,8,Yes,No,503,97.0,535,0
LA03648,Railway,Urban,Mixed,60.75,14.0,17,0.0,1,5.0,1,16,No,3,No,No,304,33.0,467,1
LA03649,Road,Semi-Urban,Residential,31.24,10.0,14,2.0,1,0.0,5,12,No,2,No,Yes,401,86.0,466,1
LA03650,Housing,Semi-Urban,Agricultural,46.86,7.0,11,0.0,0,0.0,7,8,No,3,Yes,Yes,317,45.0,384,1
LA03651,Road,Urban,Mixed,4.73,9.0,13,0.0,0,0.0,4,12,Yes,6,No,No,239,26.0,214,0
LA03652,Road,Rural,Residential,48.28,8.0,12,1.0,3,1.0,6,14,Yes,2,No,No,164,115.0,270,1
LA03653,Road,Rural,Residential,25.53,7.0,11,0.0,2,1.0,8,13,No,4,No,No,453,44.0,559,1
LA03654,Road,Urban,Agricultural,47.02,11.0,15,1.0,0,0.0,3,15,No,4,No,No,425,46.0,403,0
LA03655,Road,Urban,Agricultural,32.26,11.0,16,1.0,2,,2,14,Yes,3,No,No,532,83.0,674,1
LA03656,Road,Urban,Residential,31.96,8.0,9,1.0,1,1.0,5,17,No,4,No,No,345,41.0,342,0
LA03657,Road,Urban,Mixed,48.02,7.0,12,0.0,1,,3,11,No,5,No,No,481,83.0,613,1
LA03658,Railway,Semi-Urban,Agricultural,26.5,11.0,15,1.0,1,3.0,6,15,No,3,No,No,266,76.0,286,0
LA03659,Housing,Semi-Urban,Commercial,31.1,13.0,14,0.0,0,1.0,2,16,No,4,No,Yes,205,76.0,321,1
LA03660,Road,Semi-Urban,Residential,105.67,5.0,12,0.0,4,2.0,4,11,Yes,5,No,No,232,72.0,245,0
LA03661,Road,Urban,Commercial,73.97,11.0,15,2.0,1,2.0,2,13,No,1,No,No,564,69.0,559,0
LA03662,Housing,Urban,Agricultural,28.36,10.0,15,2.0,1,0.0,3,12,No,3,No,No,339,43.0,335,0
LA03663,Housing,Rural,Mixed,32.71,8.0,12,1.0,0,1.0,6,11,No,9,No,Yes,192,46.0,277,1
LA03664,Industrial,Rural,Agricultural,21.0,10.0,14,1.0,0,,4,12,Yes,5,No,No,431,,636,1
LA03665,Road,Urban,Mixed,25.6,6.0,10,4.0,1,2.0,5,10,No,5,No,No,345,100.0,480,1
LA03666,Railway,Semi-Urban,Agricultural,26.52,14.0,16,1.0,2,3.0,8,17,No,2,No,Yes,323,79.0,417,1
LA03667,Road,Semi-Urban,Agricultural,36.06,9.0,15,1.0,0,1.0,2,15,Yes,5,No,No,438,49.0,461,0
LA03668,Road,Semi-Urban,Mixed,5.43,7.0,11,1.0,0,1.0,2,11,Yes,2,No,No,205,64.0,345,1
LA03669,Railway,Semi-Urban,Commercial,25.08,11.0,16,2.0,0,0.0,4,14,No,4,No,No,489,87.0,479,0
LA03670,Industrial,Rural,Commercial,22.01,6.0,8,1.0,1,0.0,2,12,Yes,2,No,No,424,66.0,519,1
LA03671,Railway,Urban,Mixed,80.37,5.0,11,1.0,2,3.0,2,8,No,3,No,No,477,94.0,476,0
LA03672,Industrial,Urban,Mixed,32.45,7.0,13,0.0,1,4.0,4,11,No,3,No,No,516,66.0,642,1
LA03673,Road,Rural,Residential,39.55,9.0,12,3.0,0,0.0,1,12,No,8,Yes,Yes,242,75.0,359,1
LA03674,Road,Urban,Residential,24.55,3.0,6,0.0,2,0.0,0,8,No,5,Yes,No,398,48.0,429,0
LA03675,Airport,Urban,Agricultural,32.63,4.0,11,3.0,0,1.0,1,13,No,5,No,Yes,466,,460,0
LA03676,Housing,Rural,Mixed,25.6,5.0,10,3.0,0,0.0,8,8,Yes,3,No,Yes,284,64.0,268,0
LA03677,Road,Rural,Agricultural,36.44,8.0,9,1.0,0,2.0,5,12,No,5,Yes,No,440,80.0,435,0
LA03678,Industrial,Semi-Urban,Agricultural,46.78,12.0,17,0.0,2,4.0,3,17,No,2,Yes,No,366,98.0,355,0
LA03679,Road,Rural,Agricultural,11.3,5.0,10,1.0,0,1.0,3,7,Yes,4,No,No,198,49.0,206,0
LA03680,Road,Semi-Urban,Residential,51.29,11.0,15,,1,1.0,5,15,Yes,3,No,No,629,99.0,776,1
LA03681,Airport,Urban,Residential,15.93,11.0,15,1.0,0,1.0,4,13,Yes,1,No,Yes,457,42.0,531,1
LA03682,Road,Semi-Urban,Residential,108.04,6.0,11,2.0,0,0.0,3,10,Yes,3,No,No,412,64.0,411,0
LA03683,Railway,Rural,Residential,35.9,6.0,13,0.0,3,1.0,3,10,No,5,No,No,356,,427,1
LA03684,Railway,Rural,Commercial,39.18,13.0,22,3.0,1,2.0,3,17,No,7,No,Yes,386,53.0,394,0
LA03685,Road,Urban,Agricultural,40.25,9.0,11,2.0,1,0.0,3,13,No,2,No,No,296,74.0,333,0
LA03686,Road,Urban,Residential,34.32,5.0,12,0.0,1,2.0,1,10,No,3,No,No,319,60.0,492,1
LA03687,Road,Rural,Agricultural,19.44,6.0,13,1.0,0,0.0,6,11,No,10,No,No,356,54.0,346,0
LA03688,Housing,Urban,Agricultural,39.25,9.0,16,1.0,2,1.0,8,15,No,4,No,No,317,,401,1
LA03689,Industrial,Urban,Agricultural,37.72,7.0,15,1.0,0,3.0,4,7,No,6,No,No,373,37.0,450,1
LA03690,Railway,Rural,Agricultural,17.68,6.0,10,1.0,0,2.0,1,14,Yes,5,No,No,236,78.0,240,0
LA03691,Road,Semi-Urban,Residential,11.42,7.0,10,1.0,4,0.0,3,14,No,5,No,No,335,68.0,468,1
LA03692,Industrial,Urban,Commercial,60.96,10.0,13,4.0,1,1.0,2,13,Yes,6,No,No,323,59.0,430,1
LA03693,Road,Urban,Residential,25.04,8.0,13,0.0,0,1.0,2,12,No,8,No,No,332,43.0,379,1
LA03694,Railway,Urban,Residential,29.61,6.0,12,1.0,0,2.0,2,8,No,2,No,No,382,72.0,477,1
LA03695,Airport,Rural,Residential,37.84,11.0,17,2.0,1,1.0,3,13,Yes,7,,No,442,72.0,633,1
LA03696,Railway,Semi-Urban,Agricultural,19.04,8.0,11,0.0,0,3.0,3,10,No,6,No,No,434,61.0,406,0
LA03697,Road,Urban,Residential,41.59,7.0,10,0.0,1,4.0,1,15,No,2,No,No,166,52.0,184,0
LA03698,Road,Semi-Urban,Agricultural,30.63,8.0,12,2.0,1,0.0,2,9,No,3,No,No,404,75.0,407,0
LA03699,Road,Urban,Residential,32.72,8.0,11,,0,1.0,3,13,Yes,3,No,No,497,44.0,483,0
LA03700,Railway,Urban,Residential,68.84,11.0,14,2.0,0,1.0,0,16,No,4,No,No,510,58.0,501,0
LA03701,Housing,Urban,Mixed,36.88,10.0,13,2.0,2,1.0,2,15,Yes,5,No,No,379,71.0,520,1
LA03702,Road,Semi-Urban,Agricultural,28.58,6.0,8,2.0,0,0.0,3,10,No,5,No,No,343,64.0,345,0
LA03703,Industrial,Urban,Residential,14.82,6.0,10,4.0,2,2.0,3,10,No,2,No,No,439,76.0,569,1
LA03704,Industrial,Urban,Agricultural,40.12,9.0,13,0.0,3,0.0,2,11,Yes,3,Yes,Yes,200,73.0,281,1
LA03705,Road,Semi-Urban,Residential,59.33,10.0,13,2.0,0,0.0,1,14,No,4,No,Yes,286,53.0,304,0
LA03706,Road,Semi-Urban,Mixed,28.94,5.0,7,1.0,1,1.0,2,7,No,3,No,No,420,15.0,421,0
LA03707,Road,Urban,Residential,59.02,4.0,8,0.0,1,1.0,0,8,Yes,5,Yes,No,319,64.0,444,1
LA03708,Industrial,Urban,Agricultural,,10.0,12,1.0,0,1.0,2,12,No,2,Yes,No,430,54.0,520,1
LA03709,Railway,Urban,Mixed,34.9,9.0,13,1.0,0,1.0,1,12,No,3,No,No,339,68.0,378,0
LA03710,Airport,Semi-Urban,Residential,43.88,11.0,15,1.0,1,0.0,5,12,Yes,3,No,No,309,38.0,448,1
LA03711,Housing,Rural,Residential,11.82,5.0,9,1.0,2,2.0,2,8,Yes,9,Yes,No,495,78.0,487,0
LA03712,Airport,Urban,Commercial,25.33,7.0,12,0.0,1,1.0,3,12,No,6,No,Yes,319,,393,1
LA03713,Housing,Rural,Mixed,26.05,9.0,13,,1,2.0,2,10,No,6,No,No,372,105.0,537,1
LA03714,Airport,Rural,Agricultural,29.84,6.0,11,0.0,0,4.0,2,8,No,6,No,Yes,320,50.0,336,0
LA03715,Housing,Urban,Commercial,97.08,8.0,13,0.0,0,2.0,5,16,Yes,2,No,No,484,50.0,450,0
LA03716,Housing,Urban,Residential,35.71,6.0,10,0.0,0,2.0,3,11,No,1,No,Yes,309,,375,1
LA03717,Airport,Urban,Commercial,10.28,7.0,7,1.0,0,0.0,4,12,No,4,No,Yes,272,47.0,353,1
LA03718,Housing,Urban,Residential,21.02,10.0,16,3.0,4,1.0,4,16,Yes,5,No,No,369,67.0,451,1
LA03719,Housing,Semi-Urban,Commercial,32.74,6.0,9,2.0,0,2.0,2,9,Yes,4,No,No,221,63.0,223,0
LA03720,Railway,Urban,Residential,36.78,11.0,15,1.0,0,1.0,3,16,No,4,Yes,No,344,65.0,355,0
LA03721,Industrial,Rural,Agricultural,2.07,5.0,7,1.0,0,2.0,1,8,No,3,Yes,No,360,56.0,328,0
LA03722,Railway,Semi-Urban,Residential,46.49,8.0,12,1.0,1,1.0,4,9,Yes,3,No,No,384,82.0,409,0
LA03723,Housing,Rural,Commercial,47.82,7.0,12,2.0,2,0.0,0,13,No,5,No,No,233,66.0,247,0
LA03724,Railway,Rural,Commercial,14.27,10.0,13,1.0,2,,2,16,No,5,Yes,No,336,,421,1
LA03725,Housing,Semi-Urban,Mixed,58.25,5.0,8,2.0,1,,2,7,Yes,4,No,No,267,65.0,358,1
LA03726,Airport,Rural,Mixed,28.79,5.0,10,1.0,0,1.0,4,9,No,3,No,Yes,270,81.0,417,1
LA03727,Housing,Rural,Agricultural,16.61,4.0,8,1.0,0,3.0,4,5,No,4,No,No,307,49.0,320,0
LA03728,Road,Semi-Urban,Commercial,13.43,9.0,12,0.0,1,3.0,3,13,Yes,5,Yes,Yes,224,79.0,351,1
LA03729,Airport,Urban,Residential,45.83,10.0,13,3.0,0,2.0,4,12,No,3,Yes,Yes,340,74.0,414,1
LA03730,Airport,Semi-Urban,Mixed,22.1,4.0,8,1.0,0,0.0,1,11,No,2,No,No,174,75.0,191,0
LA03731,Housing,Urban,Commercial,39.47,7.0,8,1.0,0,1.0,5,8,Yes,6,No,No,277,36.0,401,1
LA03732,Housing,Semi-Urban,Agricultural,13.1,9.0,11,1.0,0,0.0,8,14,No,4,No,Yes,444,81.0,500,1
LA03733,Industrial,Semi-Urban,Agricultural,26.28,7.0,11,0.0,2,2.0,2,9,No,4,Yes,No,386,28.0,480,1
LA03734,Industrial,Semi-Urban,Mixed,43.84,10.0,18,2.0,2,1.0,0,12,No,6,No,No,445,56.0,428,0
LA03735,Road,Rural,Mixed,67.48,6.0,10,0.0,3,1.0,1,8,Yes,4,Yes,No,272,68.0,360,1
LA03736,Housing,Urban,Mixed,72.2,8.0,12,2.0,0,1.0,1,9,Yes,5,No,No,401,115.0,413,0
LA03737,Road,Semi-Urban,Agricultural,66.61,4.0,7,1.0,2,3.0,1,7,Yes,3,No,No,501,112.0,624,1
LA03738,Airport,Urban,Agricultural,143.23,11.0,14,4.0,1,0.0,1,13,No,7,No,No,455,65.0,468,0
LA03739,Airport,Rural,Mixed,39.88,11.0,15,1.0,0,1.0,3,15,No,4,No,No,280,72.0,337,1
LA03740,Railway,Semi-Urban,Commercial,12.77,7.0,12,1.0,1,2.0,3,10,No,5,No,No,358,25.0,358,0
LA03741,Road,Urban,Agricultural,21.4,8.0,11,0.0,0,1.0,3,13,No,5,No,Yes,400,50.0,421,0
LA03742,Road,Semi-Urban,Agricultural,70.94,8.0,11,3.0,3,0.0,2,12,No,3,No,No,391,60.0,385,0
LA03743,Housing,Urban,Commercial,19.29,7.0,9,2.0,1,0.0,2,11,Yes,2,No,No,547,55.0,602,1
LA03744,Railway,Rural,Commercial,1.4,7.0,9,1.0,2,2.0,5,14,Yes,3,No,No,419,101.0,543,1
LA03745,Road,Semi-Urban,Agricultural,27.0,7.0,11,0.0,1,0.0,4,11,No,4,No,Yes,234,15.0,309,1
LA03746,Airport,Semi-Urban,Mixed,57.46,12.0,17,2.0,1,2.0,2,14,Yes,8,Yes,No,399,92.0,503,1
LA03747,Road,Semi-Urban,Mixed,21.08,11.0,15,0.0,0,1.0,4,15,No,2,No,No,436,66.0,530,1
LA03748,Housing,Rural,Agricultural,73.23,10.0,14,0.0,0,2.0,6,13,No,4,No,No,436,92.0,499,1
LA03749,Road,Rural,Residential,103.13,9.0,13,1.0,3,1.0,3,14,No,9,Yes,No,396,84.0,484,1
LA03750,Road,Semi-Urban,Agricultural,39.23,6.0,9,2.0,3,0.0,1,11,No,5,No,No,401,32.0,402,0
LA03751,Road,Rural,Commercial,114.79,12.0,12,1.0,1,5.0,1,20,Yes,7,No,No,182,97.0,322,1
LA03752,Railway,Semi-Urban,Agricultural,86.91,2.0,6,3.0,1,0.0,4,6,No,2,No,Yes,335,56.0,334,0
LA03753,Railway,Rural,Mixed,58.66,7.0,13,,0,1.0,4,12,No,2,No,Yes,367,58.0,469,1
LA03754,Airport,Rural,Residential,42.92,8.0,15,0.0,1,3.0,2,12,Yes,3,No,No,274,80.0,295,0
LA03755,Railway,Urban,Residential,40.33,9.0,10,0.0,2,0.0,1,11,No,6,No,No,321,76.0,327,0
LA03756,Road,Urban,Mixed,31.34,5.0,6,1.0,1,0.0,4,7,Yes,4,No,No,452,101.0,592,1
LA03757,Road,Urban,Mixed,48.94,9.0,11,2.0,0,3.0,1,14,Yes,3,No,No,346,109.0,458,1
LA03758,Road,Urban,Agricultural,5.2,6.0,13,2.0,2,1.0,6,10,No,5,No,Yes,326,88.0,435,1
LA03759,Housing,Semi-Urban,Residential,89.42,11.0,15,0.0,1,0.0,2,17,No,2,No,No,343,55.0,351,0
LA03760,Road,Urban,Agricultural,116.08,9.0,11,0.0,1,2.0,4,14,No,3,No,No,475,55.0,504,0
LA03761,Housing,Semi-Urban,Agricultural,4.78,8.0,10,3.0,1,0.0,0,13,Yes,4,No,Yes,393,111.0,508,1
LA03762,Road,Urban,Agricultural,56.31,11.0,13,2.0,0,1.0,4,18,No,5,Yes,Yes,298,69.0,376,1
LA03763,Road,Urban,Residential,84.82,8.0,9,,1,0.0,2,9,No,7,No,Yes,276,54.0,267,0
LA03764,Road,Semi-Urban,Agricultural,36.6,12.0,13,0.0,0,1.0,4,17,No,4,No,No,314,87.0,327,0
LA03765,Road,Semi-Urban,Commercial,30.2,6.0,8,0.0,2,3.0,3,9,No,6,No,Yes,450,116.0,639,1
LA03766,Airport,Semi-Urban,Commercial,25.45,8.0,12,2.0,0,1.0,3,10,No,5,No,No,327,30.0,302,0
LA03767,Railway,Rural,Commercial,21.89,5.0,10,0.0,1,1.0,3,8,No,6,No,Yes,537,105.0,641,1
LA03768,Road,Rural,Agricultural,41.6,14.0,18,1.0,1,2.0,3,17,No,3,No,No,418,89.0,437,0
LA03769,Industrial,Semi-Urban,Agricultural,72.84,6.0,10,0.0,1,4.0,2,10,No,4,Yes,Yes,563,41.0,556,0
LA03770,Industrial,Urban,Agricultural,5.84,,13,1.0,1,1.0,1,16,No,5,No,Yes,384,77.0,464,1
LA03771,Housing,Urban,Mixed,15.33,7.0,12,2.0,1,3.0,6,13,No,3,No,No,377,66.0,390,0
LA03772,Housing,Rural,Agricultural,20.68,10.0,15,1.0,2,1.0,3,12,Yes,3,No,No,396,79.0,495,1
LA03773,Industrial,Semi-Urban,Commercial,8.98,10.0,17,0.0,1,0.0,5,12,Yes,6,No,No,253,47.0,235,0
LA03774,Housing,Rural,Agricultural,52.23,12.0,18,1.0,0,0.0,2,14,No,4,Yes,No,312,91.0,316,0
LA03775,Airport,Semi-Urban,Mixed,47.6,12.0,16,1.0,0,2.0,2,15,No,3,Yes,No,349,26.0,455,1
LA03776,Railway,Urban,Agricultural,61.05,12.0,15,2.0,2,1.0,3,19,No,2,No,Yes,277,35.0,277,0
LA03777,Airport,Semi-Urban,Agricultural,3.85,10.0,19,0.0,2,1.0,3,17,Yes,5,No,No,267,77.0,391,1
LA03778,Road,Rural,Mixed,56.23,6.0,11,2.0,1,1.0,4,9,No,5,No,Yes,455,73.0,538,1
LA03779,Airport,Rural,Residential,72.56,14.0,16,1.0,0,2.0,3,17,No,3,No,No,403,79.0,419,0
LA03780,Housing,Urban,Agricultural,52.94,5.0,7,3.0,2,2.0,1,8,Yes,2,No,No,438,53.0,578,1
LA03781,Road,Semi-Urban,Agricultural,34.51,4.0,8,3.0,1,3.0,3,9,No,4,Yes,No,420,51.0,537,1
LA03782,Housing,Urban,Mixed,31.07,8.0,9,1.0,2,1.0,1,12,Yes,2,No,No,181,91.0,339,1
LA03783,Housing,Rural,Commercial,44.51,7.0,11,1.0,2,3.0,5,10,Yes,3,No,No,246,58.0,375,1
LA03784,Road,Urban,Residential,,6.0,11,0.0,1,3.0,1,7,No,4,Yes,No,281,46.0,286,0
LA03785,Railway,Rural,Mixed,21.2,11.0,14,1.0,4,0.0,0,14,No,4,,Yes,206,73.0,276,1
LA03786,Housing,Urban,Commercial,4.25,9.0,18,2.0,1,1.0,3,16,No,6,No,No,478,64.0,575,1
LA03787,Housing,Semi-Urban,Agricultural,23.65,5.0,10,1.0,0,2.0,2,10,Yes,5,No,No,361,104.0,410,1
LA03788,Road,Semi-Urban,Residential,107.55,5.0,17,0.0,0,1.0,2,11,No,2,No,No,376,30.0,356,0
LA03789,Road,Urban,Residential,5.03,12.0,14,1.0,1,1.0,3,14,No,4,Yes,No,466,93.0,443,0
LA03790,Industrial,Rural,Commercial,,8.0,9,1.0,3,2.0,3,12,Yes,4,No,Yes,387,104.0,517,1
LA03791,Road,Rural,Agricultural,91.47,10.0,13,0.0,0,1.0,3,15,Yes,4,No,Yes,331,80.0,342,0
LA03792,Road,Rural,Mixed,62.06,6.0,7,0.0,0,0.0,3,18,Yes,5,No,No,315,53.0,303,0
LA03793,Road,Urban,Residential,68.53,10.0,16,2.0,1,3.0,3,13,Yes,3,No,No,485,107.0,632,1
LA03794,Road,Rural,Commercial,63.48,9.0,14,0.0,3,0.0,0,12,No,7,No,Yes,330,77.0,343,0
LA03795,Industrial,Semi-Urban,Residential,9.09,10.0,11,3.0,0,0.0,3,17,No,4,Yes,No,539,77.0,672,1
LA03796,Industrial,Semi-Urban,Commercial,81.02,8.0,14,0.0,1,,2,19,No,4,No,No,185,70.0,205,0
LA03797,Industrial,Semi-Urban,Residential,88.55,6.0,10,2.0,1,3.0,3,10,Yes,6,No,No,363,102.0,530,1
LA03798,Airport,Semi-Urban,Agricultural,11.93,10.0,11,1.0,1,1.0,2,15,Yes,5,Yes,No,325,54.0,404,1
LA03799,Railway,Urban,Residential,25.28,8.0,10,0.0,2,1.0,1,14,No,3,No,No,250,62.0,354,1
LA03800,Road,Semi-Urban,Commercial,37.0,4.0,9,1.0,2,1.0,4,11,Yes,4,No,No,281,55.0,335,1
LA03801,Road,Urban,Agricultural,25.52,8.0,13,0.0,1,0.0,1,14,Yes,3,No,Yes,266,62.0,379,1
LA03802,Road,Urban,Mixed,19.71,6.0,11,2.0,2,1.0,5,9,No,4,Yes,No,394,,585,1
LA03803,Road,Urban,Residential,20.09,8.0,12,1.0,2,2.0,2,9,No,4,No,No,279,54.0,409,1
LA03804,Road,Urban,Agricultural,56.1,3.0,9,1.0,4,1.0,4,11,No,4,No,No,300,101.0,294,0
LA03805,Road,Rural,Agricultural,67.17,3.0,8,0.0,2,2.0,1,7,No,3,Yes,Yes,374,69.0,503,1
LA03806,Road,Semi-Urban,Residential,20.16,7.0,9,0.0,0,2.0,1,13,No,5,,No,436,56.0,425,0
LA03807,Industrial,Urban,Residential,66.88,8.0,12,0.0,2,1.0,4,9,No,4,No,Yes,228,90.0,360,1
LA03808,Industrial,Rural,Agricultural,25.43,11.0,12,2.0,0,1.0,8,14,No,2,No,No,171,107.0,250,1
LA03809,Housing,Rural,Commercial,12.66,5.0,9,0.0,0,2.0,2,8,Yes,3,No,No,307,44.0,301,0
LA03810,Airport,Rural,Mixed,43.75,6.0,8,1.0,1,0.0,5,9,No,1,No,Yes,404,24.0,419,0
LA03811,Industrial,Rural,Residential,35.78,4.0,7,1.0,2,,3,7,Yes,5,Yes,No,346,97.0,461,1
LA03812,Road,Rural,Commercial,44.91,8.0,15,4.0,1,1.0,4,10,Yes,1,No,No,269,65.0,259,0
LA03813,Industrial,Semi-Urban,Commercial,44.4,10.0,15,1.0,0,3.0,5,12,Yes,3,No,No,402,39.0,404,0
LA03814,Road,Rural,Commercial,41.22,11.0,15,2.0,2,2.0,3,15,No,4,No,No,293,107.0,285,0
LA03815,Railway,Rural,Agricultural,32.85,12.0,17,1.0,3,1.0,4,18,Yes,4,No,Yes,422,114.0,475,1
LA03816,Railway,Urban,Mixed,65.89,9.0,17,1.0,0,2.0,1,14,No,4,No,Yes,328,59.0,479,1
LA03817,Railway,Rural,Agricultural,53.26,8.0,10,2.0,1,2.0,1,9,No,5,No,Yes,270,49.0,233,0
LA03818,Road,Rural,Mixed,26.12,8.0,9,2.0,3,0.0,7,12,No,2,No,No,521,,753,1
LA03819,Industrial,Rural,Residential,25.63,11.0,17,3.0,3,1.0,0,18,No,4,Yes,No,503,73.0,493,0
LA03820,Housing,Rural,Mixed,8.33,4.0,10,0.0,1,1.0,1,11,Yes,3,No,No,377,70.0,433,1
LA03821,Airport,Semi-Urban,Mixed,9.64,5.0,12,1.0,0,1.0,4,9,No,3,No,Yes,456,105.0,542,1
LA03822,Industrial,Semi-Urban,Mixed,31.16,11.0,16,0.0,3,0.0,5,12,No,6,No,No,350,60.0,359,0
LA03823,Railway,Semi-Urban,Agricultural,60.43,9.0,11,3.0,0,2.0,2,14,No,2,No,No,234,92.0,394,1
LA03824,Road,Rural,Mixed,17.54,11.0,12,0.0,2,,4,14,No,3,No,Yes,292,76.0,401,1
LA03825,Airport,Rural,Residential,54.9,6.0,7,2.0,1,1.0,4,12,Yes,6,Yes,No,385,57.0,550,1
LA03826,Railway,Rural,Commercial,40.19,6.0,14,1.0,1,0.0,3,7,Yes,5,No,No,420,92.0,491,1
LA03827,Road,Rural,Agricultural,18.47,7.0,10,2.0,1,1.0,1,10,No,5,No,No,494,46.0,481,0
LA03828,Road,Rural,Commercial,36.75,7.0,11,1.0,2,2.0,4,10,Yes,3,Yes,No,288,73.0,386,1
LA03829,Housing,Urban,Agricultural,35.73,9.0,13,0.0,3,0.0,2,12,Yes,4,Yes,No,420,66.0,522,1
LA03830,Industrial,Rural,Residential,19.13,7.0,10,0.0,1,1.0,5,11,No,5,No,No,266,81.0,364,1
LA03831,Railway,Urban,Residential,52.47,9.0,14,1.0,2,1.0,0,13,No,3,No,No,396,31.0,493,1
LA03832,Industrial,Semi-Urban,Residential,64.33,5.0,5,0.0,2,2.0,0,9,No,3,No,No,257,74.0,240,0
LA03833,Railway,Urban,Agricultural,27.91,6.0,14,2.0,1,0.0,4,11,No,7,No,No,450,15.0,436,0
LA03834,Railway,Semi-Urban,Mixed,13.74,6.0,14,2.0,0,,3,8,Yes,6,No,No,392,109.0,501,1
LA03835,Road,Semi-Urban,Commercial,66.39,7.0,13,3.0,4,2.0,1,13,Yes,9,No,Yes,222,128.0,374,1
LA03836,Railway,Urban,Mixed,9.08,9.0,15,2.0,0,2.0,4,13,No,6,No,No,409,44.0,487,1
LA03837,Industrial,Semi-Urban,Mixed,42.67,11.0,15,1.0,0,0.0,5,13,No,2,Yes,No,129,61.0,133,0
LA03838,Road,Rural,Agricultural,17.52,6.0,8,1.0,2,0.0,1,9,No,4,Yes,No,308,81.0,301,0
LA03839,Airport,Urban,Agricultural,12.75,4.0,8,1.0,0,0.0,1,7,Yes,4,No,Yes,412,46.0,386,0
LA03840,Road,Semi-Urban,Agricultural,23.22,8.0,12,2.0,4,3.0,3,12,No,5,Yes,No,349,42.0,469,1
LA03841,Industrial,Urban,Residential,35.7,8.0,14,0.0,4,2.0,4,11,No,2,Yes,No,295,103.0,448,1
LA03842,Industrial,Urban,Agricultural,15.2,7.0,10,0.0,2,0.0,5,13,No,3,No,No,237,69.0,228,0
LA03843,Industrial,Urban,Commercial,10.94,10.0,14,0.0,0,2.0,2,13,No,2,No,Yes,171,53.0,192,0
LA03844,Industrial,Semi-Urban,Commercial,6.61,6.0,10,4.0,2,1.0,4,6,No,2,No,No,285,92.0,296,0
LA03845,Housing,Rural,Commercial,91.52,6.0,9,1.0,1,2.0,4,13,Yes,2,No,Yes,236,103.0,327,1
LA03846,Railway,Semi-Urban,Residential,45.06,11.0,13,2.0,2,0.0,2,12,No,1,No,No,397,63.0,395,0
LA03847,Airport,Rural,Mixed,18.58,,13,0.0,2,1.0,0,14,No,3,No,Yes,221,65.0,189,0
LA03848,Airport,Semi-Urban,Residential,46.61,8.0,15,1.0,1,2.0,4,11,No,1,No,No,269,48.0,362,1
LA03849,Road,Rural,Mixed,35.45,3.0,6,2.0,1,2.0,2,7,No,2,No,No,432,59.0,435,0
LA03850,Road,Rural,Residential,56.2,6.0,7,3.0,0,1.0,2,9,Yes,3,,No,533,97.0,668,1
LA03851,Railway,Semi-Urban,Agricultural,29.59,9.0,11,4.0,3,0.0,3,10,No,3,No,Yes,253,107.0,256,0
LA03852,Road,Urban,Agricultural,62.94,6.0,6,2.0,2,1.0,4,7,Yes,6,No,No,421,62.0,424,0
LA03853,Railway,Urban,Residential,20.79,6.0,9,4.0,0,2.0,4,12,Yes,4,No,No,469,138.0,576,1
LA03854,Railway,Semi-Urban,Agricultural,39.96,10.0,13,1.0,2,0.0,4,17,Yes,7,Yes,Yes,286,71.0,385,1
LA03855,Industrial,Semi-Urban,Residential,60.36,9.0,16,1.0,0,4.0,5,15,No,2,No,No,321,63.0,413,1
LA03856,Road,Urban,Agricultural,41.35,5.0,7,0.0,0,0.0,3,9,Yes,5,Yes,No,376,90.0,400,0
LA03857,Housing,Rural,Mixed,109.8,9.0,12,1.0,2,0.0,0,14,Yes,4,No,No,385,77.0,523,1
LA03858,Railway,Rural,Agricultural,55.49,10.0,14,0.0,1,1.0,2,11,Yes,3,No,No,391,51.0,396,0
LA03859,Airport,Urban,Agricultural,46.07,8.0,10,3.0,0,0.0,4,10,Yes,7,Yes,No,406,57.0,539,1
LA03860,Road,Urban,Mixed,26.51,16.0,20,1.0,0,0.0,0,18,Yes,4,No,No,551,77.0,556,0
LA03861,Railway,Urban,Agricultural,40.56,9.0,13,0.0,3,0.0,2,13,No,5,No,No,351,50.0,430,1
LA03862,Road,Semi-Urban,Mixed,75.01,7.0,8,2.0,0,3.0,4,9,Yes,3,No,No,463,62.0,563,1
LA03863,Industrial,Rural,Agricultural,24.01,8.0,13,3.0,1,1.0,5,12,Yes,6,No,No,120,89.0,253,1
LA03864,Road,Semi-Urban,Agricultural,17.02,9.0,14,0.0,2,1.0,3,20,No,9,Yes,No,303,46.0,268,0
LA03865,Housing,Urban,Residential,24.11,8.0,11,0.0,1,1.0,4,10,Yes,3,No,No,157,45.0,151,0
LA03866,Road,Semi-Urban,Residential,23.13,7.0,9,2.0,3,2.0,3,10,No,4,Yes,No,648,58.0,614,0
LA03867,Industrial,Urban,Commercial,50.44,11.0,16,1.0,0,1.0,3,16,Yes,3,No,No,515,84.0,597,1
LA03868,Road,Semi-Urban,Mixed,101.67,7.0,10,1.0,1,2.0,6,11,No,3,No,No,252,76.0,263,0
LA03869,Industrial,Semi-Urban,Residential,9.5,5.0,8,1.0,6,0.0,3,9,Yes,5,Yes,Yes,285,85.0,360,1
LA03870,Railway,Semi-Urban,Mixed,36.17,10.0,17,1.0,2,2.0,1,17,No,2,Yes,No,225,45.0,323,1
LA03871,Railway,Semi-Urban,Agricultural,15.26,6.0,11,1.0,1,0.0,5,8,No,3,No,Yes,365,24.0,379,0
LA03872,Road,Rural,Agricultural,43.92,6.0,11,1.0,1,0.0,4,12,No,4,No,No,375,47.0,456,1
LA03873,Road,Urban,Mixed,47.52,7.0,13,0.0,1,2.0,4,9,No,5,No,No,259,74.0,371,1
LA03874,Road,Rural,Mixed,23.21,6.0,11,2.0,0,2.0,5,13,No,2,No,No,397,49.0,423,0
LA03875,Housing,Urban,Agricultural,51.38,7.0,8,0.0,0,0.0,2,13,No,4,No,Yes,262,43.0,245,0
LA03876,Railway,Urban,Residential,20.3,5.0,9,0.0,0,0.0,5,9,Yes,6,No,No,318,86.0,321,0
LA03877,Road,Rural,Residential,20.27,8.0,8,3.0,0,2.0,3,8,No,3,Yes,No,415,70.0,412,0
LA03878,Housing,Semi-Urban,Residential,17.86,12.0,16,0.0,1,2.0,7,16,No,4,Yes,No,265,67.0,271,0
LA03879,Road,Urban,Mixed,24.31,12.0,15,4.0,1,1.0,5,19,No,2,Yes,Yes,168,94.0,306,1
LA03880,Railway,Semi-Urban,Agricultural,33.67,10.0,14,1.0,2,4.0,3,12,Yes,2,No,Yes,368,125.0,485,1
LA03881,Airport,Rural,Commercial,31.04,2.0,6,2.0,2,1.0,1,5,No,4,No,No,340,54.0,323,0
LA03882,Housing,Rural,Residential,38.53,5.0,6,2.0,1,1.0,7,6,No,2,No,No,621,76.0,635,0
LA03883,Airport,Semi-Urban,Agricultural,49.63,7.0,14,1.0,1,0.0,4,10,Yes,4,Yes,No,498,84.0,510,0
LA03884,Railway,Urban,Agricultural,38.88,8.0,9,2.0,1,0.0,1,10,No,5,No,No,417,40.0,494,1
LA03885,Housing,Semi-Urban,Agricultural,90.38,4.0,6,0.0,1,1.0,5,6,No,4,No,No,250,78.0,246,0
LA03886,Road,Urban,Agricultural,35.43,8.0,11,0.0,1,0.0,2,8,Yes,1,No,No,328,66.0,327,0
LA03887,Housing,Urban,Mixed,57.45,4.0,9,1.0,1,2.0,0,9,No,3,No,No,221,46.0,230,0
LA03888,Housing,Semi-Urban,Mixed,8.31,9.0,14,0.0,0,0.0,7,10,Yes,7,No,Yes,378,63.0,418,1
LA03889,Housing,Rural,Commercial,38.53,6.0,17,1.0,1,0.0,2,12,No,7,No,No,239,36.0,332,1
LA03890,Road,Urban,Residential,30.78,10.0,20,0.0,0,1.0,2,15,No,3,No,No,507,93.0,510,0
LA03891,Road,Rural,Mixed,28.76,6.0,11,0.0,1,,2,8,No,4,No,No,380,,377,0
LA03892,Industrial,Rural,Mixed,74.03,9.0,13,0.0,1,0.0,1,13,No,3,No,No,384,57.0,401,0
LA03893,Railway,Rural,Mixed,112.54,9.0,17,1.0,1,0.0,1,10,Yes,2,Yes,Yes,334,59.0,349,0
LA03894,Railway,Urban,Agricultural,49.98,6.0,10,2.0,0,0.0,3,7,No,4,No,Yes,227,37.0,232,0
LA03895,Housing,Semi-Urban,Residential,6.52,7.0,10,2.0,1,1.0,2,10,No,5,No,No,412,77.0,394,0
LA03896,Industrial,Urban,Mixed,22.29,5.0,7,1.0,1,2.0,1,9,No,1,Yes,Yes,120,84.0,136,0
LA03897,Road,Urban,Agricultural,9.76,10.0,17,1.0,1,2.0,3,14,Yes,4,No,Yes,343,87.0,469,1
LA03898,Railway,Urban,Agricultural,37.82,7.0,10,1.0,1,1.0,4,7,No,5,No,Yes,499,41.0,508,0
LA03899,Road,Urban,Agricultural,45.71,8.0,12,0.0,0,2.0,3,14,No,1,Yes,No,431,28.0,418,0
LA03900,Road,Urban,Agricultural,7.63,4.0,10,1.0,2,1.0,5,6,No,3,No,No,445,48.0,470,0
LA03901,Road,Urban,Agricultural,82.6,10.0,14,3.0,0,2.0,4,12,No,3,Yes,No,433,60.0,559,1
LA03902,Housing,Rural,Commercial,12.58,9.0,14,0.0,2,1.0,2,12,No,7,Yes,No,351,31.0,353,0
LA03903,Airport,Rural,Commercial,44.25,7.0,9,1.0,0,1.0,1,9,No,1,No,No,342,72.0,353,0
LA03904,Railway,Urban,Agricultural,81.45,6.0,7,2.0,1,3.0,2,11,Yes,5,Yes,No,376,91.0,557,1
LA03905,Railway,Rural,Residential,38.34,7.0,12,2.0,3,0.0,4,15,Yes,3,No,No,292,61.0,407,1
LA03906,Industrial,Urban,Mixed,19.29,10.0,17,0.0,0,2.0,4,16,Yes,5,No,Yes,175,84.0,215,1
LA03907,Housing,Semi-Urban,Agricultural,18.38,8.0,11,3.0,3,0.0,2,14,No,5,No,No,293,74.0,443,1
LA03908,Housing,Rural,Agricultural,39.07,12.0,16,1.0,1,2.0,5,15,Yes,5,No,Yes,459,127.0,528,1
LA03909,Railway,Semi-Urban,Agricultural,57.53,10.0,14,0.0,2,1.0,2,10,No,4,No,No,301,50.0,311,0
LA03910,Housing,Urban,Agricultural,43.19,9.0,13,2.0,0,2.0,3,9,No,5,Yes,Yes,264,57.0,278,0
LA03911,Railway,Semi-Urban,Commercial,18.05,7.0,9,2.0,2,0.0,4,9,Yes,2,No,Yes,363,78.0,369,0
LA03912,Railway,Semi-Urban,Residential,30.23,5.0,11,4.0,2,2.0,3,10,No,2,Yes,No,381,86.0,530,1
LA03913,Housing,Semi-Urban,Mixed,16.06,7.0,14,1.0,3,1.0,2,12,Yes,5,Yes,No,391,98.0,495,1
LA03914,Railway,Semi-Urban,Residential,15.91,9.0,13,1.0,1,2.0,1,16,Yes,8,No,No,276,66.0,283,0
LA03915,Railway,Semi-Urban,Mixed,15.21,7.0,11,0.0,1,0.0,3,8,No,3,No,Yes,651,71.0,652,0
LA03916,Road,Urban,Commercial,25.45,7.0,10,0.0,1,0.0,1,10,No,2,Yes,No,365,45.0,358,0
LA03917,Railway,Semi-Urban,Residential,32.61,9.0,13,1.0,0,1.0,4,13,No,6,No,No,576,67.0,573,0
LA03918,Railway,Urban,Agricultural,35.43,6.0,8,0.0,1,1.0,2,11,No,2,No,No,591,105.0,612,0
LA03919,Industrial,Rural,Agricultural,41.6,14.0,16,2.0,0,0.0,3,16,Yes,3,No,No,323,54.0,479,1
LA03920,Railway,Rural,Mixed,18.9,5.0,9,1.0,1,2.0,2,13,No,3,No,No,538,45.0,541,0
LA03921,Road,Semi-Urban,Mixed,33.11,5.0,8,3.0,2,0.0,1,6,No,4,No,No,322,41.0,303,0
LA03922,Housing,Rural,Agricultural,36.12,16.0,22,5.0,2,1.0,1,24,Yes,3,No,No,228,52.0,226,0
LA03923,Road,Urban,Agricultural,69.8,5.0,6,2.0,1,2.0,3,6,No,4,Yes,No,343,44.0,340,0
LA03924,Housing,Urban,Mixed,7.89,9.0,11,1.0,1,0.0,2,15,No,6,No,Yes,309,69.0,394,1
LA03925,Road,Semi-Urban,Commercial,10.17,7.0,10,1.0,0,3.0,0,11,No,4,Yes,No,347,59.0,324,0
LA03926,Industrial,Semi-Urban,Agricultural,48.28,8.0,11,1.0,1,1.0,5,11,No,3,No,No,439,52.0,464,0
LA03927,Railway,Rural,Agricultural,51.74,6.0,10,2.0,0,3.0,3,9,No,2,No,No,353,83.0,343,0
LA03928,Housing,Rural,Agricultural,48.42,11.0,17,0.0,0,0.0,1,15,No,6,No,No,399,15.0,491,1
LA03929,Road,Semi-Urban,Commercial,48.08,10.0,12,0.0,2,2.0,4,13,No,1,No,No,468,95.0,458,0
LA03930,Housing,Semi-Urban,Agricultural,8.66,10.0,16,2.0,2,,3,12,No,2,No,Yes,447,72.0,451,0
LA03931,Railway,Semi-Urban,Mixed,101.79,7.0,12,1.0,2,0.0,3,13,Yes,3,No,No,347,70.0,418,1
LA03932,Industrial,Urban,Agricultural,64.72,8.0,13,0.0,2,0.0,4,11,No,3,No,No,515,78.0,499,0
LA03933,Railway,Urban,Agricultural,8.8,11.0,14,1.0,0,1.0,2,16,No,4,,No,384,43.0,395,0
LA03934,Road,Rural,Agricultural,27.36,8.0,12,2.0,0,0.0,4,14,No,2,No,Yes,444,58.0,625,1
LA03935,Railway,Rural,Mixed,26.23,11.0,18,0.0,0,3.0,6,13,No,3,No,No,324,67.0,427,1
LA03936,Road,Rural,Agricultural,30.92,7.0,12,0.0,3,1.0,1,9,No,4,No,No,318,79.0,322,0
LA03937,Road,Urban,Mixed,23.77,12.0,15,1.0,1,0.0,0,16,No,4,No,Yes,390,114.0,492,1
LA03938,Industrial,Urban,Agricultural,13.43,8.0,9,0.0,0,0.0,5,11,Yes,4,No,Yes,228,66.0,264,1
LA03939,Railway,Semi-Urban,Commercial,36.58,4.0,6,5.0,1,1.0,3,8,Yes,2,Yes,Yes,313,128.0,435,1
LA03940,Road,Rural,Mixed,72.76,7.0,12,1.0,3,1.0,5,13,No,4,No,No,336,66.0,469,1
LA03941,Road,Urban,Mixed,,14.0,18,0.0,3,1.0,6,18,Yes,3,No,Yes,253,67.0,437,1
LA03942,Road,Urban,Agricultural,41.38,7.0,14,3.0,1,0.0,3,10,No,4,No,Yes,382,111.0,509,1
LA03943,Road,Urban,Commercial,31.57,3.0,8,2.0,0,0.0,2,6,No,5,No,No,297,50.0,438,1
LA03944,Industrial,Rural,Residential,48.06,9.0,13,0.0,1,3.0,2,10,No,2,No,No,494,75.0,570,1
LA03945,Road,Rural,Residential,29.58,6.0,8,,1,0.0,4,7,Yes,3,No,Yes,410,68.0,564,1
LA03946,Housing,Semi-Urban,Mixed,20.67,8.0,11,0.0,1,2.0,1,10,No,2,No,No,234,56.0,230,0
LA03947,Road,Urban,Mixed,24.22,6.0,9,0.0,1,0.0,3,8,No,5,No,No,499,47.0,506,0
LA03948,Road,Rural,Residential,70.95,13.0,16,1.0,2,3.0,2,20,No,4,No,No,439,48.0,510,1
LA03949,Housing,Semi-Urban,Mixed,34.47,11.0,13,0.0,0,1.0,2,15,No,4,No,No,274,40.0,378,1
LA03950,Road,Urban,Agricultural,33.68,10.0,13,4.0,1,,3,15,Yes,4,No,No,475,100.0,588,1
LA03951,Railway,Urban,Mixed,69.51,9.0,12,0.0,1,1.0,3,17,No,8,Yes,No,411,54.0,466,1
LA03952,Housing,Semi-Urban,Mixed,77.92,,15,2.0,0,0.0,5,17,No,3,,No,520,53.0,522,0
LA03953,Housing,Urban,Mixed,3.76,6.0,10,1.0,0,1.0,4,13,Yes,5,No,No,240,101.0,378,1
LA03954,Airport,Rural,Mixed,10.4,11.0,12,2.0,2,1.0,3,14,No,3,No,Yes,509,64.0,519,0
LA03955,Road,Semi-Urban,Mixed,56.73,10.0,13,1.0,1,2.0,3,14,No,3,No,No,248,91.0,578,1
LA03956,Industrial,Semi-Urban,Commercial,35.61,4.0,7,0.0,1,3.0,4,7,No,5,No,No,317,58.0,308,0
LA03957,Housing,Semi-Urban,Residential,78.11,6.0,13,2.0,0,1.0,2,12,No,3,No,No,290,48.0,301,0
LA03958,Housing,Semi-Urban,Agricultural,7.93,10.0,13,0.0,0,3.0,7,14,No,1,No,No,382,72.0,461,1
LA03959,Road,Urban,Mixed,39.29,6.0,9,0.0,2,0.0,2,8,No,2,No,No,351,69.0,458,1
LA03960,Railway,Semi-Urban,Residential,49.74,8.0,17,1.0,1,4.0,3,13,No,3,No,No,411,64.0,424,0
LA03961,Road,Urban,Mixed,26.54,10.0,15,0.0,4,0.0,0,12,No,3,Yes,Yes,454,93.0,567,1
LA03962,Road,Semi-Urban,Residential,54.59,10.0,12,2.0,2,3.0,3,15,Yes,4,No,Yes,337,77.0,499,1
LA03963,Industrial,Rural,Mixed,57.46,9.0,12,3.0,0,3.0,2,10,No,3,No,Yes,408,74.0,490,1
LA03964,Road,Semi-Urban,Agricultural,31.84,6.0,8,1.0,1,1.0,0,14,No,4,Yes,No,221,69.0,221,0
LA03965,Road,Semi-Urban,Mixed,30.29,8.0,9,,0,1.0,1,13,Yes,3,No,No,312,76.0,361,1
LA03966,Road,Urban,Mixed,61.17,7.0,12,1.0,0,1.0,0,13,Yes,3,No,No,305,57.0,312,0
LA03967,Railway,Semi-Urban,Agricultural,38.77,13.0,16,0.0,0,1.0,4,15,Yes,6,No,No,225,49.0,306,1
LA03968,Road,Urban,Commercial,47.47,9.0,12,2.0,0,0.0,4,12,Yes,2,No,No,352,88.0,363,0
LA03969,Railway,Rural,Residential,38.63,7.0,15,0.0,0,0.0,4,10,No,3,No,No,526,38.0,548,0
LA03970,Road,Semi-Urban,Mixed,37.29,9.0,10,2.0,0,1.0,2,14,Yes,5,Yes,Yes,343,86.0,427,1
LA03971,Housing,Rural,Mixed,30.24,6.0,7,1.0,0,1.0,7,9,Yes,3,No,No,212,53.0,205,0
LA03972,Road,Semi-Urban,Residential,49.6,4.0,11,2.0,0,0.0,4,13,No,5,Yes,No,228,49.0,214,0
LA03973,Railway,Rural,Residential,17.61,4.0,5,1.0,0,0.0,4,7,No,8,Yes,Yes,459,35.0,465,0
LA03974,Road,Urban,Agricultural,8.31,7.0,14,0.0,1,3.0,1,9,No,5,No,No,483,49.0,495,0
LA03975,Road,Urban,Residential,33.63,11.0,14,1.0,1,1.0,2,14,No,3,No,No,449,35.0,486,1
LA03976,Road,Urban,Mixed,78.87,9.0,11,0.0,1,0.0,3,12,Yes,5,No,No,400,76.0,589,1
LA03977,Road,Urban,Residential,38.81,11.0,16,1.0,1,,2,13,Yes,2,,No,312,52.0,317,0
LA03978,Road,Rural,Mixed,28.25,11.0,15,0.0,3,4.0,2,16,No,6,No,No,274,92.0,382,1
LA03979,Railway,Rural,Mixed,25.63,8.0,15,0.0,1,1.0,1,11,No,4,No,No,311,49.0,443,1
LA03980,Industrial,Semi-Urban,Mixed,24.37,12.0,17,3.0,1,1.0,3,19,Yes,3,No,No,304,77.0,387,1
LA03981,Road,Semi-Urban,Agricultural,1.89,12.0,18,1.0,1,1.0,5,16,No,3,No,No,389,71.0,382,0
LA03982,Railway,Semi-Urban,Residential,71.95,7.0,12,1.0,0,1.0,0,11,No,3,No,No,597,63.0,605,0
LA03983,Industrial,Semi-Urban,Mixed,22.52,7.0,12,2.0,3,0.0,8,11,No,2,No,No,182,93.0,276,1
LA03984,Road,Rural,Commercial,34.08,5.0,6,1.0,0,1.0,4,12,No,2,Yes,Yes,473,79.0,476,0
LA03985,Railway,Semi-Urban,Mixed,27.02,7.0,9,3.0,1,2.0,4,13,No,6,No,No,474,40.0,450,0
LA03986,Road,Rural,Agricultural,19.67,7.0,10,1.0,2,0.0,7,10,No,3,No,No,297,76.0,268,0
LA03987,Road,Urban,Residential,74.33,4.0,7,0.0,0,1.0,2,7,Yes,3,No,No,391,35.0,411,0
LA03988,Railway,Rural,Mixed,13.96,,9,0.0,3,2.0,0,11,No,3,No,No,128,49.0,131,0
LA03989,Housing,Urban,Mixed,50.75,7.0,9,0.0,1,4.0,2,10,No,3,No,Yes,415,88.0,390,0
LA03990,Housing,Semi-Urban,Residential,9.54,9.0,11,1.0,1,1.0,2,13,Yes,4,No,Yes,381,56.0,458,1
LA03991,Housing,Rural,Commercial,30.43,10.0,14,0.0,1,2.0,2,12,No,4,No,No,467,58.0,470,0
LA03992,Railway,Urban,Residential,67.73,9.0,16,0.0,2,2.0,0,12,No,2,Yes,No,233,75.0,329,1
LA03993,Road,Urban,Agricultural,23.6,6.0,9,0.0,1,0.0,2,12,No,5,No,Yes,331,35.0,319,0
LA03994,Road,Semi-Urban,Agricultural,47.77,11.0,12,1.0,1,2.0,1,13,No,2,No,No,369,37.0,523,1
LA03995,Road,Semi-Urban,Agricultural,22.79,5.0,11,0.0,1,1.0,6,13,No,3,No,No,262,69.0,365,1
LA03996,Road,Rural,Residential,26.48,5.0,10,0.0,1,3.0,4,8,No,3,Yes,No,272,52.0,435,1
LA03997,Road,Rural,Residential,55.31,10.0,11,1.0,0,2.0,4,13,No,6,No,Yes,423,,550,1
LA03998,Railway,Semi-Urban,Agricultural,48.5,4.0,10,1.0,2,0.0,5,12,Yes,2,No,Yes,523,88.0,570,1
LA03999,Road,Rural,Residential,79.42,12.0,17,1.0,0,,3,20,No,6,No,Yes,438,100.0,426,0
LA04000,Road,Semi-Urban,Agricultural,23.53,6.0,9,1.0,1,4.0,4,10,Yes,1,No,No,302,60.0,292,0
LA04001,Airport,Rural,Agricultural,42.56,9.0,17,0.0,4,0.0,4,13,No,6,No,No,427,64.0,507,1
LA04002,Railway,Urban,Commercial,35.47,4.0,7,2.0,0,1.0,4,8,No,6,No,No,455,30.0,471,0
LA04003,Housing,Semi-Urban,Commercial,43.37,6.0,12,0.0,0,0.0,2,14,No,5,Yes,Yes,569,50.0,616,1
LA04004,Road,Urban,Residential,64.37,13.0,16,1.0,1,3.0,2,15,No,7,No,No,330,48.0,446,1
LA04005,Railway,Urban,Residential,20.44,4.0,9,0.0,2,1.0,4,7,No,4,No,Yes,395,44.0,521,1
LA04006,Road,Rural,Mixed,41.4,10.0,15,1.0,3,1.0,6,14,No,7,No,No,260,62.0,367,1
LA04007,Railway,Urban,Mixed,73.78,6.0,9,1.0,1,3.0,2,11,Yes,7,Yes,No,293,61.0,514,1
LA04008,Road,Semi-Urban,Mixed,35.5,8.0,12,2.0,2,1.0,1,15,Yes,4,No,No,271,69.0,437,1
LA04009,Road,Semi-Urban,Mixed,55.04,11.0,13,4.0,2,2.0,0,13,Yes,2,Yes,Yes,327,91.0,483,1
LA04010,Industrial,Urban,Commercial,5.85,10.0,12,0.0,3,2.0,2,12,No,3,No,No,388,56.0,539,1
LA04011,Road,Semi-Urban,Mixed,36.63,3.0,9,1.0,0,1.0,5,10,Yes,6,No,No,190,73.0,182,0
LA04012,Road,Semi-Urban,Agricultural,24.57,6.0,10,,0,,3,9,Yes,3,No,No,415,78.0,449,0
LA04013,Housing,Rural,Mixed,47.99,10.0,14,1.0,1,3.0,2,11,No,10,No,No,283,61.0,382,1
LA04014,Road,Urban,Mixed,41.59,6.0,12,3.0,1,1.0,0,9,No,3,No,No,510,34.0,584,1
LA04015,Industrial,Rural,Mixed,17.77,9.0,10,0.0,1,1.0,5,17,No,2,No,No,370,82.0,375,0
LA04016,Railway,Rural,Agricultural,10.57,10.0,12,0.0,1,0.0,3,15,No,5,No,No,509,65.0,563,1
LA04017,Road,Semi-Urban,Agricultural,104.08,9.0,12,2.0,0,1.0,4,11,Yes,4,No,Yes,334,88.0,439,1
LA04018,Railway,Semi-Urban,Residential,43.86,7.0,10,1.0,1,1.0,3,12,No,6,No,No,471,48.0,457,0
LA04019,Road,Rural,Agricultural,43.15,10.0,15,2.0,0,1.0,3,12,No,3,No,No,417,60.0,413,0
LA04020,Airport,Rural,Mixed,20.0,13.0,17,2.0,3,0.0,0,16,Yes,6,No,No,272,67.0,404,1
LA04021,Road,Urban,Commercial,27.09,7.0,9,0.0,2,0.0,2,11,No,7,No,No,664,84.0,647,0
LA04022,Road,Rural,Residential,74.29,4.0,6,3.0,1,1.0,3,7,Yes,6,No,No,378,79.0,373,0
LA04023,Road,Rural,Commercial,36.01,9.0,14,1.0,1,1.0,3,11,No,4,Yes,No,219,52.0,227,0
LA04024,Housing,Semi-Urban,Agricultural,75.93,10.0,15,0.0,0,2.0,2,16,No,2,Yes,No,375,68.0,500,1
LA04025,Airport,Rural,Agricultural,43.96,9.0,15,3.0,2,,3,10,No,4,No,No,278,82.0,282,0
LA04026,Housing,Semi-Urban,Agricultural,65.56,9.0,14,1.0,1,1.0,8,12,No,2,No,Yes,283,77.0,360,1
LA04027,Industrial,Rural,Agricultural,5.4,14.0,21,0.0,2,1.0,4,19,Yes,3,Yes,No,175,77.0,269,1
LA04028,Industrial,Rural,Commercial,19.15,10.0,16,0.0,1,0.0,2,16,No,6,No,No,240,42.0,234,0
LA04029,Railway,Urban,Commercial,35.54,10.0,13,1.0,0,1.0,3,11,Yes,5,No,Yes,234,55.0,239,0
LA04030,Housing,Urban,Mixed,28.77,4.0,4,1.0,2,2.0,4,8,No,5,No,No,385,97.0,377,0
LA04031,Railway,Urban,Agricultural,48.2,9.0,10,0.0,0,1.0,2,13,Yes,3,No,No,395,72.0,459,1
LA04032,Railway,Rural,Commercial,10.59,,13,0.0,0,0.0,6,11,Yes,3,No,No,240,99.0,247,0
LA04033,Industrial,Semi-Urban,Residential,10.78,6.0,6,0.0,0,1.0,3,10,Yes,3,No,Yes,160,68.0,225,1
LA04034,Railway,Rural,Agricultural,47.0,5.0,9,0.0,0,4.0,2,7,No,4,No,Yes,384,61.0,481,1
LA04035,Road,Semi-Urban,Agricultural,63.75,9.0,11,1.0,3,2.0,4,14,Yes,5,Yes,No,320,82.0,323,0
LA04036,Railway,Urban,Commercial,26.97,8.0,13,0.0,2,0.0,2,11,No,4,Yes,Yes,325,58.0,301,0
LA04037,Road,Rural,Mixed,80.91,4.0,8,1.0,1,3.0,2,6,No,3,No,No,462,64.0,624,1
LA04038,Housing,Semi-Urban,Agricultural,93.01,10.0,13,0.0,0,1.0,4,17,No,7,Yes,No,454,89.0,497,1
LA04039,Railway,Semi-Urban,Mixed,33.07,8.0,11,1.0,0,5.0,8,12,No,6,No,No,448,77.0,589,1
LA04040,Housing,Urban,Agricultural,26.28,9.0,16,1.0,0,1.0,3,13,No,5,No,No,456,19.0,459,0
LA04041,Railway,Urban,Agricultural,21.97,9.0,14,2.0,0,3.0,3,10,No,4,No,Yes,511,15.0,517,0
LA04042,Airport,Urban,Mixed,19.04,7.0,11,0.0,1,1.0,3,11,No,4,,No,381,67.0,373,0
LA04043,Road,Semi-Urban,Commercial,53.22,12.0,14,1.0,2,2.0,4,22,No,2,No,No,494,82.0,503,0
LA04044,Housing,Semi-Urban,Mixed,17.18,5.0,13,0.0,0,0.0,12,8,No,4,No,No,365,52.0,425,1
LA04045,Railway,Urban,Mixed,14.77,5.0,6,2.0,1,2.0,2,11,Yes,6,Yes,Yes,282,60.0,401,1
LA04046,Road,Urban,Residential,18.36,8.0,10,1.0,2,3.0,2,10,No,5,No,No,457,67.0,613,1
LA04047,Road,Urban,Mixed,33.3,4.0,8,4.0,0,1.0,3,7,No,3,No,No,274,75.0,358,1
LA04048,Road,Semi-Urban,Mixed,34.98,2.0,7,2.0,0,0.0,4,5,No,4,Yes,No,527,34.0,504,0
LA04049,Railway,Rural,Agricultural,51.33,15.0,21,1.0,2,3.0,3,19,No,4,No,No,567,61.0,692,1
LA04050,Airport,Semi-Urban,Residential,31.15,10.0,14,1.0,2,0.0,3,13,No,2,No,No,453,56.0,478,0
LA04051,Housing,Urban,Agricultural,9.97,7.0,11,1.0,0,2.0,2,12,No,5,No,Yes,456,45.0,459,0
LA04052,Industrial,Semi-Urban,Mixed,25.41,8.0,12,0.0,3,,3,13,No,3,No,No,428,77.0,438,0
LA04053,Railway,Rural,Mixed,33.9,9.0,15,0.0,1,2.0,4,10,Yes,3,No,Yes,410,73.0,433,0
LA04054,Railway,Rural,Mixed,20.95,10.0,14,0.0,1,1.0,5,12,Yes,5,No,Yes,509,20.0,581,1
LA04055,Housing,Rural,Agricultural,41.49,9.0,10,1.0,3,1.0,4,11,No,2,Yes,Yes,499,138.0,636,1
LA04056,Housing,Rural,Residential,3.23,7.0,9,0.0,1,2.0,4,18,Yes,7,No,No,236,83.0,363,1
LA04057,Road,Semi-Urban,Agricultural,,10.0,16,1.0,4,0.0,3,14,No,4,Yes,No,204,84.0,203,0
LA04058,Housing,Rural,Agricultural,72.0,7.0,11,1.0,1,4.0,5,13,No,7,Yes,Yes,180,82.0,279,1
LA04059,Railway,Urban,Residential,62.58,6.0,12,,0,0.0,6,13,Yes,5,No,No,463,,437,0
LA04060,Housing,Rural,Residential,36.84,12.0,19,2.0,1,1.0,2,16,No,3,Yes,Yes,332,67.0,353,0
LA04061,Housing,Rural,Residential,34.75,8.0,11,2.0,0,0.0,5,10,No,4,Yes,No,337,84.0,305,0
LA04062,Airport,Rural,Residential,45.53,9.0,16,1.0,1,0.0,1,10,No,8,No,Yes,503,56.0,508,0
LA04063,Road,Semi-Urban,Mixed,14.92,7.0,14,1.0,1,1.0,4,11,No,3,Yes,No,436,32.0,439,0
LA04064,Industrial,Rural,Agricultural,59.35,6.0,7,0.0,1,1.0,3,10,No,4,Yes,Yes,511,60.0,518,0
LA04065,Road,Urban,Agricultural,79.39,5.0,10,0.0,1,1.0,5,9,No,2,No,No,281,66.0,289,0
LA04066,Airport,Semi-Urban,Agricultural,30.82,10.0,12,1.0,1,2.0,4,16,No,2,,No,360,76.0,432,1
LA04067,Road,Semi-Urban,Mixed,36.81,10.0,17,2.0,2,1.0,3,14,No,5,,No,451,79.0,439,0
LA04068,Industrial,Semi-Urban,Mixed,51.79,12.0,15,0.0,1,1.0,5,20,No,5,Yes,No,487,91.0,492,0
LA04069,Housing,Semi-Urban,Commercial,19.46,6.0,14,1.0,0,0.0,1,6,Yes,4,Yes,No,466,86.0,531,1
LA04070,Road,Urban,Commercial,81.0,6.0,12,2.0,2,1.0,1,9,No,2,No,No,589,67.0,579,0
LA04071,Railway,Urban,Commercial,102.59,7.0,11,1.0,1,4.0,1,14,No,5,No,Yes,377,50.0,503,1
LA04072,Industrial,Urban,Commercial,48.06,7.0,11,3.0,3,0.0,2,14,No,3,No,Yes,329,73.0,459,1
LA04073,Railway,Semi-Urban,Agricultural,85.09,12.0,20,0.0,2,0.0,5,15,No,3,No,Yes,326,35.0,377,1
LA04074,Road,Semi-Urban,Agricultural,13.36,6.0,10,3.0,1,4.0,2,8,Yes,3,Yes,No,394,33.0,583,1
LA04075,Road,Rural,Agricultural,40.56,10.0,14,0.0,3,4.0,2,15,Yes,2,No,No,217,103.0,332,1
LA04076,Railway,Urban,Agricultural,6.14,8.0,13,2.0,2,1.0,0,11,Yes,3,No,Yes,467,55.0,554,1
LA04077,Industrial,Rural,Residential,25.41,9.0,10,2.0,1,1.0,1,15,No,10,Yes,Yes,485,62.0,591,1
LA04078,Industrial,Semi-Urban,Agricultural,25.84,2.0,4,0.0,3,2.0,3,4,No,2,No,No,432,39.0,434,0
LA04079,Road,Urban,Agricultural,21.24,4.0,7,3.0,1,0.0,3,5,Yes,3,No,Yes,297,,443,1
LA04080,Railway,Urban,Agricultural,13.56,9.0,13,3.0,0,2.0,2,13,No,6,Yes,No,433,41.0,450,0
LA04081,Railway,Semi-Urban,Agricultural,47.71,6.0,9,0.0,0,2.0,6,10,No,1,No,No,360,100.0,386,0
LA04082,Road,Semi-Urban,Residential,18.29,9.0,12,0.0,1,1.0,2,15,No,6,Yes,Yes,510,63.0,577,1
LA04083,Airport,Urban,Agricultural,47.74,8.0,12,0.0,1,1.0,2,15,Yes,5,Yes,No,294,67.0,333,1
LA04084,Road,Urban,Agricultural,32.39,5.0,9,2.0,1,0.0,2,8,No,4,Yes,Yes,483,80.0,570,1
LA04085,Railway,Urban,Commercial,42.18,10.0,17,3.0,2,0.0,1,15,No,1,No,Yes,323,50.0,431,1
LA04086,Housing,Urban,Agricultural,22.83,12.0,18,0.0,0,4.0,1,15,No,4,No,No,267,81.0,331,1
LA04087,Railway,Urban,Residential,32.17,7.0,7,1.0,1,0.0,2,12,No,4,No,No,306,52.0,409,1
LA04088,Industrial,Rural,Residential,114.03,9.0,12,1.0,3,2.0,4,14,No,2,No,No,394,86.0,525,1
LA04089,Road,Semi-Urban,Agricultural,41.24,9.0,15,3.0,5,0.0,7,12,Yes,6,No,Yes,330,120.0,487,1
LA04090,Road,Semi-Urban,Residential,81.15,10.0,15,2.0,0,4.0,2,15,No,6,No,No,441,35.0,444,0
LA04091,Road,Semi-Urban,Agricultural,78.49,13.0,17,2.0,1,,1,16,No,5,,Yes,280,42.0,422,1
LA04092,Airport,Semi-Urban,Agricultural,11.53,10.0,14,2.0,0,2.0,6,13,No,2,Yes,Yes,246,71.0,266,0
LA04093,Housing,Urban,Mixed,78.34,9.0,11,4.0,1,2.0,0,12,Yes,5,,No,382,62.0,528,1
LA04094,Road,Urban,Commercial,32.15,7.0,10,0.0,1,2.0,1,10,No,4,No,No,401,75.0,400,0
LA04095,Road,Urban,Residential,25.81,8.0,16,0.0,0,2.0,3,10,Yes,3,No,Yes,251,56.0,316,1
LA04096,Road,Semi-Urban,Agricultural,15.31,6.0,12,4.0,0,0.0,3,11,No,3,No,No,275,55.0,264,0
LA04097,Industrial,Semi-Urban,Mixed,11.61,11.0,14,2.0,1,0.0,1,14,Yes,8,No,No,534,71.0,519,0
LA04098,Industrial,Semi-Urban,Residential,46.84,4.0,7,0.0,0,1.0,2,12,No,2,No,No,379,73.0,374,0
LA04099,Industrial,Semi-Urban,Mixed,11.24,3.0,6,1.0,0,1.0,5,9,No,5,No,No,124,97.0,112,0
LA04100,Housing,Rural,Agricultural,48.16,11.0,18,3.0,1,2.0,3,16,Yes,5,No,Yes,500,70.0,647,1
LA04101,Road,Urban,Residential,4.06,4.0,10,2.0,1,2.0,4,9,No,6,No,No,494,84.0,599,1
LA04102,Industrial,Semi-Urban,Residential,16.39,2.0,7,1.0,0,2.0,4,3,No,5,Yes,No,411,69.0,416,0
LA04103,Industrial,Semi-Urban,Mixed,28.88,8.0,11,0.0,0,0.0,4,12,No,8,No,No,190,54.0,188,0
LA04104,Road,Rural,Mixed,34.9,11.0,11,1.0,0,1.0,1,15,Yes,4,No,Yes,420,61.0,508,1
LA04105,Housing,Rural,Mixed,17.11,8.0,11,0.0,2,3.0,3,13,No,5,No,Yes,442,51.0,549,1
LA04106,Road,Rural,Agricultural,12.58,6.0,11,0.0,0,1.0,2,10,Yes,3,Yes,No,320,76.0,328,0
LA04107,Airport,Urban,Mixed,26.59,15.0,18,2.0,0,2.0,2,20,No,4,No,No,380,32.0,374,0
LA04108,Airport,Semi-Urban,Residential,21.64,10.0,14,,1,4.0,2,14,No,5,No,No,230,43.0,240,0
LA04109,Housing,Rural,Agricultural,23.78,7.0,12,1.0,2,0.0,5,13,No,5,No,No,390,15.0,371,0
LA04110,Railway,Semi-Urban,Commercial,49.79,7.0,10,0.0,0,0.0,5,12,Yes,3,No,No,318,61.0,315,0
LA04111,Road,Rural,Mixed,70.58,9.0,14,0.0,0,1.0,1,13,No,3,Yes,No,297,23.0,317,0
LA04112,Housing,Semi-Urban,Agricultural,25.5,16.0,23,2.0,0,1.0,0,22,No,5,No,No,466,59.0,459,0
LA04113,Airport,Semi-Urban,Agricultural,49.82,9.0,14,1.0,0,0.0,1,13,Yes,4,Yes,No,289,49.0,269,0
LA04114,Railway,Semi-Urban,Residential,22.16,12.0,20,0.0,1,1.0,1,14,No,2,Yes,Yes,235,54.0,236,0
LA04115,Airport,Semi-Urban,Agricultural,20.86,8.0,10,2.0,0,1.0,4,15,No,1,No,Yes,300,69.0,450,1
LA04116,Road,Rural,Residential,26.48,8.0,13,3.0,3,1.0,1,13,Yes,2,No,Yes,315,101.0,441,1
LA04117,Industrial,Urban,Mixed,64.0,6.0,10,2.0,0,3.0,2,12,No,3,,Yes,287,44.0,290,0
LA04118,Housing,Semi-Urban,Residential,9.08,9.0,11,4.0,3,2.0,2,14,Yes,2,Yes,No,350,97.0,604,1
LA04119,Road,Semi-Urban,Commercial,7.94,9.0,13,2.0,2,1.0,0,12,No,2,No,No,312,67.0,299,0
LA04120,Railway,Rural,Residential,90.98,15.0,20,2.0,0,2.0,5,17,Yes,2,No,No,451,82.0,608,1
LA04121,Housing,Semi-Urban,Agricultural,16.69,9.0,14,1.0,0,1.0,3,16,No,1,No,No,416,54.0,429,0
LA04122,Airport,Rural,Residential,29.19,4.0,7,0.0,3,5.0,1,9,No,4,No,No,259,91.0,353,1
LA04123,Housing,Rural,Agricultural,23.63,5.0,6,2.0,3,4.0,4,7,No,6,No,No,252,112.0,251,0
LA04124,Railway,Urban,Agricultural,79.83,8.0,13,4.0,0,0.0,3,9,No,5,No,No,346,91.0,453,1
LA04125,Housing,Rural,Commercial,63.58,3.0,8,3.0,1,1.0,1,7,Yes,4,Yes,No,367,101.0,496,1
LA04126,Road,Rural,Mixed,12.47,10.0,13,4.0,0,3.0,5,14,No,5,Yes,Yes,359,61.0,471,1
LA04127,Railway,Urban,Agricultural,35.12,9.0,13,1.0,2,1.0,1,14,No,4,No,No,180,141.0,295,1
LA04128,Railway,Semi-Urban,Agricultural,41.64,9.0,12,0.0,3,0.0,3,14,No,4,No,No,383,28.0,370,0
LA04129,Airport,Urban,Mixed,48.88,4.0,6,0.0,1,1.0,6,6,No,6,No,Yes,426,71.0,509,1
LA04130,Housing,Semi-Urban,Residential,5.43,9.0,16,3.0,0,0.0,4,11,No,3,No,No,230,66.0,220,0
LA04131,Airport,Urban,Mixed,7.92,5.0,10,1.0,0,0.0,4,10,No,5,Yes,Yes,540,77.0,631,1
LA04132,Industrial,Rural,Mixed,51.22,4.0,6,1.0,0,0.0,6,10,Yes,3,No,Yes,495,38.0,586,1
LA04133,Railway,Semi-Urban,Mixed,10.95,9.0,13,4.0,0,2.0,5,13,Yes,5,No,No,426,128.0,599,1
LA04134,Railway,Semi-Urban,Agricultural,41.17,8.0,13,6.0,1,1.0,3,14,No,2,No,No,306,72.0,282,0
LA04135,Railway,Urban,Commercial,13.06,3.0,8,1.0,1,0.0,3,11,No,1,No,Yes,304,51.0,285,0
LA04136,Road,Semi-Urban,Agricultural,8.41,10.0,12,4.0,2,2.0,4,12,No,4,Yes,No,323,100.0,346,0
LA04137,Railway,Semi-Urban,Agricultural,16.21,8.0,12,4.0,1,1.0,5,13,Yes,3,No,No,439,66.0,570,1
LA04138,Housing,Semi-Urban,Mixed,31.5,6.0,8,2.0,2,1.0,4,9,Yes,4,No,Yes,334,76.0,544,1
LA04139,Airport,Urban,Residential,39.91,8.0,15,0.0,1,2.0,0,9,No,2,Yes,No,314,61.0,390,1
LA04140,Airport,Urban,Mixed,43.24,7.0,14,,0,1.0,2,13,No,3,No,No,455,70.0,469,0
LA04141,Railway,Semi-Urban,Agricultural,55.29,11.0,18,0.0,1,0.0,8,17,Yes,3,No,No,515,59.0,497,0
LA04142,Railway,Rural,Residential,16.99,9.0,13,0.0,2,1.0,0,14,No,3,No,Yes,158,97.0,252,1
LA04143,Road,Urban,Commercial,53.25,4.0,9,1.0,1,3.0,3,8,No,4,No,No,280,90.0,345,1
LA04144,Railway,Semi-Urban,Mixed,33.67,7.0,7,1.0,2,2.0,2,9,No,3,No,No,159,66.0,134,0
LA04145,Railway,Urban,Agricultural,37.44,5.0,9,0.0,1,1.0,0,6,Yes,3,No,No,307,75.0,365,1
LA04146,Road,Rural,Mixed,120.66,4.0,5,1.0,3,1.0,5,8,Yes,3,No,No,409,87.0,416,0
LA04147,Road,Urban,Agricultural,47.49,12.0,16,3.0,2,0.0,3,13,Yes,3,No,No,382,69.0,382,0
LA04148,Industrial,Semi-Urban,Mixed,27.45,7.0,13,2.0,0,0.0,1,11,No,2,No,No,452,82.0,472,0
LA04149,Railway,Semi-Urban,Commercial,24.22,9.0,12,0.0,1,1.0,3,14,No,4,No,Yes,404,86.0,403,0
LA04150,Railway,Urban,Mixed,,11.0,17,2.0,0,1.0,2,16,Yes,5,No,No,371,79.0,423,1
LA04151,Road,Urban,Residential,9.52,10.0,15,1.0,3,0.0,2,14,No,3,No,Yes,320,64.0,415,1
LA04152,Railway,Semi-Urban,Agricultural,41.13,12.0,21,1.0,1,0.0,2,16,No,5,No,Yes,455,61.0,537,1
LA04153,Railway,Semi-Urban,Mixed,31.44,,12,2.0,2,2.0,3,11,No,3,Yes,Yes,406,54.0,492,1
LA04154,Railway,Rural,Residential,37.12,9.0,11,2.0,4,1.0,5,13,No,4,,Yes,450,90.0,660,1
LA04155,Industrial,Semi-Urban,Agricultural,33.56,9.0,13,4.0,0,0.0,3,12,Yes,2,No,Yes,468,93.0,541,1
LA04156,Road,Rural,Mixed,10.46,9.0,12,3.0,3,0.0,7,11,No,3,No,No,270,95.0,259,0
LA04157,Housing,Semi-Urban,Commercial,48.57,7.0,11,3.0,0,1.0,9,11,Yes,4,No,Yes,404,53.0,490,1
LA04158,Road,Urban,Mixed,20.46,9.0,15,1.0,0,1.0,2,13,Yes,3,No,No,326,85.0,332,0
LA04159,Railway,Urban,Commercial,59.5,9.0,15,2.0,3,1.0,2,15,Yes,6,Yes,No,549,60.0,550,0
LA04160,Road,Semi-Urban,Mixed,51.3,7.0,11,0.0,1,1.0,1,15,Yes,2,No,Yes,407,110.0,500,1
LA04161,Railway,Urban,Agricultural,87.8,13.0,15,1.0,2,2.0,1,19,No,4,No,No,520,71.0,585,1
LA04162,Road,Rural,Commercial,31.65,5.0,14,4.0,1,2.0,1,11,No,7,No,Yes,217,63.0,315,1
LA04163,Housing,Semi-Urban,Mixed,55.32,3.0,5,3.0,5,0.0,0,6,No,4,No,No,375,74.0,397,0
LA04164,Railway,Semi-Urban,Commercial,94.06,6.0,8,1.0,2,0.0,1,14,No,4,No,No,271,71.0,383,1
LA04165,Industrial,Semi-Urban,Residential,19.09,10.0,14,2.0,1,1.0,4,14,Yes,2,No,No,428,85.0,426,0
LA04166,Road,Semi-Urban,Agricultural,64.19,7.0,10,2.0,0,2.0,4,9,No,4,No,Yes,343,,340,0
LA04167,Road,Semi-Urban,Agricultural,46.92,9.0,14,2.0,0,2.0,1,11,No,2,,Yes,297,97.0,283,0
LA04168,Railway,Urban,Mixed,14.48,9.0,17,1.0,2,0.0,2,13,No,5,Yes,No,541,71.0,670,1
LA04169,Railway,Urban,Agricultural,28.97,6.0,14,2.0,1,0.0,6,8,No,8,No,Yes,231,50.0,302,1
LA04170,Railway,Urban,Mixed,132.51,6.0,10,0.0,1,0.0,0,13,No,3,No,No,407,15.0,395,0
LA04171,Housing,Urban,Mixed,61.93,10.0,18,3.0,0,2.0,1,14,No,3,No,No,462,100.0,441,0
LA04172,Airport,Semi-Urban,Residential,43.97,9.0,13,4.0,1,0.0,1,12,No,3,No,No,247,,222,0
LA04173,Housing,Urban,Commercial,19.51,9.0,12,1.0,1,1.0,5,13,Yes,4,No,Yes,432,82.0,498,1
LA04174,Road,Urban,Agricultural,4.21,11.0,16,3.0,1,1.0,3,15,No,3,No,No,258,54.0,389,1
LA04175,Airport,Rural,Residential,11.08,8.0,12,2.0,3,0.0,1,16,No,2,No,Yes,391,45.0,390,0
LA04176,Industrial,Rural,Agricultural,,8.0,11,2.0,0,0.0,3,15,Yes,4,No,No,385,88.0,447,1
LA04177,Industrial,Semi-Urban,Agricultural,32.57,10.0,14,1.0,1,1.0,2,14,Yes,3,No,No,377,82.0,417,1
LA04178,Housing,Semi-Urban,Mixed,72.98,6.0,11,0.0,1,5.0,1,10,No,2,No,Yes,322,66.0,329,0
LA04179,Industrial,Rural,Agricultural,15.99,6.0,13,0.0,0,2.0,2,12,No,7,No,No,470,77.0,542,1
LA04180,Housing,Urban,Residential,14.88,5.0,7,0.0,3,3.0,3,7,No,3,No,No,326,74.0,434,1
LA04181,Airport,Semi-Urban,Agricultural,47.41,8.0,14,1.0,1,3.0,1,14,No,3,No,No,375,41.0,606,1
LA04182,Road,Urban,Mixed,24.59,,15,1.0,3,0.0,4,17,No,4,No,Yes,223,42.0,408,1
LA04183,Industrial,Semi-Urban,Agricultural,24.38,6.0,9,4.0,0,,2,10,No,2,No,No,384,48.0,457,1
LA04184,Railway,Rural,Agricultural,68.36,7.0,7,0.0,0,1.0,2,10,No,4,No,Yes,453,46.0,573,1
LA04185,Housing,Rural,Mixed,14.13,11.0,12,0.0,5,0.0,3,16,No,3,No,No,352,80.0,405,1
LA04186,Housing,Rural,Residential,61.89,8.0,13,1.0,1,0.0,3,11,No,2,No,Yes,484,52.0,479,0
LA04187,Road,Rural,Agricultural,43.6,12.0,18,3.0,0,1.0,4,17,No,3,No,No,195,96.0,204,0
LA04188,Road,Semi-Urban,Agricultural,22.72,8.0,17,1.0,2,2.0,3,14,Yes,4,No,No,505,83.0,595,1
LA04189,Road,Rural,Commercial,31.84,13.0,15,0.0,1,0.0,0,18,No,6,No,No,376,67.0,379,0
LA04190,Railway,Semi-Urban,Mixed,17.39,9.0,14,1.0,2,2.0,1,15,No,7,Yes,Yes,220,66.0,359,1
LA04191,Road,Semi-Urban,Residential,28.16,8.0,9,0.0,1,1.0,3,10,Yes,6,No,Yes,484,78.0,652,1
LA04192,Airport,Urban,Mixed,90.82,7.0,11,,0,1.0,2,10,Yes,5,No,No,537,72.0,565,0
LA04193,Industrial,Semi-Urban,Commercial,18.95,5.0,8,4.0,1,3.0,3,8,Yes,2,Yes,Yes,365,94.0,544,1
LA04194,Housing,Urban,Mixed,7.0,6.0,11,1.0,1,3.0,2,14,No,6,No,No,345,89.0,339,0
LA04195,Road,Semi-Urban,Mixed,32.53,11.0,17,3.0,1,0.0,2,16,Yes,2,No,No,171,42.0,291,1
LA04196,Railway,Urban,Mixed,80.91,10.0,18,1.0,2,1.0,3,16,Yes,3,No,No,420,79.0,570,1
LA04197,Road,Semi-Urban,Residential,37.89,6.0,11,1.0,1,0.0,7,10,No,6,No,No,550,,631,1
LA04198,Housing,Urban,Agricultural,26.89,11.0,16,4.0,0,2.0,0,16,No,6,No,No,292,59.0,428,1
LA04199,Road,Urban,Mixed,26.02,8.0,9,3.0,0,3.0,1,12,No,6,Yes,No,168,61.0,333,1
LA04200,Road,Semi-Urban,Agricultural,63.07,8.0,12,0.0,1,0.0,3,11,No,4,Yes,No,486,39.0,473,0
LA04201,Road,Urban,Agricultural,41.21,7.0,9,0.0,2,1.0,6,10,Yes,6,No,No,328,58.0,504,1
LA04202,Housing,Rural,Mixed,47.32,7.0,15,0.0,0,0.0,2,16,No,5,No,No,222,17.0,255,0
LA04203,Road,Semi-Urban,Mixed,35.74,6.0,10,1.0,1,1.0,3,12,Yes,2,No,Yes,448,61.0,581,1
LA04204,Industrial,Semi-Urban,Commercial,56.38,8.0,15,1.0,0,1.0,2,12,No,2,Yes,No,405,77.0,383,0
LA04205,Airport,Urban,Mixed,90.82,6.0,10,1.0,1,2.0,0,10,No,4,No,No,414,67.0,420,0
LA04206,Airport,Rural,Residential,97.84,10.0,14,1.0,1,2.0,0,16,No,2,No,No,402,86.0,396,0
LA04207,Road,Semi-Urban,Mixed,32.14,11.0,12,1.0,3,1.0,3,18,No,5,No,Yes,283,61.0,417,1
LA04208,Road,Semi-Urban,Mixed,40.7,8.0,9,2.0,0,1.0,2,14,No,2,No,No,378,81.0,497,1
LA04209,Railway,Urban,Residential,88.35,11.0,16,0.0,2,0.0,3,16,No,3,,No,296,71.0,418,1
LA04210,Road,Rural,Residential,35.67,9.0,15,3.0,1,2.0,1,13,Yes,7,Yes,No,368,77.0,633,1
LA04211,Industrial,Rural,Mixed,62.5,4.0,8,1.0,0,0.0,4,6,No,3,Yes,No,607,,605,0
LA04212,Railway,Semi-Urban,Agricultural,16.43,12.0,14,2.0,0,0.0,2,16,No,4,No,No,276,64.0,300,0
LA04213,Railway,Urban,Residential,,7.0,7,3.0,0,0.0,2,12,Yes,6,No,No,271,72.0,284,0
LA04214,Road,Urban,Residential,104.46,8.0,12,2.0,2,0.0,3,13,No,7,,No,398,79.0,498,1
LA04215,Industrial,Urban,Agricultural,53.26,11.0,17,0.0,2,2.0,5,12,No,2,No,No,293,76.0,406,1
LA04216,Road,Rural,Agricultural,29.23,15.0,15,0.0,1,2.0,4,20,No,3,No,No,360,30.0,370,0
LA04217,Industrial,Rural,Mixed,21.75,11.0,14,2.0,1,0.0,4,14,No,5,Yes,No,431,66.0,438,0
LA04218,Road,Rural,Commercial,26.07,13.0,17,1.0,2,,3,19,No,2,No,No,515,64.0,630,1
LA04219,Housing,Rural,Commercial,11.49,11.0,16,2.0,2,0.0,4,15,Yes,2,No,Yes,327,84.0,327,0
LA04220,Industrial,Urban,Residential,50.34,10.0,14,3.0,1,1.0,3,15,No,8,Yes,No,478,88.0,593,1
LA04221,Road,Rural,Agricultural,47.01,8.0,10,2.0,1,2.0,6,9,Yes,3,Yes,No,524,108.0,629,1
LA04222,Road,Urban,Agricultural,46.28,11.0,13,,1,0.0,5,16,Yes,2,,Yes,372,84.0,471,1
LA04223,Road,Urban,Mixed,76.06,11.0,14,1.0,1,0.0,0,12,No,7,No,No,268,59.0,267,0
LA04224,Road,Semi-Urban,Mixed,34.26,10.0,16,0.0,1,2.0,2,16,Yes,6,No,No,310,100.0,395,1
LA04225,Road,Urban,Agricultural,43.66,11.0,12,0.0,2,3.0,1,14,No,5,No,Yes,362,75.0,442,1
LA04226,Housing,Rural,Mixed,7.33,8.0,11,1.0,0,3.0,3,11,No,6,No,No,476,92.0,495,0
LA04227,Industrial,Rural,Residential,53.61,5.0,9,2.0,1,3.0,5,10,No,3,No,No,401,86.0,415,0
LA04228,Road,Rural,Agricultural,47.79,9.0,15,2.0,0,,3,13,Yes,3,Yes,No,221,43.0,369,1
LA04229,Industrial,Rural,Mixed,12.8,10.0,14,0.0,0,0.0,1,17,Yes,5,No,No,563,64.0,582,0
LA04230,Road,Semi-Urban,Agricultural,29.32,8.0,8,1.0,1,2.0,5,14,No,3,Yes,Yes,333,59.0,366,0
LA04231,Housing,Urban,Mixed,69.39,7.0,14,1.0,3,3.0,2,9,Yes,5,No,No,370,,524,1
LA04232,Road,Rural,Residential,42.74,6.0,9,1.0,2,1.0,6,9,Yes,7,No,No,411,83.0,505,1
LA04233,Airport,Semi-Urban,Mixed,20.46,9.0,12,1.0,3,0.0,4,13,No,6,No,Yes,356,23.0,354,0
LA04234,Airport,Rural,Residential,47.88,10.0,11,0.0,0,2.0,1,12,Yes,6,No,Yes,381,74.0,467,1
LA04235,Road,Urban,Residential,98.29,6.0,12,0.0,2,0.0,6,10,No,6,No,No,382,70.0,401,0
LA04236,Road,Urban,Agricultural,9.71,9.0,13,2.0,1,0.0,2,13,Yes,6,Yes,No,430,71.0,418,0
LA04237,Railway,Semi-Urban,Mixed,52.35,9.0,15,2.0,1,0.0,9,12,Yes,2,Yes,No,355,112.0,432,1
LA04238,Housing,Semi-Urban,Agricultural,41.59,10.0,14,0.0,1,0.0,1,20,No,4,No,Yes,357,51.0,448,1
LA04239,Railway,Rural,Commercial,11.78,7.0,11,1.0,2,2.0,6,11,Yes,6,No,No,330,79.0,405,1
LA04240,Industrial,Rural,Residential,42.93,7.0,9,0.0,2,0.0,5,13,No,3,No,No,417,72.0,466,1
LA04241,Airport,Urban,Residential,22.02,6.0,9,2.0,0,2.0,6,8,No,3,No,No,457,43.0,461,0
LA04242,Housing,Semi-Urban,Residential,,9.0,12,0.0,3,2.0,2,13,No,5,No,Yes,395,59.0,455,1
LA04243,Railway,Urban,Mixed,48.06,9.0,14,0.0,2,0.0,3,13,No,4,No,No,437,67.0,541,1
LA04244,Railway,Urban,Residential,46.79,7.0,11,0.0,1,1.0,5,8,No,2,No,No,306,38.0,336,0
LA04245,Airport,Semi-Urban,Agricultural,46.15,8.0,11,0.0,1,4.0,4,11,Yes,3,No,No,480,92.0,571,1
LA04246,Road,Semi-Urban,Commercial,132.15,9.0,11,0.0,0,3.0,3,13,No,3,Yes,No,232,27.0,221,0
LA04247,Housing,Semi-Urban,Agricultural,30.24,8.0,11,0.0,0,4.0,3,13,No,4,No,No,385,92.0,403,0
LA04248,Road,Semi-Urban,Agricultural,14.06,7.0,14,0.0,1,0.0,5,8,Yes,4,Yes,Yes,366,46.0,349,0
LA04249,Road,Semi-Urban,Residential,52.75,7.0,11,2.0,4,2.0,3,10,Yes,2,No,No,476,81.0,484,0
LA04250,Housing,Rural,Agricultural,41.41,7.0,10,2.0,0,0.0,1,12,Yes,5,No,No,382,55.0,369,0
LA04251,Road,Urban,Commercial,22.87,6.0,14,1.0,1,1.0,2,10,No,4,No,No,362,79.0,464,1
LA04252,Road,Urban,Residential,21.68,7.0,17,1.0,0,3.0,6,14,No,3,No,No,374,49.0,469,1
LA04253,Road,Rural,Commercial,79.28,13.0,16,1.0,1,2.0,1,18,Yes,4,No,No,413,80.0,536,1
LA04254,Railway,Rural,Residential,4.94,10.0,14,1.0,3,2.0,1,16,Yes,3,No,Yes,383,87.0,482,1
LA04255,Housing,Rural,Mixed,40.76,11.0,16,3.0,0,1.0,2,16,No,4,No,No,237,74.0,267,0
LA04256,Road,Urban,Mixed,21.03,8.0,11,1.0,1,1.0,1,12,No,4,Yes,Yes,309,72.0,299,0
LA04257,Road,Semi-Urban,Residential,44.74,7.0,13,0.0,0,1.0,3,10,Yes,6,No,No,463,72.0,458,0
LA04258,Railway,Rural,Agricultural,18.53,11.0,17,3.0,3,1.0,5,12,No,2,No,No,422,103.0,418,0
LA04259,Housing,Semi-Urban,Agricultural,45.47,6.0,7,0.0,2,4.0,1,8,No,2,No,Yes,352,58.0,462,1
LA04260,Road,Semi-Urban,Mixed,66.78,12.0,16,1.0,3,1.0,2,15,Yes,1,No,No,384,,374,0
LA04261,Housing,Rural,Agricultural,23.34,14.0,14,3.0,0,1.0,3,20,No,3,No,No,158,71.0,164,0
LA04262,Housing,Urban,Commercial,26.07,7.0,10,0.0,0,3.0,4,13,No,5,No,No,422,98.0,540,1
LA04263,Road,Rural,Residential,44.32,10.0,12,0.0,3,0.0,1,14,No,4,No,No,454,46.0,456,0
LA04264,Housing,Rural,Residential,55.8,7.0,11,2.0,2,1.0,2,10,No,5,No,No,454,85.0,463,0
LA04265,Industrial,Urban,Commercial,116.71,7.0,15,1.0,1,5.0,2,8,No,3,Yes,No,514,63.0,613,1
LA04266,Railway,Rural,Commercial,26.5,6.0,8,1.0,1,1.0,2,7,No,2,No,No,556,53.0,563,0
LA04267,Railway,Semi-Urban,Mixed,26.06,9.0,12,0.0,1,2.0,1,13,Yes,4,No,Yes,274,66.0,371,1
LA04268,Housing,Rural,Mixed,14.92,7.0,12,1.0,1,1.0,6,11,No,5,No,No,546,48.0,641,1
LA04269,Airport,Rural,Commercial,3.52,7.0,9,2.0,0,2.0,3,11,No,4,Yes,Yes,399,57.0,542,1
LA04270,Airport,Rural,Agricultural,67.18,6.0,15,3.0,0,0.0,2,8,No,4,Yes,No,336,29.0,307,0
LA04271,Housing,Urban,Mixed,31.29,13.0,16,1.0,1,2.0,4,18,No,7,No,No,546,72.0,695,1
LA04272,Railway,Rural,Mixed,14.49,6.0,11,0.0,0,0.0,2,9,Yes,6,No,No,610,47.0,694,1
LA04273,Housing,Rural,Mixed,60.6,8.0,19,0.0,1,2.0,3,13,No,3,No,Yes,508,26.0,611,1
LA04274,Housing,Semi-Urban,Mixed,63.85,8.0,14,0.0,0,3.0,7,14,No,6,No,Yes,379,69.0,378,0
LA04275,Road,Semi-Urban,Agricultural,52.67,9.0,14,1.0,2,2.0,4,13,Yes,3,No,Yes,346,87.0,426,1
LA04276,Road,Urban,Commercial,25.83,7.0,10,2.0,2,1.0,3,9,No,5,No,No,339,62.0,426,1
LA04277,Railway,Rural,Commercial,41.93,4.0,6,1.0,1,3.0,3,5,No,2,No,Yes,480,33.0,461,0
LA04278,Housing,Urban,Residential,16.58,9.0,13,0.0,3,0.0,1,12,Yes,3,No,No,334,48.0,343,0
LA04279,Road,Urban,Commercial,54.48,6.0,8,1.0,3,1.0,1,10,No,5,No,No,480,86.0,547,1
LA04280,Airport,Rural,Agricultural,22.38,4.0,13,1.0,1,1.0,2,6,No,2,No,No,410,64.0,392,0
LA04281,Road,Rural,Agricultural,72.26,11.0,15,0.0,3,0.0,2,11,No,2,No,No,359,22.0,384,0
LA04282,Railway,Rural,Residential,48.52,4.0,8,1.0,1,2.0,4,10,No,2,No,No,399,79.0,376,0
LA04283,Industrial,Semi-Urban,Commercial,12.1,7.0,9,1.0,1,4.0,2,8,No,5,No,No,423,72.0,434,0
LA04284,Road,Urban,Commercial,67.3,7.0,9,1.0,0,2.0,2,12,No,6,No,No,387,95.0,357,0
LA04285,Housing,Semi-Urban,Agricultural,63.83,6.0,8,1.0,0,2.0,0,12,Yes,3,No,No,456,60.0,506,1
LA04286,Road,Urban,Residential,58.34,6.0,9,1.0,3,2.0,0,15,No,4,,No,453,,517,1
LA04287,Housing,Rural,Agricultural,60.46,6.0,8,1.0,0,2.0,0,14,No,3,No,No,476,83.0,596,1
LA04288,Road,Semi-Urban,Residential,34.42,11.0,13,0.0,1,0.0,2,12,Yes,4,Yes,No,375,91.0,440,1
LA04289,Housing,Semi-Urban,Agricultural,41.43,7.0,10,1.0,1,0.0,3,12,No,4,No,Yes,301,81.0,293,0
LA04290,Industrial,Urban,Agricultural,29.88,7.0,13,1.0,0,1.0,1,11,Yes,2,No,No,571,60.0,670,1
LA04291,Road,Semi-Urban,Mixed,7.26,10.0,16,0.0,1,0.0,3,12,No,2,No,No,265,79.0,445,1
LA04292,Road,Rural,Agricultural,47.98,6.0,10,2.0,0,1.0,3,10,No,2,No,Yes,437,69.0,433,0
LA04293,Road,Rural,Agricultural,9.6,8.0,12,0.0,0,1.0,2,13,Yes,3,No,Yes,391,46.0,554,1
LA04294,Industrial,Urban,Mixed,14.88,7.0,16,1.0,2,0.0,7,14,No,4,Yes,Yes,362,80.0,524,1
LA04295,Housing,Urban,Agricultural,21.46,6.0,10,3.0,2,0.0,3,11,No,3,Yes,No,488,59.0,499,0
LA04296,Railway,Semi-Urban,Mixed,35.97,16.0,25,1.0,1,1.0,4,20,No,4,Yes,Yes,402,27.0,407,0
LA04297,Railway,Urban,Residential,102.4,9.0,12,0.0,0,1.0,4,15,Yes,3,No,No,326,65.0,373,1
LA04298,Industrial,Rural,Agricultural,21.32,13.0,16,1.0,0,2.0,4,21,No,4,No,Yes,257,68.0,333,1
LA04299,Railway,Semi-Urban,Residential,107.73,2.0,10,2.0,2,1.0,5,6,Yes,4,No,No,453,86.0,576,1
LA04300,Industrial,Urban,Agricultural,62.64,7.0,14,2.0,1,,4,11,No,5,No,No,307,51.0,420,1
LA04301,Railway,Rural,Mixed,44.04,6.0,10,2.0,1,2.0,4,11,No,4,No,No,431,67.0,437,0
LA04302,Airport,Semi-Urban,Commercial,19.5,5.0,11,1.0,2,3.0,3,10,No,7,No,Yes,334,33.0,344,0
LA04303,Housing,Urban,Commercial,36.34,10.0,15,2.0,0,4.0,4,19,Yes,6,No,No,321,76.0,332,0
LA04304,Railway,Semi-Urban,Residential,38.45,11.0,16,4.0,0,0.0,1,12,No,6,No,No,432,79.0,562,1
LA04305,Road,Urban,Mixed,54.0,7.0,13,4.0,1,1.0,2,11,No,3,Yes,No,330,78.0,529,1
LA04306,Road,Semi-Urban,Agricultural,20.32,12.0,14,1.0,0,2.0,3,13,No,3,No,No,427,68.0,563,1
LA04307,Industrial,Rural,Residential,63.9,8.0,15,2.0,0,1.0,3,13,No,6,Yes,No,395,68.0,546,1
LA04308,Road,Rural,Mixed,33.45,6.0,10,1.0,2,2.0,4,12,No,3,No,No,443,60.0,452,0
LA04309,Housing,Urban,Agricultural,47.88,11.0,12,0.0,1,4.0,3,13,No,1,Yes,Yes,254,70.0,251,0
LA04310,Industrial,Semi-Urban,Agricultural,31.52,7.0,9,2.0,0,0.0,4,8,No,4,No,No,298,33.0,299,0
LA04311,Railway,Urban,Residential,78.2,7.0,10,1.0,4,0.0,2,11,No,3,No,No,434,43.0,414,0
LA04312,Airport,Semi-Urban,Residential,15.66,10.0,11,2.0,1,2.0,0,18,No,3,No,No,306,77.0,312,0
LA04313,Road,Urban,Mixed,42.26,8.0,12,0.0,1,4.0,2,11,No,1,No,No,415,82.0,463,1
LA04314,Housing,Semi-Urban,Agricultural,11.86,4.0,5,3.0,3,2.0,3,7,No,4,No,Yes,403,66.0,391,0
LA04315,Road,Urban,Mixed,50.54,8.0,12,1.0,0,2.0,4,8,No,4,Yes,No,406,70.0,395,0
LA04316,Industrial,Rural,Residential,14.6,11.0,12,3.0,0,1.0,2,12,No,3,,No,356,35.0,527,1
LA04317,Housing,Rural,Commercial,28.65,6.0,9,0.0,1,1.0,5,10,No,4,No,Yes,337,46.0,371,1
LA04318,Airport,Urban,Commercial,26.19,4.0,7,3.0,2,1.0,2,9,Yes,2,No,No,507,107.0,509,0
LA04319,Housing,Rural,Commercial,124.64,,8,1.0,1,0.0,3,6,No,3,Yes,No,209,73.0,197,0
LA04320,Railway,Urban,Agricultural,19.96,5.0,7,0.0,1,2.0,1,7,No,3,No,Yes,266,15.0,289,0
LA04321,Housing,Rural,Agricultural,64.23,7.0,11,0.0,0,,4,11,No,4,No,No,466,36.0,464,0
LA04322,Industrial,Urban,Commercial,3.34,6.0,10,2.0,1,3.0,3,8,No,3,Yes,Yes,341,96.0,434,1
LA04323,Industrial,Urban,Mixed,36.04,10.0,12,2.0,1,1.0,3,12,No,4,No,No,401,78.0,402,0
LA04324,Road,Semi-Urban,Agricultural,80.41,7.0,10,4.0,0,3.0,6,13,No,2,Yes,No,293,78.0,298,0
LA04325,Road,Semi-Urban,Agricultural,7.71,13.0,19,2.0,1,1.0,2,17,No,2,Yes,No,121,92.0,231,1
LA04326,Industrial,Semi-Urban,Commercial,62.4,13.0,17,0.0,0,1.0,6,14,No,3,Yes,No,269,29.0,269,0
LA04327,Road,Semi-Urban,Agricultural,31.71,6.0,9,6.0,0,0.0,0,8,Yes,3,No,No,435,78.0,622,1
LA04328,Airport,Urban,Residential,4.7,8.0,13,2.0,2,0.0,3,11,Yes,6,Yes,No,278,107.0,351,1
LA04329,Housing,Urban,Mixed,68.3,7.0,10,1.0,1,1.0,3,12,No,2,No,No,412,52.0,549,1
LA04330,Housing,Semi-Urban,Residential,52.19,11.0,15,3.0,0,2.0,3,15,No,4,No,No,359,53.0,364,0
LA04331,Road,Semi-Urban,Residential,17.77,6.0,13,2.0,0,0.0,1,8,No,8,Yes,No,315,32.0,318,0
LA04332,Housing,Urban,Commercial,54.33,10.0,13,1.0,0,1.0,1,13,No,4,Yes,No,439,63.0,484,1
LA04333,Road,Semi-Urban,Residential,8.32,11.0,16,1.0,0,0.0,3,19,Yes,4,No,No,256,70.0,259,0
LA04334,Railway,Semi-Urban,Residential,22.5,10.0,12,1.0,1,1.0,6,15,No,3,No,No,347,81.0,429,1
LA04335,Housing,Semi-Urban,Residential,35.4,9.0,12,1.0,2,1.0,1,16,No,4,No,Yes,515,51.0,606,1
LA04336,Road,Rural,Residential,34.1,5.0,9,0.0,0,2.0,5,8,No,5,No,No,374,58.0,443,1
LA04337,Road,Semi-Urban,Agricultural,46.9,8.0,11,2.0,1,0.0,5,14,No,4,Yes,No,432,63.0,442,0
LA04338,Road,Semi-Urban,Mixed,122.7,4.0,9,0.0,0,1.0,4,9,No,3,Yes,No,367,30.0,389,0
LA04339,Railway,Semi-Urban,Agricultural,14.44,9.0,10,4.0,2,1.0,4,11,No,2,No,Yes,352,63.0,502,1
LA04340,Housing,Urban,Agricultural,40.31,7.0,9,5.0,0,0.0,5,11,No,3,No,No,458,83.0,554,1
LA04341,Road,Urban,Commercial,41.07,6.0,11,4.0,1,0.0,2,15,No,4,No,No,120,46.0,113,0
LA04342,Road,Urban,Agricultural,72.42,11.0,15,1.0,1,1.0,1,15,Yes,5,No,No,300,80.0,308,0
LA04343,Industrial,Rural,Agricultural,33.94,6.0,11,0.0,1,1.0,6,8,No,5,No,Yes,378,52.0,451,1
LA04344,Road,Urban,Agricultural,6.49,5.0,6,0.0,0,1.0,4,11,No,4,No,No,430,42.0,487,1
LA04345,Airport,Semi-Urban,Agricultural,37.55,12.0,13,0.0,1,1.0,2,12,No,2,No,No,255,50.0,277,0
LA04346,Housing,Semi-Urban,Agricultural,5.63,6.0,12,0.0,2,3.0,3,10,No,4,No,No,469,82.0,463,0
LA04347,Airport,Semi-Urban,Residential,68.05,9.0,11,2.0,1,0.0,1,12,No,4,No,No,349,64.0,356,0
LA04348,Housing,Rural,Mixed,35.09,9.0,15,1.0,2,1.0,5,13,Yes,2,No,No,365,68.0,453,1
LA04349,Railway,Semi-Urban,Mixed,45.59,8.0,12,0.0,1,1.0,2,11,No,4,,No,564,,570,0
LA04350,Housing,Urban,Mixed,15.89,8.0,10,1.0,0,1.0,5,12,Yes,4,No,No,437,51.0,508,1
LA04351,Road,Rural,Residential,16.56,8.0,15,1.0,2,1.0,3,11,No,6,No,No,371,80.0,363,0
LA04352,Road,Semi-Urban,Mixed,51.74,9.0,13,0.0,1,1.0,3,12,No,3,No,No,419,60.0,405,0
LA04353,Industrial,Urban,Agricultural,28.6,6.0,10,3.0,1,0.0,4,10,No,3,No,No,306,69.0,367,0
LA04354,Road,Rural,Residential,20.08,11.0,16,0.0,2,0.0,3,14,No,4,Yes,Yes,381,47.0,487,1
LA04355,Housing,Semi-Urban,Mixed,80.39,9.0,14,0.0,3,3.0,3,12,No,5,No,No,546,107.0,665,1
LA04356,Industrial,Urban,Mixed,38.23,6.0,10,0.0,1,1.0,3,10,No,3,No,No,566,64.0,599,1
LA04357,Housing,Rural,Residential,22.32,8.0,12,1.0,1,4.0,4,16,No,4,No,No,194,68.0,193,0
LA04358,Road,Semi-Urban,Mixed,39.88,11.0,17,1.0,0,0.0,2,12,No,5,No,No,403,59.0,406,0
LA04359,Railway,Semi-Urban,Residential,25.46,4.0,11,3.0,0,0.0,5,9,No,2,No,No,246,67.0,237,0
LA04360,Airport,Urban,Agricultural,48.82,9.0,14,1.0,0,0.0,1,15,No,5,Yes,Yes,256,44.0,341,1
LA04361,Road,Urban,Residential,15.11,7.0,9,1.0,0,1.0,2,12,No,4,No,No,473,46.0,456,0
LA04362,Railway,Semi-Urban,Residential,68.77,7.0,9,1.0,2,1.0,1,8,No,6,Yes,No,424,72.0,441,0
LA04363,Industrial,Semi-Urban,Mixed,25.44,9.0,13,4.0,0,0.0,8,10,No,3,No,No,253,54.0,268,0
LA04364,Housing,Semi-Urban,Agricultural,11.49,6.0,15,2.0,1,1.0,4,15,No,4,No,Yes,435,73.0,543,1
LA04365,Airport,Rural,Residential,12.8,8.0,12,1.0,2,1.0,3,10,No,3,No,No,429,83.0,434,0
LA04366,Road,Urban,Mixed,30.11,9.0,11,4.0,2,2.0,2,9,Yes,5,No,No,304,86.0,282,0
LA04367,Railway,Rural,Mixed,20.19,11.0,14,2.0,1,0.0,4,13,Yes,3,No,No,539,54.0,662,1
LA04368,Industrial,Rural,Mixed,9.57,12.0,20,0.0,3,0.0,1,16,Yes,3,Yes,No,380,84.0,460,1
LA04369,Road,Rural,Mixed,10.08,9.0,15,0.0,0,2.0,1,12,Yes,5,Yes,Yes,343,61.0,341,0
LA04370,Railway,Rural,Mixed,35.35,5.0,13,0.0,1,2.0,3,7,No,6,Yes,No,646,36.0,775,1
LA04371,Road,Rural,Commercial,41.45,,6,1.0,0,0.0,4,8,No,6,Yes,Yes,436,101.0,441,0
LA04372,Road,Urban,Agricultural,37.11,10.0,13,1.0,1,0.0,1,14,Yes,8,No,No,332,48.0,328,0
LA04373,Railway,Semi-Urban,Mixed,78.89,8.0,15,2.0,2,2.0,3,18,Yes,7,No,No,361,66.0,470,1
LA04374,Road,Rural,Residential,45.59,6.0,9,0.0,1,1.0,3,13,Yes,6,No,No,312,31.0,409,1
LA04375,Industrial,Semi-Urban,Residential,22.12,9.0,13,0.0,1,2.0,3,11,Yes,6,No,No,286,90.0,332,1
LA04376,Road,Urban,Agricultural,150.0,9.0,13,0.0,2,1.0,4,14,No,7,No,No,427,22.0,590,1
LA04377,Airport,Rural,Residential,17.18,10.0,14,1.0,1,0.0,2,10,Yes,3,No,No,421,53.0,495,1
LA04378,Road,Urban,Commercial,8.52,12.0,17,2.0,2,3.0,0,20,Yes,4,No,No,541,96.0,631,1
LA04379,Housing,Urban,Mixed,53.6,,14,1.0,2,1.0,4,15,No,2,Yes,No,309,75.0,418,1
LA04380,Road,Urban,Agricultural,102.78,8.0,10,2.0,1,1.0,2,10,No,5,Yes,No,486,86.0,576,1
LA04381,Railway,Semi-Urban,Agricultural,61.07,5.0,8,2.0,1,0.0,3,8,No,1,No,No,257,56.0,382,1
LA04382,Road,Semi-Urban,Agricultural,,4.0,4,6.0,1,0.0,4,7,No,5,Yes,No,377,95.0,384,0
LA04383,Road,Semi-Urban,Commercial,18.73,8.0,9,1.0,1,1.0,3,11,No,4,No,No,417,61.0,516,1
LA04384,Railway,Rural,Residential,51.12,8.0,12,2.0,1,0.0,2,13,Yes,3,No,Yes,396,56.0,389,0
LA04385,Housing,Semi-Urban,Residential,30.02,6.0,10,2.0,0,1.0,0,10,No,2,No,No,370,59.0,434,1
LA04386,Housing,Semi-Urban,Commercial,27.65,8.0,10,1.0,1,2.0,4,18,Yes,4,No,No,292,89.0,368,1
LA04387,Road,Rural,Agricultural,82.98,6.0,7,3.0,0,3.0,0,6,No,3,Yes,No,271,75.0,279,0
LA04388,Road,Rural,Agricultural,6.71,12.0,16,4.0,1,2.0,1,14,No,4,No,Yes,284,108.0,305,0
LA04389,Airport,Urban,Agricultural,44.05,4.0,9,3.0,0,0.0,6,8,Yes,8,No,No,338,100.0,465,1
LA04390,Industrial,Urban,Residential,19.83,8.0,11,0.0,1,1.0,4,10,No,5,Yes,No,392,71.0,500,1
LA04391,Road,Semi-Urban,Commercial,34.27,8.0,16,1.0,1,0.0,3,11,Yes,3,No,No,313,57.0,300,0
LA04392,Airport,Rural,Agricultural,16.73,,8,2.0,0,1.0,3,8,Yes,5,Yes,No,370,59.0,370,0
LA04393,Railway,Semi-Urban,Agricultural,30.04,9.0,14,0.0,0,1.0,2,12,No,8,No,No,282,70.0,312,1
LA04394,Industrial,Urban,Mixed,137.52,,12,1.0,0,0.0,2,12,No,4,No,No,437,66.0,410,0
LA04395,Railway,Rural,Commercial,57.32,6.0,9,3.0,0,1.0,3,8,No,8,No,No,417,78.0,606,1
LA04396,Railway,Semi-Urban,Residential,51.09,8.0,15,0.0,1,2.0,2,13,No,5,Yes,Yes,427,75.0,427,0
LA04397,Road,Semi-Urban,Commercial,34.95,,16,3.0,1,1.0,2,12,No,4,No,No,381,50.0,381,0
LA04398,Airport,Rural,Residential,32.77,10.0,10,0.0,5,3.0,3,13,No,4,Yes,No,519,110.0,764,1
LA04399,Road,Rural,Residential,36.63,6.0,9,0.0,2,1.0,2,10,No,4,No,No,290,77.0,258,0
LA04400,Airport,Semi-Urban,Commercial,47.59,12.0,16,3.0,2,1.0,1,15,No,4,No,No,405,67.0,397,0
LA04401,Airport,Semi-Urban,Residential,58.03,9.0,14,2.0,1,1.0,3,12,Yes,4,No,No,352,127.0,470,1
LA04402,Airport,Semi-Urban,Residential,110.69,13.0,15,0.0,1,3.0,3,18,No,8,No,No,343,76.0,430,1
LA04403,Road,Semi-Urban,Mixed,28.76,9.0,12,1.0,2,1.0,2,18,No,3,No,No,511,61.0,597,1
LA04404,Road,Semi-Urban,Commercial,81.69,8.0,15,1.0,0,,3,10,No,4,No,No,401,64.0,389,0
LA04405,Railway,Rural,Mixed,111.47,5.0,11,2.0,0,0.0,1,8,Yes,4,No,No,266,69.0,269,0
LA04406,Industrial,Semi-Urban,Mixed,60.96,5.0,8,4.0,1,4.0,0,6,No,4,No,Yes,226,103.0,257,0
LA04407,Housing,Semi-Urban,Agricultural,32.36,11.0,14,1.0,1,0.0,1,13,No,4,Yes,No,348,34.0,411,1
LA04408,Railway,Urban,Commercial,61.22,7.0,10,2.0,0,0.0,2,12,Yes,5,No,No,332,71.0,399,1
LA04409,Housing,Rural,Agricultural,9.14,4.0,10,1.0,2,4.0,3,7,No,2,No,No,332,52.0,338,0
LA04410,Road,Semi-Urban,Commercial,99.62,10.0,13,5.0,0,4.0,3,15,Yes,5,No,Yes,323,92.0,450,1
LA04411,Railway,Urban,Agricultural,64.8,7.0,12,1.0,1,0.0,4,9,No,6,No,No,263,50.0,286,0
LA04412,Road,Semi-Urban,Residential,31.4,14.0,18,0.0,0,0.0,1,19,No,5,No,No,370,81.0,494,1
LA04413,Airport,Urban,Residential,29.73,6.0,8,1.0,2,1.0,3,11,Yes,5,No,Yes,526,81.0,527,0
LA04414,Road,Rural,Mixed,11.24,6.0,11,5.0,0,0.0,2,14,No,8,No,Yes,369,95.0,478,1
LA04415,Road,Rural,Residential,71.33,5.0,9,1.0,0,1.0,2,11,No,5,No,No,315,47.0,279,0
LA04416,Airport,Semi-Urban,Agricultural,30.22,6.0,10,0.0,4,1.0,5,8,Yes,3,Yes,No,344,81.0,420,1
LA04417,Railway,Semi-Urban,Mixed,105.19,9.0,13,0.0,0,2.0,1,10,No,7,Yes,No,392,17.0,396,0
LA04418,Road,Rural,Commercial,9.01,7.0,12,1.0,1,,1,13,No,5,No,No,502,95.0,506,0
LA04419,Road,Semi-Urban,Agricultural,17.0,15.0,18,0.0,1,0.0,3,22,Yes,2,No,No,259,63.0,270,0
LA04420,Railway,Rural,Residential,15.43,9.0,14,1.0,1,,2,13,No,2,No,Yes,247,94.0,284,1
LA04421,Road,Urban,Mixed,3.02,5.0,9,0.0,2,3.0,5,10,No,3,No,No,480,79.0,590,1
LA04422,Road,Urban,Agricultural,53.73,8.0,10,0.0,3,2.0,3,12,No,4,No,No,465,84.0,595,1
LA04423,Industrial,Semi-Urban,Agricultural,13.36,9.0,11,0.0,0,1.0,2,15,No,5,No,No,301,76.0,392,1
LA04424,Road,Urban,Mixed,17.06,7.0,12,0.0,2,1.0,3,15,No,2,No,No,439,30.0,568,1
LA04425,Industrial,Semi-Urban,Residential,14.06,9.0,13,1.0,0,1.0,3,11,Yes,2,No,No,398,58.0,383,0
LA04426,Railway,Rural,Agricultural,25.78,6.0,8,2.0,1,4.0,3,12,No,6,No,Yes,350,103.0,466,1
LA04427,Road,Urban,Residential,91.99,8.0,14,1.0,2,2.0,1,10,No,2,No,No,372,55.0,452,1
LA04428,Road,Semi-Urban,Residential,47.6,9.0,13,0.0,1,0.0,3,14,Yes,4,No,No,419,51.0,485,1
LA04429,Road,Semi-Urban,Agricultural,39.39,9.0,11,3.0,3,1.0,3,13,No,4,No,No,610,68.0,607,0
LA04430,Road,Rural,Commercial,34.33,11.0,13,2.0,1,2.0,1,13,Yes,4,No,No,462,96.0,557,1
LA04431,Road,Semi-Urban,Agricultural,22.74,5.0,6,3.0,1,,3,7,No,3,No,Yes,432,54.0,529,1
LA04432,Housing,Urban,Commercial,23.0,5.0,5,1.0,3,2.0,1,8,Yes,6,No,Yes,440,86.0,572,1
LA04433,Housing,Semi-Urban,Mixed,38.04,7.0,11,,3,1.0,3,11,No,6,Yes,Yes,249,74.0,353,1
LA04434,Railway,Semi-Urban,Mixed,85.54,9.0,15,3.0,2,2.0,6,14,No,4,No,No,411,65.0,523,1
LA04435,Industrial,Rural,Residential,21.48,7.0,11,0.0,2,0.0,3,10,No,7,No,No,297,69.0,294,0
LA04436,Industrial,Semi-Urban,Mixed,66.14,12.0,15,0.0,0,2.0,4,18,No,9,No,No,173,36.0,192,0
LA04437,Housing,Urban,Residential,14.6,7.0,11,,4,0.0,8,10,No,5,No,No,490,92.0,659,1
LA04438,Road,Rural,Commercial,53.46,8.0,10,2.0,0,2.0,8,12,No,6,No,No,287,43.0,301,0
LA04439,Road,Semi-Urban,Agricultural,83.39,7.0,11,,0,0.0,8,9,No,2,No,No,196,,194,0
LA04440,Road,Urban,Commercial,32.43,7.0,10,2.0,0,1.0,1,9,No,5,No,No,317,69.0,412,1
LA04441,Road,Semi-Urban,Residential,22.87,12.0,17,1.0,2,0.0,1,16,Yes,4,Yes,No,206,76.0,287,1
LA04442,Road,Rural,Commercial,53.32,8.0,12,4.0,1,4.0,1,12,Yes,6,,No,567,105.0,539,0
LA04443,Housing,Rural,Residential,98.46,8.0,10,0.0,1,2.0,2,13,No,3,No,No,530,24.0,519,0
LA04444,Housing,Urban,Residential,64.21,9.0,9,1.0,0,1.0,3,16,No,3,No,No,341,58.0,355,0
LA04445,Road,Rural,Commercial,107.08,5.0,6,2.0,3,1.0,2,9,No,2,No,No,378,80.0,384,0
LA04446,Railway,Urban,Agricultural,34.75,7.0,10,1.0,0,2.0,2,8,No,5,No,No,352,48.0,408,1
LA04447,Railway,Semi-Urban,Commercial,33.22,8.0,11,3.0,0,3.0,2,13,No,5,No,Yes,374,54.0,454,1
LA04448,Railway,Semi-Urban,Commercial,9.95,9.0,10,1.0,2,3.0,3,15,No,3,No,No,309,95.0,415,1
LA04449,Industrial,Urban,Commercial,22.11,9.0,10,3.0,0,1.0,4,11,No,4,Yes,No,355,73.0,489,1
LA04450,Road,Urban,Commercial,31.46,8.0,14,1.0,0,1.0,1,12,No,3,Yes,No,219,52.0,202,0
LA04451,Housing,Rural,Mixed,33.78,6.0,7,0.0,2,0.0,2,8,Yes,3,No,Yes,291,53.0,272,0
LA04452,Housing,Urban,Mixed,52.66,7.0,15,2.0,1,1.0,5,7,Yes,3,Yes,Yes,510,69.0,607,1
LA04453,Industrial,Rural,Residential,23.92,12.0,17,1.0,3,0.0,6,13,No,6,No,No,548,64.0,639,1
LA04454,Industrial,Semi-Urban,Agricultural,25.03,5.0,12,1.0,1,3.0,2,6,No,5,No,No,362,114.0,486,1
LA04455,Railway,Semi-Urban,Commercial,118.8,10.0,14,1.0,0,1.0,2,13,No,1,No,Yes,403,17.0,472,1
LA04456,Road,Urban,Residential,3.18,12.0,18,4.0,2,0.0,6,21,No,7,No,No,373,60.0,523,1
LA04457,Road,Urban,Residential,4.46,10.0,11,1.0,0,1.0,6,13,Yes,2,No,Yes,198,35.0,209,0
LA04458,Industrial,Urban,Residential,16.6,7.0,13,1.0,3,1.0,5,13,Yes,3,No,No,329,132.0,405,1
LA04459,Road,Semi-Urban,Agricultural,4.2,8.0,12,1.0,2,1.0,4,17,No,2,No,No,281,68.0,386,1
LA04460,Housing,Rural,Agricultural,5.36,7.0,14,2.0,0,2.0,7,7,No,2,No,No,369,91.0,336,0
LA04461,Railway,Rural,Commercial,26.24,7.0,11,0.0,1,3.0,3,12,Yes,6,No,No,337,74.0,430,1
LA04462,Railway,Urban,Commercial,43.01,6.0,7,1.0,0,0.0,5,13,Yes,5,No,No,196,62.0,332,1
LA04463,Road,Urban,Commercial,25.47,9.0,14,3.0,0,0.0,3,14,No,3,No,No,325,85.0,329,0
LA04464,Housing,Urban,Residential,44.81,8.0,11,1.0,1,2.0,2,14,No,5,Yes,Yes,161,82.0,368,1
LA04465,Road,Rural,Mixed,58.25,4.0,9,1.0,1,3.0,0,12,No,6,No,No,349,52.0,335,0
LA04466,Road,Urban,Commercial,39.65,12.0,18,2.0,0,1.0,2,14,Yes,5,No,No,324,104.0,421,1
LA04467,Road,Urban,Residential,44.72,15.0,16,3.0,0,3.0,9,17,No,4,No,No,273,103.0,280,0
LA04468,Industrial,Semi-Urban,Residential,27.98,,13,4.0,0,1.0,1,9,No,4,No,Yes,374,67.0,473,1
LA04469,Housing,Semi-Urban,Agricultural,23.88,13.0,16,2.0,1,1.0,3,16,Yes,7,Yes,Yes,275,50.0,357,1
LA04470,Road,Urban,Mixed,3.77,11.0,14,3.0,0,1.0,3,15,Yes,4,No,Yes,306,46.0,383,1
LA04471,Housing,Semi-Urban,Agricultural,60.24,7.0,12,1.0,1,3.0,4,12,Yes,4,No,No,157,68.0,260,1
LA04472,Road,Urban,Residential,38.4,6.0,9,3.0,1,1.0,0,9,No,2,No,Yes,497,67.0,485,0
LA04473,Industrial,Urban,Residential,42.43,11.0,13,0.0,1,1.0,2,15,No,4,No,Yes,423,69.0,546,1
LA04474,Road,Urban,Residential,9.49,8.0,14,0.0,1,1.0,1,11,No,4,No,No,349,54.0,334,0
LA04475,Railway,Semi-Urban,Agricultural,17.46,7.0,8,1.0,2,0.0,1,10,No,4,No,Yes,405,84.0,392,0
LA04476,Industrial,Rural,Mixed,26.86,4.0,5,0.0,2,3.0,5,4,No,3,Yes,No,542,62.0,526,0
LA04477,Railway,Semi-Urban,Agricultural,13.27,6.0,14,2.0,1,1.0,4,11,No,6,No,No,376,29.0,364,0
LA04478,Road,Rural,Mixed,39.23,13.0,17,1.0,0,2.0,1,14,No,2,No,Yes,176,82.0,272,1
LA04479,Housing,Urban,Residential,37.34,10.0,12,1.0,1,1.0,3,13,No,2,Yes,No,555,115.0,725,1
LA04480,Housing,Rural,Agricultural,,7.0,11,3.0,3,1.0,6,10,Yes,4,No,No,292,79.0,305,0
LA04481,Railway,Rural,Mixed,59.65,10.0,12,2.0,2,3.0,5,15,Yes,4,Yes,No,316,137.0,393,1
LA04482,Industrial,Semi-Urban,Commercial,39.88,9.0,13,4.0,2,1.0,5,13,No,6,Yes,No,404,81.0,401,0
LA04483,Airport,Rural,Mixed,79.04,11.0,13,3.0,2,0.0,4,14,Yes,3,,No,247,,250,0
LA04484,Road,Semi-Urban,Residential,40.84,6.0,11,0.0,0,4.0,5,9,No,3,Yes,No,470,72.0,463,0
LA04485,Housing,Rural,Agricultural,20.4,11.0,17,0.0,1,1.0,4,18,No,5,No,No,364,46.0,395,0
LA04486,Road,Urban,Commercial,33.33,11.0,14,0.0,0,2.0,2,15,Yes,6,No,No,364,100.0,437,1
LA04487,Airport,Semi-Urban,Residential,2.13,7.0,12,1.0,1,3.0,1,12,No,5,No,Yes,360,90.0,348,0
LA04488,Road,Semi-Urban,Mixed,42.78,9.0,14,1.0,2,1.0,5,15,Yes,3,No,Yes,405,104.0,514,1
LA04489,Road,Rural,Agricultural,17.89,7.0,11,2.0,1,0.0,4,9,No,3,No,No,499,42.0,486,0
LA04490,Railway,Rural,Residential,36.72,8.0,9,1.0,1,1.0,3,12,No,3,Yes,No,254,56.0,259,0
LA04491,Railway,Semi-Urban,Mixed,20.16,3.0,8,1.0,1,1.0,1,4,No,4,Yes,Yes,354,62.0,484,1
LA04492,Housing,Rural,Commercial,13.28,8.0,12,2.0,2,0.0,1,14,No,4,No,No,270,,258,0
LA04493,Housing,Rural,Mixed,95.1,12.0,13,3.0,2,1.0,2,14,No,5,No,No,335,84.0,327,0
LA04494,Road,Semi-Urban,Mixed,19.86,6.0,7,1.0,1,1.0,4,11,Yes,2,Yes,No,377,68.0,480,1
LA04495,Road,Urban,Residential,17.09,8.0,12,2.0,1,0.0,1,12,No,4,No,No,326,91.0,353,0
LA04496,Railway,Urban,Commercial,54.14,6.0,10,3.0,1,1.0,3,11,No,6,Yes,No,487,50.0,623,1
LA04497,Railway,Urban,Mixed,26.23,5.0,5,2.0,1,0.0,1,8,No,4,Yes,No,473,71.0,554,1
LA04498,Railway,Urban,Residential,18.7,12.0,13,1.0,0,2.0,4,17,Yes,2,No,No,215,90.0,289,1
LA04499,Housing,Rural,Agricultural,55.16,4.0,6,0.0,1,1.0,4,6,No,4,No,No,362,42.0,334,0
LA04500,Airport,Urban,Mixed,32.62,6.0,10,0.0,2,2.0,2,8,No,4,Yes,No,314,53.0,316,0
LA04501,Road,Semi-Urban,Residential,60.08,8.0,11,1.0,2,2.0,0,11,No,4,No,No,317,77.0,322,0
LA04502,Railway,Semi-Urban,Mixed,80.85,10.0,12,2.0,0,0.0,5,13,No,2,No,No,446,60.0,462,0
LA04503,Industrial,Semi-Urban,Agricultural,25.73,8.0,10,0.0,2,2.0,4,14,Yes,1,Yes,No,269,92.0,297,0
LA04504,Railway,Urban,Mixed,,11.0,12,3.0,0,2.0,3,12,Yes,3,No,No,398,94.0,563,1
LA04505,Road,Semi-Urban,Commercial,83.27,11.0,17,1.0,2,1.0,4,15,No,5,No,No,360,,389,0
LA04506,Railway,Semi-Urban,Commercial,97.64,6.0,14,1.0,1,0.0,1,10,Yes,3,No,Yes,421,60.0,503,1
LA04507,Railway,Semi-Urban,Mixed,21.8,8.0,12,2.0,2,1.0,6,12,Yes,4,No,No,497,89.0,624,1
LA04508,Road,Urban,Residential,65.85,9.0,12,4.0,0,2.0,3,17,No,1,No,No,515,93.0,633,1
LA04509,Airport,Rural,Commercial,4.53,14.0,16,2.0,2,3.0,2,17,No,2,Yes,No,428,84.0,602,1
LA04510,Road,Urban,Mixed,40.45,15.0,18,0.0,0,2.0,2,16,No,5,No,No,487,39.0,554,1
LA04511,Industrial,Semi-Urban,Mixed,10.69,11.0,15,4.0,0,0.0,3,14,No,4,,No,232,50.0,258,0
LA04512,Railway,Semi-Urban,Mixed,25.74,4.0,11,1.0,1,1.0,4,6,No,5,No,No,300,62.0,300,0
LA04513,Housing,Urban,Commercial,125.38,7.0,10,1.0,0,1.0,4,13,No,4,No,No,377,76.0,373,0
LA04514,Road,Rural,Commercial,60.88,8.0,12,1.0,2,2.0,0,12,No,6,No,Yes,224,61.0,308,1
LA04515,Road,Urban,Agricultural,10.92,7.0,11,0.0,2,2.0,2,12,No,5,Yes,Yes,288,72.0,325,0
LA04516,Road,Rural,Commercial,14.25,10.0,16,1.0,0,1.0,1,19,No,3,Yes,No,398,26.0,465,1
LA04517,Railway,Rural,Commercial,70.15,10.0,11,4.0,1,3.0,1,12,No,2,No,No,487,87.0,593,1
LA04518,Road,Semi-Urban,Residential,68.66,5.0,10,0.0,0,1.0,3,10,No,8,No,No,421,47.0,415,0
LA04519,Airport,Urban,Residential,71.05,5.0,7,0.0,1,0.0,1,13,No,4,No,No,320,33.0,312,0
LA04520,Road,Urban,Commercial,40.31,7.0,9,2.0,1,1.0,3,9,No,4,No,No,423,53.0,422,0
LA04521,Road,Rural,Agricultural,60.7,8.0,13,2.0,1,1.0,6,19,No,2,Yes,No,264,97.0,262,0
LA04522,Railway,Semi-Urban,Agricultural,26.66,11.0,12,1.0,2,3.0,1,16,Yes,4,Yes,No,411,105.0,505,1
LA04523,Airport,Urban,Residential,25.78,7.0,11,3.0,0,2.0,2,9,No,7,No,No,389,76.0,492,1
LA04524,Housing,Semi-Urban,Mixed,38.76,9.0,10,0.0,3,0.0,3,12,No,3,,No,131,53.0,158,0
LA04525,Airport,Urban,Mixed,18.44,9.0,12,1.0,0,0.0,1,14,Yes,2,No,No,150,67.0,151,0
LA04526,Industrial,Semi-Urban,Commercial,16.09,5.0,13,0.0,1,1.0,3,10,Yes,1,No,No,320,70.0,318,0
LA04527,Airport,Semi-Urban,Mixed,49.97,5.0,11,0.0,2,3.0,3,7,No,1,No,No,357,108.0,365,0
LA04528,Industrial,Urban,Mixed,52.97,13.0,17,4.0,1,0.0,2,15,Yes,2,No,No,228,62.0,312,1
LA04529,Road,Rural,Residential,16.42,4.0,7,0.0,0,1.0,6,12,No,3,No,No,388,66.0,450,1
LA04530,Industrial,Urban,Residential,21.91,9.0,15,1.0,1,2.0,0,15,No,1,Yes,No,448,74.0,532,1
LA04531,Airport,Semi-Urban,Residential,45.3,10.0,14,0.0,3,0.0,4,17,No,4,Yes,No,345,46.0,428,1
LA04532,Road,Semi-Urban,Residential,42.74,3.0,6,2.0,4,3.0,4,4,No,1,No,No,398,63.0,525,1
LA04533,Industrial,Rural,Agricultural,40.35,6.0,10,0.0,1,,5,12,Yes,4,No,No,350,64.0,437,1
LA04534,Railway,Semi-Urban,Residential,17.09,7.0,9,2.0,1,1.0,4,11,No,4,No,No,249,62.0,326,1
LA04535,Railway,Rural,Mixed,136.1,7.0,11,2.0,0,3.0,4,10,No,1,No,No,422,98.0,388,0
LA04536,Road,Semi-Urban,Commercial,24.06,3.0,6,1.0,0,2.0,4,8,No,4,No,No,319,64.0,327,0
LA04537,Industrial,Rural,Agricultural,46.57,6.0,11,1.0,0,2.0,2,10,Yes,8,No,Yes,456,79.0,546,1
LA04538,Housing,Urban,Mixed,13.23,6.0,10,2.0,0,1.0,3,14,No,5,No,Yes,407,83.0,494,1
LA04539,Road,Rural,Mixed,32.63,7.0,12,1.0,3,1.0,1,10,No,4,,Yes,257,50.0,259,0
LA04540,Railway,Urban,Mixed,16.1,10.0,16,0.0,0,0.0,4,13,No,4,No,Yes,221,33.0,233,0
LA04541,Road,Rural,Mixed,23.32,6.0,6,3.0,2,2.0,5,13,No,2,No,No,411,36.0,522,1
LA04542,Road,Rural,Mixed,40.87,6.0,8,2.0,2,1.0,2,11,No,6,No,No,319,95.0,308,0
LA04543,Housing,Semi-Urban,Commercial,78.15,12.0,22,2.0,0,0.0,3,17,No,6,No,No,325,68.0,452,1
LA04544,Railway,Semi-Urban,Mixed,21.48,12.0,17,2.0,2,0.0,1,17,No,3,No,No,382,49.0,499,1
LA04545,Railway,Semi-Urban,Residential,39.5,5.0,7,0.0,0,0.0,0,10,Yes,3,No,No,278,55.0,259,0
LA04546,Road,Urban,Agricultural,46.16,10.0,12,0.0,3,1.0,1,13,Yes,6,No,Yes,205,49.0,204,0
LA04547,Housing,Semi-Urban,Agricultural,54.58,9.0,12,1.0,2,2.0,3,12,Yes,1,No,Yes,523,92.0,503,0
LA04548,Road,Semi-Urban,Residential,6.18,7.0,10,1.0,1,2.0,2,15,Yes,5,No,No,396,40.0,399,0
LA04549,Airport,Semi-Urban,Residential,59.95,5.0,10,0.0,0,1.0,5,9,Yes,2,No,No,323,62.0,305,0
LA04550,Road,Urban,Residential,46.52,7.0,12,1.0,1,0.0,3,12,No,5,No,No,149,57.0,133,0
LA04551,Road,Rural,Residential,40.3,6.0,11,,0,1.0,2,6,No,5,Yes,No,133,85.0,131,0
LA04552,Industrial,Urban,Residential,130.52,6.0,10,3.0,3,2.0,0,10,Yes,4,Yes,No,274,90.0,448,1
LA04553,Road,Semi-Urban,Agricultural,,7.0,9,0.0,1,2.0,4,13,No,3,No,Yes,365,71.0,441,1
LA04554,Industrial,Urban,Mixed,42.83,7.0,10,2.0,0,1.0,5,9,No,4,Yes,Yes,430,96.0,542,1
LA04555,Road,Urban,Commercial,113.48,9.0,15,0.0,0,2.0,7,16,Yes,5,No,No,381,71.0,438,1
LA04556,Airport,Urban,Commercial,72.61,10.0,13,0.0,1,0.0,2,12,Yes,3,No,No,404,63.0,478,1
LA04557,Airport,Semi-Urban,Residential,25.64,8.0,13,2.0,2,3.0,2,14,Yes,6,No,Yes,253,114.0,396,1
LA04558,Airport,Semi-Urban,Mixed,39.89,7.0,13,0.0,0,2.0,0,11,Yes,6,No,No,327,55.0,403,1
LA04559,Road,Semi-Urban,Residential,40.76,5.0,7,0.0,0,1.0,2,8,No,4,Yes,No,241,23.0,222,0
LA04560,Airport,Semi-Urban,Agricultural,28.53,11.0,12,1.0,2,0.0,4,18,Yes,4,No,Yes,336,59.0,345,0
LA04561,Housing,Semi-Urban,Agricultural,11.27,2.0,3,2.0,1,4.0,1,7,No,6,No,No,376,67.0,521,1
LA04562,Road,Urban,Mixed,25.97,7.0,9,4.0,1,3.0,1,12,Yes,4,Yes,No,491,95.0,624,1
LA04563,Road,Urban,Mixed,48.85,8.0,11,0.0,1,3.0,1,8,No,2,No,No,280,67.0,279,0
LA04564,Housing,Semi-Urban,Mixed,25.54,6.0,11,1.0,1,0.0,0,12,Yes,4,No,No,374,71.0,445,1
LA04565,Road,Semi-Urban,Commercial,32.61,6.0,7,1.0,1,2.0,2,8,No,2,No,Yes,354,29.0,476,1
LA04566,Industrial,Semi-Urban,Agricultural,78.75,10.0,15,2.0,1,5.0,1,15,No,1,Yes,Yes,325,59.0,465,1
LA04567,Airport,Urban,Commercial,32.76,7.0,12,2.0,1,1.0,2,11,No,4,Yes,Yes,527,56.0,529,0
LA04568,Road,Rural,Residential,34.28,7.0,11,3.0,1,2.0,3,12,No,2,No,No,331,51.0,321,0
LA04569,Industrial,Urban,Residential,37.46,7.0,11,1.0,0,2.0,2,11,No,4,Yes,No,402,51.0,450,1
LA04570,Industrial,Semi-Urban,Mixed,23.82,7.0,9,5.0,1,0.0,1,15,No,5,Yes,Yes,333,59.0,496,1
LA04571,Road,Urban,Mixed,61.2,7.0,12,3.0,2,0.0,5,14,No,5,No,No,312,76.0,307,0
LA04572,Housing,Semi-Urban,Agricultural,13.27,6.0,9,0.0,0,0.0,3,8,No,8,No,No,484,42.0,497,0
LA04573,Road,Semi-Urban,Residential,23.73,,15,0.0,1,2.0,6,12,Yes,3,Yes,Yes,459,88.0,589,1
LA04574,Railway,Rural,Residential,40.04,6.0,13,,1,1.0,3,9,Yes,6,No,No,315,101.0,409,1
LA04575,Housing,Urban,Agricultural,26.72,8.0,13,0.0,0,2.0,4,16,No,5,No,No,234,41.0,299,1
LA04576,Road,Semi-Urban,Residential,91.96,14.0,23,0.0,0,0.0,4,19,No,3,No,Yes,542,54.0,648,1
LA04577,Housing,Urban,Commercial,34.52,12.0,18,1.0,0,1.0,1,18,Yes,2,No,No,313,52.0,388,1
LA04578,Road,Semi-Urban,Residential,33.85,8.0,11,3.0,1,2.0,1,15,No,7,No,No,290,37.0,274,0
LA04579,Railway,Urban,Residential,16.38,,14,2.0,1,1.0,1,18,No,5,Yes,No,389,52.0,527,1
LA04580,Road,Urban,Residential,27.13,13.0,15,1.0,1,0.0,3,22,No,3,No,No,237,54.0,238,0
LA04581,Industrial,Rural,Mixed,59.46,3.0,9,1.0,0,0.0,4,4,No,5,Yes,Yes,418,31.0,403,0
LA04582,Airport,Urban,Agricultural,20.29,13.0,14,2.0,2,0.0,4,16,Yes,1,Yes,No,358,77.0,464,1
LA04583,Housing,Urban,Agricultural,7.76,10.0,15,0.0,2,1.0,3,13,No,4,No,No,381,40.0,371,0
LA04584,Housing,Rural,Commercial,30.59,8.0,11,2.0,0,1.0,2,9,Yes,4,No,Yes,196,54.0,187,0
LA04585,Industrial,Rural,Mixed,35.67,12.0,15,0.0,0,1.0,2,17,No,3,No,No,316,60.0,378,1
LA04586,Airport,Rural,Agricultural,24.94,,16,0.0,0,1.0,2,13,Yes,2,No,No,271,72.0,460,1
LA04587,Railway,Urban,Commercial,79.51,5.0,9,0.0,2,1.0,3,6,No,3,No,No,248,77.0,249,0
LA04588,Housing,Semi-Urban,Residential,125.18,6.0,10,1.0,2,1.0,2,7,No,5,No,No,224,102.0,230,0
LA04589,Industrial,Rural,Commercial,39.86,6.0,12,1.0,0,1.0,4,11,No,7,No,Yes,349,45.0,528,1
LA04590,Housing,Urban,Agricultural,26.92,3.0,3,0.0,1,2.0,3,7,No,4,Yes,No,376,42.0,368,0
LA04591,Road,Rural,Mixed,48.87,6.0,6,1.0,0,2.0,4,8,Yes,5,No,Yes,442,98.0,542,1
LA04592,Railway,Urban,Mixed,79.86,9.0,13,1.0,2,1.0,1,14,No,5,Yes,No,298,69.0,415,1
LA04593,Airport,Rural,Mixed,21.52,11.0,14,4.0,2,0.0,2,14,No,4,Yes,No,472,64.0,584,1
LA04594,Road,Semi-Urban,Mixed,57.42,4.0,8,1.0,0,1.0,3,6,Yes,1,Yes,No,353,38.0,441,1
LA04595,Road,Semi-Urban,Residential,30.57,3.0,9,0.0,1,0.0,2,5,Yes,1,No,Yes,513,43.0,561,1
LA04596,Housing,Semi-Urban,Commercial,69.81,8.0,10,2.0,0,0.0,2,13,No,5,No,No,339,62.0,345,0
LA04597,Railway,Urban,Residential,16.39,7.0,8,2.0,0,1.0,2,11,No,3,Yes,Yes,326,70.0,332,0
LA04598,Road,Urban,Residential,86.26,4.0,10,1.0,0,0.0,4,11,Yes,4,No,No,499,75.0,541,1
LA04599,Road,Rural,Agricultural,40.76,14.0,17,1.0,1,1.0,2,19,Yes,3,No,No,241,108.0,239,0
LA04600,Railway,Semi-Urban,Commercial,48.77,12.0,18,1.0,0,2.0,4,17,Yes,6,Yes,No,412,73.0,490,1
LA04601,Industrial,Semi-Urban,Commercial,14.3,8.0,11,1.0,2,4.0,4,10,No,4,No,Yes,389,71.0,476,1
LA04602,Housing,Urban,Mixed,13.95,5.0,10,1.0,0,1.0,1,9,No,5,No,No,372,15.0,343,0
LA04603,Housing,Semi-Urban,Agricultural,43.62,9.0,14,2.0,0,1.0,2,16,No,6,No,No,289,37.0,304,0
LA04604,Industrial,Semi-Urban,Mixed,49.78,6.0,9,0.0,1,0.0,5,15,No,4,No,Yes,305,56.0,282,0
LA04605,Industrial,Urban,Mixed,28.69,10.0,12,3.0,0,0.0,8,14,No,3,No,No,351,85.0,455,1
LA04606,Road,Rural,Mixed,53.29,8.0,13,0.0,4,0.0,3,12,Yes,5,No,No,436,70.0,531,1
LA04607,Housing,Semi-Urban,Residential,14.22,4.0,5,1.0,1,2.0,4,7,Yes,3,Yes,No,404,81.0,399,0
LA04608,Road,Semi-Urban,Agricultural,10.56,9.0,13,0.0,0,3.0,1,15,Yes,6,Yes,No,120,91.0,176,1
LA04609,Road,Rural,Commercial,37.62,11.0,15,1.0,1,0.0,0,14,No,3,No,No,423,71.0,474,1
LA04610,Housing,Semi-Urban,Mixed,13.77,5.0,10,2.0,0,1.0,3,12,No,5,Yes,No,377,,481,1
LA04611,Housing,Rural,Residential,7.97,8.0,10,3.0,3,1.0,1,12,No,3,Yes,No,497,42.0,502,0
LA04612,Road,Semi-Urban,Agricultural,17.47,10.0,17,1.0,0,0.0,1,18,No,4,No,No,290,53.0,311,0
LA04613,Industrial,Semi-Urban,Agricultural,48.63,10.0,13,4.0,0,2.0,6,13,Yes,3,Yes,No,351,78.0,453,1
LA04614,Railway,Urban,Residential,40.18,4.0,10,0.0,1,1.0,2,7,No,2,No,Yes,289,34.0,435,1
LA04615,Road,Urban,Mixed,80.52,12.0,19,3.0,1,0.0,3,15,No,5,No,No,471,65.0,623,1
LA04616,Road,Semi-Urban,Residential,42.06,10.0,14,0.0,0,1.0,3,13,Yes,5,,No,413,77.0,411,0
LA04617,Road,Urban,Agricultural,14.69,8.0,12,4.0,2,0.0,4,11,No,4,Yes,No,270,80.0,265,0
LA04618,Railway,Urban,Commercial,50.81,5.0,7,0.0,1,0.0,2,8,No,6,Yes,Yes,524,24.0,527,0
LA04619,Railway,Semi-Urban,Agricultural,21.07,5.0,6,1.0,0,2.0,2,7,No,4,Yes,No,263,89.0,256,0
LA04620,Railway,Rural,Residential,28.29,8.0,16,2.0,0,0.0,2,13,No,8,No,No,345,67.0,559,1
LA04621,Road,Urban,Commercial,21.37,9.0,15,1.0,1,0.0,2,12,No,9,Yes,No,557,30.0,565,0
LA04622,Housing,Rural,Agricultural,13.01,10.0,11,1.0,1,0.0,3,13,No,2,Yes,Yes,342,41.0,457,1
LA04623,Industrial,Rural,Mixed,150.0,6.0,9,1.0,3,2.0,2,9,No,2,No,No,334,85.0,320,0
LA04624,Housing,Rural,Commercial,18.6,8.0,12,2.0,1,0.0,4,8,No,6,No,No,350,70.0,349,0
LA04625,Road,Rural,Mixed,6.97,9.0,11,1.0,1,1.0,3,9,No,5,Yes,No,281,76.0,357,1
LA04626,Industrial,Rural,Residential,54.87,8.0,11,0.0,1,0.0,3,12,Yes,3,No,No,428,64.0,421,0
LA04627,Housing,Urban,Mixed,5.23,8.0,15,0.0,2,1.0,3,9,No,4,No,Yes,306,54.0,360,1
LA04628,Road,Semi-Urban,Agricultural,30.74,7.0,10,1.0,3,1.0,1,14,Yes,5,No,No,283,95.0,284,0
LA04629,Road,Rural,Commercial,60.43,11.0,18,2.0,0,2.0,2,15,No,3,No,No,403,71.0,410,0
LA04630,Road,Semi-Urban,Agricultural,11.58,9.0,13,2.0,1,2.0,1,10,No,3,No,No,323,45.0,339,0
LA04631,Road,Rural,Residential,34.56,8.0,10,0.0,0,2.0,2,14,No,3,No,Yes,304,46.0,293,0
LA04632,Railway,Rural,Residential,27.43,10.0,12,1.0,2,1.0,5,14,No,5,No,Yes,282,54.0,362,1
LA04633,Road,Urban,Mixed,18.35,10.0,19,0.0,0,0.0,2,12,No,4,No,No,396,30.0,446,1
LA04634,Road,Urban,Mixed,80.67,13.0,15,1.0,1,4.0,1,17,No,2,Yes,No,388,65.0,488,1
LA04635,Industrial,Semi-Urban,Residential,27.26,5.0,6,0.0,1,0.0,2,11,No,1,No,Yes,220,37.0,363,1
LA04636,Road,Urban,Commercial,54.13,5.0,10,1.0,0,0.0,1,12,No,5,No,Yes,225,32.0,221,0
LA04637,Road,Semi-Urban,Commercial,63.85,8.0,12,0.0,4,1.0,0,12,No,3,No,No,395,68.0,445,1
LA04638,Industrial,Rural,Agricultural,29.77,14.0,15,3.0,3,0.0,3,15,Yes,6,No,No,353,65.0,350,0
LA04639,Road,Semi-Urban,Agricultural,14.96,8.0,10,1.0,2,0.0,1,11,No,3,Yes,No,281,67.0,292,0
LA04640,Road,Urban,Mixed,64.86,8.0,10,1.0,0,1.0,4,8,Yes,2,No,No,527,54.0,572,1
LA04641,Road,Rural,Commercial,30.79,3.0,6,0.0,1,1.0,2,11,No,5,No,Yes,317,78.0,401,1
LA04642,Road,Urban,Commercial,33.26,10.0,17,3.0,0,0.0,5,13,No,3,No,No,597,92.0,673,1
LA04643,Railway,Rural,Commercial,25.98,7.0,13,1.0,2,1.0,2,9,No,4,No,No,383,79.0,375,0
LA04644,Road,Urban,Commercial,63.32,7.0,10,0.0,1,0.0,0,10,No,5,No,Yes,442,95.0,440,0
LA04645,Road,Rural,Residential,13.45,12.0,14,1.0,1,3.0,7,14,No,4,No,No,427,81.0,524,1
LA04646,Housing,Semi-Urban,Mixed,33.57,9.0,11,3.0,1,1.0,6,12,No,1,No,Yes,446,89.0,607,1
LA04647,Housing,Semi-Urban,Residential,15.26,6.0,11,2.0,1,1.0,4,9,Yes,4,No,No,289,96.0,311,0
LA04648,Road,Semi-Urban,Mixed,25.91,5.0,9,2.0,0,0.0,3,6,No,6,No,No,399,54.0,374,0
LA04649,Road,Urban,Mixed,69.01,9.0,12,4.0,2,0.0,6,13,No,4,No,No,525,67.0,503,0
LA04650,Railway,Semi-Urban,Commercial,68.46,6.0,9,1.0,0,1.0,3,10,Yes,4,No,No,342,66.0,309,0
LA04651,Housing,Rural,Agricultural,28.94,6.0,12,1.0,0,1.0,4,9,No,3,No,No,436,54.0,513,1
LA04652,Housing,Rural,Residential,42.04,10.0,16,2.0,1,2.0,2,13,No,1,Yes,No,430,96.0,562,1
LA04653,Road,Urban,Agricultural,41.48,9.0,13,1.0,3,2.0,5,10,Yes,5,No,No,497,125.0,622,1
LA04654,Road,Semi-Urban,Commercial,15.31,6.0,8,4.0,1,1.0,1,12,Yes,5,,No,257,105.0,412,1
LA04655,Railway,Rural,Residential,49.48,9.0,15,0.0,1,3.0,2,17,Yes,4,No,No,304,85.0,293,0
LA04656,Housing,Rural,Residential,16.68,5.0,8,1.0,0,0.0,1,11,No,6,No,Yes,352,41.0,353,0
LA04657,Housing,Semi-Urban,Mixed,24.77,6.0,7,2.0,0,1.0,1,9,No,8,No,Yes,322,37.0,317,0
LA04658,Road,Urban,Agricultural,7.26,8.0,15,0.0,2,2.0,1,12,No,2,No,No,404,62.0,497,1
LA04659,Industrial,Rural,Agricultural,55.24,9.0,11,2.0,2,1.0,3,14,No,3,No,No,218,40.0,194,0
LA04660,Road,Semi-Urban,Residential,63.53,5.0,9,1.0,1,2.0,1,10,No,3,No,Yes,462,68.0,479,0
LA04661,Industrial,Semi-Urban,Commercial,43.11,11.0,15,1.0,1,1.0,1,15,Yes,2,No,No,343,79.0,508,1
LA04662,Housing,Rural,Agricultural,34.7,2.0,6,2.0,0,1.0,4,9,No,3,Yes,No,427,88.0,442,0
LA04663,Railway,Urban,Mixed,23.79,6.0,10,1.0,0,0.0,3,10,Yes,2,No,No,368,16.0,368,0
LA04664,Road,Rural,Agricultural,56.18,13.0,19,2.0,0,1.0,4,17,No,4,No,No,371,36.0,375,0
LA04665,Industrial,Urban,Residential,93.15,13.0,16,1.0,2,0.0,4,19,No,2,No,No,380,39.0,366,0
LA04666,Railway,Rural,Agricultural,18.6,6.0,10,2.0,1,3.0,3,10,No,3,No,No,365,82.0,377,0
LA04667,Housing,Rural,Residential,29.46,9.0,13,1.0,0,2.0,4,14,Yes,1,No,No,289,105.0,342,1
LA04668,Road,Rural,Mixed,14.55,8.0,10,1.0,1,2.0,4,13,No,2,No,No,397,63.0,409,0
LA04669,Housing,Rural,Residential,34.84,9.0,10,1.0,2,2.0,3,15,No,2,No,Yes,176,56.0,275,1
LA04670,Road,Rural,Residential,25.7,7.0,10,2.0,2,2.0,3,14,No,3,Yes,No,415,84.0,389,0
LA04671,Road,Urban,Agricultural,31.04,7.0,12,0.0,1,0.0,5,9,Yes,3,,No,364,84.0,418,1
LA04672,Road,Rural,Residential,56.67,7.0,10,0.0,0,3.0,4,11,No,6,No,No,350,17.0,362,0
LA04673,Road,Rural,Agricultural,67.43,13.0,17,2.0,0,0.0,2,15,No,4,No,No,264,18.0,270,0
LA04674,Road,Semi-Urban,Agricultural,,5.0,7,3.0,2,0.0,4,8,No,2,No,No,241,90.0,240,0
LA04675,Industrial,Semi-Urban,Mixed,41.18,8.0,11,0.0,1,2.0,2,14,No,3,No,No,530,57.0,541,0
LA04676,Road,Urban,Residential,80.84,6.0,10,1.0,1,0.0,0,7,No,5,No,Yes,177,39.0,300,1
LA04677,Road,Semi-Urban,Agricultural,47.46,8.0,14,,1,1.0,6,11,No,3,No,No,138,60.0,194,1
LA04678,Road,Rural,Commercial,15.58,10.0,13,2.0,1,2.0,3,11,No,3,Yes,Yes,416,37.0,515,1
LA04679,Road,Semi-Urban,Residential,65.49,7.0,13,1.0,2,2.0,2,10,No,3,No,Yes,309,54.0,375,1
LA04680,Housing,Semi-Urban,Commercial,49.7,9.0,14,2.0,2,2.0,3,11,Yes,2,No,Yes,295,78.0,427,1
LA04681,Housing,Semi-Urban,Mixed,46.49,12.0,15,1.0,0,1.0,2,16,No,3,Yes,No,120,16.0,159,1
LA04682,Road,Urban,Mixed,28.84,9.0,13,3.0,0,2.0,2,12,No,4,Yes,No,480,68.0,588,1
LA04683,Airport,Rural,Mixed,44.6,10.0,14,1.0,0,0.0,2,12,No,4,No,No,480,53.0,472,0
LA04684,Airport,Urban,Commercial,150.0,7.0,9,1.0,1,4.0,0,12,Yes,1,Yes,Yes,313,81.0,519,1
LA04685,Housing,Urban,Agricultural,6.09,9.0,17,1.0,0,,1,10,No,2,No,No,217,77.0,209,0
LA04686,Road,Urban,Mixed,24.57,5.0,10,1.0,0,2.0,4,10,No,3,Yes,No,440,69.0,517,1
LA04687,Road,Rural,Residential,26.42,6.0,10,0.0,2,0.0,3,11,No,3,No,No,328,81.0,339,0
LA04688,Railway,Rural,Agricultural,2.67,5.0,7,0.0,3,1.0,0,10,Yes,5,No,No,535,80.0,719,1
LA04689,Housing,Urban,Mixed,115.79,7.0,14,,0,1.0,6,10,No,3,No,No,421,72.0,540,1
LA04690,Airport,Urban,Mixed,14.54,9.0,11,0.0,2,1.0,2,12,No,4,No,No,433,47.0,434,0
LA04691,Railway,Semi-Urban,Mixed,13.79,11.0,13,0.0,1,3.0,2,17,Yes,3,Yes,No,330,83.0,417,1
LA04692,Road,Urban,Residential,9.04,7.0,9,2.0,0,3.0,2,10,No,5,No,No,355,74.0,451,1
LA04693,Airport,Rural,Commercial,24.37,5.0,7,0.0,0,0.0,3,6,Yes,3,No,Yes,273,82.0,281,0
LA04694,Housing,Urban,Residential,46.35,7.0,14,1.0,0,0.0,3,10,No,4,No,No,329,79.0,345,0
LA04695,Railway,Semi-Urban,Mixed,32.97,7.0,11,1.0,1,1.0,1,11,No,5,No,No,289,64.0,271,0
LA04696,Industrial,Semi-Urban,Commercial,16.37,9.0,13,0.0,0,0.0,7,14,No,5,Yes,No,406,80.0,494,1
LA04697,Railway,Semi-Urban,Residential,44.65,6.0,8,2.0,1,1.0,1,11,No,3,No,Yes,381,27.0,454,1
LA04698,Railway,Semi-Urban,Mixed,33.26,12.0,15,1.0,1,3.0,4,16,No,2,No,No,257,58.0,268,0
LA04699,Railway,Urban,Agricultural,74.81,10.0,13,2.0,2,1.0,2,15,No,3,No,No,316,27.0,313,0
LA04700,Airport,Urban,Agricultural,20.43,9.0,12,1.0,3,1.0,4,10,No,3,No,No,274,45.0,358,1
LA04701,Housing,Urban,Mixed,18.96,5.0,9,0.0,2,2.0,2,8,No,4,No,No,330,77.0,325,0
LA04702,Railway,Urban,Commercial,,9.0,15,,1,2.0,6,11,No,3,No,No,305,56.0,313,0
LA04703,Road,Rural,Agricultural,14.09,9.0,15,0.0,2,1.0,2,13,Yes,3,No,No,242,80.0,253,0
LA04704,Railway,Urban,Residential,,5.0,8,3.0,0,0.0,3,6,No,2,No,No,450,82.0,448,0
LA04705,Road,Urban,Residential,32.51,9.0,16,2.0,2,0.0,2,13,No,5,No,No,192,52.0,209,0
LA04706,Road,Urban,Residential,47.37,8.0,15,1.0,1,0.0,1,10,No,4,Yes,No,419,60.0,579,1
LA04707,Road,Rural,Agricultural,8.16,9.0,13,0.0,0,1.0,2,11,No,6,No,No,488,67.0,594,1
LA04708,Railway,Rural,Agricultural,62.76,9.0,10,0.0,1,1.0,3,15,No,1,No,No,424,64.0,427,0
LA04709,Road,Rural,Agricultural,7.36,6.0,11,2.0,1,2.0,2,6,No,4,Yes,No,472,68.0,560,1
LA04710,Road,Semi-Urban,Commercial,21.31,4.0,4,2.0,0,4.0,1,5,No,4,No,No,300,34.0,380,1
LA04711,Airport,Rural,Residential,33.15,9.0,12,0.0,1,0.0,0,14,No,8,No,No,187,51.0,195,0
LA04712,Road,Semi-Urban,Commercial,79.51,13.0,15,6.0,1,3.0,1,19,No,6,No,No,525,91.0,698,1
LA04713,Industrial,Rural,Mixed,82.65,5.0,7,4.0,0,1.0,3,8,No,3,No,Yes,346,59.0,333,0
LA04714,Housing,Rural,Residential,37.75,7.0,11,2.0,2,,2,10,No,5,No,No,308,53.0,304,0
LA04715,Industrial,Urban,Commercial,24.15,13.0,19,0.0,2,3.0,2,15,No,3,No,No,366,39.0,447,1
LA04716,Road,Semi-Urban,Residential,25.3,10.0,15,0.0,3,0.0,5,14,No,4,No,Yes,296,59.0,426,1
LA04717,Road,Urban,Agricultural,108.63,5.0,8,2.0,2,1.0,3,8,No,2,Yes,Yes,360,83.0,343,0
LA04718,Industrial,Urban,Commercial,70.92,7.0,11,3.0,1,2.0,2,9,No,4,No,Yes,401,71.0,390,0
LA04719,Railway,Rural,Residential,43.34,,11,1.0,2,2.0,4,12,No,4,No,No,310,86.0,303,0
LA04720,Road,Urban,Agricultural,38.59,8.0,12,3.0,1,2.0,2,12,No,9,No,No,451,113.0,434,0
LA04721,Railway,Rural,Mixed,36.13,8.0,13,2.0,0,1.0,5,11,No,4,Yes,No,225,66.0,254,0
LA04722,Railway,Rural,Residential,5.79,9.0,13,1.0,0,0.0,3,14,No,5,No,No,485,82.0,503,0
LA04723,Road,Semi-Urban,Commercial,1.53,9.0,12,1.0,2,0.0,3,12,Yes,3,No,No,208,82.0,350,1
LA04724,Industrial,Semi-Urban,Commercial,28.15,6.0,12,2.0,1,0.0,3,13,No,2,No,No,251,63.0,278,0
LA04725,Road,Semi-Urban,Residential,12.64,7.0,13,1.0,2,0.0,4,10,No,4,Yes,Yes,371,65.0,361,0
LA04726,Road,Rural,Commercial,38.93,5.0,9,2.0,1,2.0,2,12,No,7,No,No,236,18.0,219,0
LA04727,Housing,Urban,Agricultural,36.9,9.0,11,2.0,1,2.0,2,12,No,3,Yes,No,379,54.0,374,0
LA04728,Road,Urban,Residential,8.58,9.0,12,3.0,1,,1,14,No,2,No,No,120,61.0,128,0
LA04729,Industrial,Semi-Urban,Mixed,39.48,11.0,14,2.0,2,0.0,7,16,No,5,No,No,399,72.0,394,0
LA04730,Railway,Rural,Agricultural,41.07,8.0,10,1.0,1,3.0,5,12,No,3,No,No,304,42.0,421,1
LA04731,Road,Urban,Commercial,40.27,12.0,15,2.0,1,2.0,1,15,No,4,No,No,397,,502,1
LA04732,Housing,Semi-Urban,Residential,20.61,8.0,11,0.0,1,1.0,2,10,No,3,No,No,643,79.0,731,1
LA04733,Road,Rural,Residential,45.85,11.0,12,1.0,1,1.0,4,17,No,5,No,Yes,342,82.0,434,1
LA04734,Road,Urban,Commercial,47.91,6.0,8,3.0,0,0.0,0,12,No,2,No,Yes,401,66.0,505,1
LA04735,Housing,Urban,Commercial,45.57,,8,1.0,1,0.0,3,6,Yes,3,Yes,No,547,121.0,688,1
LA04736,Airport,Semi-Urban,Residential,27.14,10.0,15,1.0,0,,1,13,No,2,No,No,301,75.0,302,0
LA04737,Industrial,Urban,Commercial,86.51,3.0,8,2.0,2,0.0,4,8,No,1,No,Yes,443,94.0,603,1
LA04738,Road,Urban,Agricultural,75.14,10.0,13,1.0,1,1.0,1,12,No,2,No,No,461,73.0,469,0
LA04739,Road,Semi-Urban,Agricultural,34.76,5.0,11,1.0,3,3.0,3,8,Yes,3,No,No,411,118.0,521,1
LA04740,Industrial,Semi-Urban,Mixed,19.17,7.0,9,0.0,1,2.0,4,15,No,6,No,No,210,71.0,216,0
LA04741,Road,Semi-Urban,Commercial,17.4,7.0,13,2.0,1,1.0,1,10,Yes,5,No,No,494,100.0,502,0
LA04742,Road,Semi-Urban,Agricultural,48.61,5.0,11,2.0,0,1.0,5,8,No,2,No,Yes,412,36.0,427,0
LA04743,Airport,Semi-Urban,Mixed,11.02,10.0,16,1.0,0,1.0,5,15,No,4,No,No,345,74.0,365,0
LA04744,Road,Semi-Urban,Agricultural,50.99,4.0,7,0.0,0,0.0,4,8,No,8,No,No,372,62.0,403,1
LA04745,Road,Rural,Mixed,9.62,10.0,15,1.0,0,2.0,3,13,Yes,2,Yes,Yes,383,74.0,384,0
LA04746,Road,Rural,Mixed,30.76,9.0,15,2.0,2,0.0,2,11,No,2,Yes,No,175,101.0,333,1
LA04747,Railway,Semi-Urban,Agricultural,48.37,7.0,12,2.0,1,6.0,4,12,No,5,No,No,382,103.0,545,1
LA04748,Industrial,Rural,Agricultural,18.03,14.0,19,1.0,1,2.0,4,19,Yes,3,No,No,445,79.0,550,1
LA04749,Housing,Rural,Mixed,61.97,4.0,9,0.0,1,2.0,4,6,No,5,No,No,348,66.0,384,0
LA04750,Road,Urban,Mixed,24.79,12.0,15,2.0,0,3.0,3,16,No,3,Yes,Yes,283,60.0,345,1
LA04751,Road,Rural,Residential,32.9,9.0,11,2.0,2,1.0,4,12,No,5,No,Yes,229,49.0,328,1
LA04752,Railway,Rural,Residential,4.67,9.0,13,1.0,1,0.0,4,11,Yes,6,,No,480,54.0,472,0
LA04753,Railway,Urban,Agricultural,9.36,6.0,8,2.0,1,2.0,2,10,No,6,,No,423,27.0,606,1
LA04754,Railway,Urban,Mixed,5.1,6.0,11,1.0,1,0.0,3,10,No,1,No,No,448,43.0,423,0
LA04755,Housing,Semi-Urban,Mixed,54.53,10.0,14,,0,0.0,1,16,No,4,No,No,282,64.0,273,0
LA04756,Railway,Semi-Urban,Mixed,23.9,13.0,17,4.0,1,2.0,3,16,No,1,Yes,No,393,85.0,390,0
LA04757,Railway,Rural,Residential,66.1,17.0,19,0.0,3,2.0,1,27,No,5,No,Yes,382,68.0,469,1
LA04758,Housing,Semi-Urban,Mixed,3.14,7.0,13,2.0,0,3.0,4,14,Yes,2,Yes,No,338,56.0,436,1
LA04759,Road,Urban,Residential,44.44,9.0,13,2.0,2,1.0,1,11,No,4,No,No,472,104.0,636,1
LA04760,Housing,Urban,Agricultural,4.64,9.0,10,3.0,1,,5,13,No,7,Yes,No,418,15.0,411,0
LA04761,Railway,Rural,Agricultural,16.34,4.0,8,0.0,1,2.0,1,10,Yes,4,No,No,196,75.0,361,1
LA04762,Railway,Urban,Agricultural,30.35,7.0,13,0.0,0,2.0,4,9,Yes,4,No,No,279,130.0,373,1
LA04763,Housing,Rural,Agricultural,23.31,7.0,15,2.0,2,2.0,2,9,Yes,4,Yes,Yes,290,101.0,414,1
LA04764,Railway,Urban,Residential,40.29,6.0,9,3.0,3,1.0,3,11,No,5,Yes,Yes,307,64.0,469,1
LA04765,Railway,Semi-Urban,Residential,20.5,10.0,13,0.0,1,2.0,1,13,No,4,No,No,440,72.0,450,0
LA04766,Road,Semi-Urban,Mixed,27.87,7.0,8,2.0,1,1.0,0,12,Yes,3,No,Yes,473,81.0,542,1
LA04767,Industrial,Urban,Residential,13.93,7.0,9,0.0,2,2.0,3,11,No,5,No,Yes,398,72.0,382,0
LA04768,Industrial,Semi-Urban,Agricultural,,7.0,10,0.0,2,0.0,4,14,No,4,No,Yes,477,108.0,544,1
LA04769,Road,Semi-Urban,Residential,35.74,6.0,10,3.0,1,0.0,1,10,No,9,No,Yes,222,80.0,354,1
LA04770,Airport,Urban,Agricultural,44.09,3.0,6,1.0,0,3.0,3,12,No,5,No,No,313,70.0,341,0
LA04771,Industrial,Semi-Urban,Residential,32.12,3.0,7,0.0,2,3.0,2,7,No,2,,No,182,83.0,181,0
LA04772,Railway,Rural,Commercial,56.3,10.0,19,0.0,0,0.0,1,18,No,3,No,No,432,45.0,574,1
LA04773,Road,Rural,Agricultural,20.81,9.0,15,1.0,0,2.0,2,9,No,4,No,No,364,46.0,427,1
LA04774,Railway,Semi-Urban,Residential,34.42,5.0,8,1.0,0,3.0,2,9,No,2,Yes,No,367,53.0,368,0
LA04775,Road,Rural,Mixed,150.0,11.0,12,2.0,1,2.0,6,14,Yes,3,No,No,316,103.0,333,0
LA04776,Road,Urban,Residential,11.92,5.0,8,1.0,0,1.0,2,8,No,4,No,Yes,388,64.0,373,0
LA04777,Railway,Urban,Mixed,68.52,8.0,13,0.0,1,0.0,5,11,No,3,No,No,393,44.0,454,1
LA04778,Road,Semi-Urban,Residential,126.17,14.0,21,1.0,0,1.0,2,22,No,5,No,No,387,80.0,475,1
LA04779,Road,Semi-Urban,Mixed,47.09,7.0,11,1.0,0,0.0,4,10,Yes,5,No,No,385,68.0,496,1
LA04780,Industrial,Rural,Residential,1.97,7.0,12,0.0,0,,3,10,No,5,No,No,533,82.0,548,0
LA04781,Road,Urban,Agricultural,12.46,10.0,13,1.0,0,2.0,2,12,No,4,No,No,468,49.0,461,0
LA04782,Housing,Semi-Urban,Commercial,40.62,3.0,9,1.0,0,3.0,3,5,No,2,No,No,389,67.0,462,1
LA04783,Housing,Semi-Urban,Agricultural,32.45,10.0,15,0.0,1,1.0,1,15,Yes,4,,No,425,66.0,508,1
LA04784,Industrial,Urban,Mixed,88.86,7.0,14,3.0,0,0.0,1,13,No,2,No,No,407,55.0,391,0
LA04785,Housing,Semi-Urban,Residential,90.76,7.0,11,2.0,1,,6,15,No,7,Yes,Yes,464,56.0,487,0
LA04786,Housing,Semi-Urban,Agricultural,30.64,8.0,11,1.0,1,1.0,3,10,No,2,No,Yes,428,71.0,569,1
LA04787,Road,Urban,Mixed,32.37,4.0,10,0.0,0,0.0,2,5,No,3,Yes,No,370,49.0,390,0
LA04788,Airport,Semi-Urban,Mixed,21.89,8.0,11,1.0,2,3.0,1,14,No,3,No,No,359,69.0,593,1
LA04789,Road,Urban,Agricultural,45.54,9.0,12,2.0,0,0.0,2,13,No,3,Yes,Yes,379,15.0,500,1
LA04790,Industrial,Rural,Agricultural,15.58,8.0,9,0.0,3,1.0,2,12,No,4,No,No,266,75.0,259,0
LA04791,Railway,Urban,Mixed,29.73,6.0,12,2.0,1,0.0,3,7,Yes,4,Yes,No,371,75.0,476,1
LA04792,Road,Urban,Mixed,16.58,7.0,12,0.0,0,0.0,4,10,No,7,No,No,244,36.0,245,0
LA04793,Road,Urban,Mixed,38.68,7.0,16,1.0,0,1.0,0,8,No,2,,No,252,46.0,243,0
LA04794,Housing,Urban,Mixed,65.67,8.0,12,0.0,1,1.0,7,12,No,5,Yes,No,367,36.0,348,0
LA04795,Road,Urban,Agricultural,9.54,7.0,9,1.0,2,1.0,3,9,No,3,No,No,265,66.0,254,0
LA04796,Road,Semi-Urban,Commercial,28.27,6.0,11,0.0,1,2.0,6,10,Yes,2,No,No,568,78.0,560,0
LA04797,Road,Urban,Agricultural,79.57,11.0,15,2.0,2,3.0,4,17,No,3,No,No,406,62.0,568,1
LA04798,Railway,Urban,Residential,95.33,10.0,14,,1,0.0,8,17,No,4,No,Yes,521,52.0,527,0
LA04799,Housing,Urban,Mixed,22.04,10.0,17,1.0,3,2.0,3,13,No,3,Yes,No,492,66.0,579,1
LA04800,Airport,Semi-Urban,Commercial,17.24,11.0,14,2.0,1,3.0,1,14,No,4,Yes,No,120,106.0,236,1
LA04801,Railway,Urban,Residential,1.15,8.0,12,1.0,2,0.0,4,10,No,4,No,No,363,66.0,446,1
LA04802,Road,Semi-Urban,Commercial,70.49,8.0,12,0.0,1,1.0,2,10,Yes,7,No,Yes,514,62.0,572,1
LA04803,Road,Semi-Urban,Residential,67.49,12.0,12,0.0,0,0.0,5,17,Yes,6,No,No,388,38.0,458,1
LA04804,Railway,Rural,Residential,35.62,8.0,9,5.0,0,1.0,3,12,No,6,Yes,No,303,45.0,293,0
LA04805,Housing,Urban,Commercial,135.11,12.0,18,1.0,1,2.0,4,15,No,2,No,No,225,57.0,209,0
LA04806,Airport,Rural,Commercial,32.43,8.0,14,3.0,0,1.0,5,11,Yes,4,No,Yes,290,74.0,383,1
LA04807,Railway,Semi-Urban,Agricultural,71.95,5.0,13,3.0,1,3.0,3,8,No,3,No,Yes,252,73.0,394,1
LA04808,Industrial,Urban,Residential,23.05,7.0,12,0.0,0,1.0,4,13,Yes,5,No,No,120,43.0,101,0
LA04809,Railway,Semi-Urban,Agricultural,27.37,10.0,13,1.0,0,2.0,6,12,Yes,3,No,No,332,80.0,395,1
LA04810,Industrial,Rural,Residential,40.49,8.0,14,3.0,3,0.0,5,10,No,4,No,No,383,34.0,356,0
LA04811,Railway,Urban,Mixed,16.75,8.0,11,2.0,1,1.0,1,12,No,5,No,No,441,67.0,471,0
LA04812,Industrial,Semi-Urban,Residential,59.3,16.0,20,0.0,1,0.0,2,23,No,7,No,No,408,27.0,534,1
LA04813,Railway,Semi-Urban,Mixed,36.55,8.0,13,2.0,2,1.0,3,14,Yes,4,No,No,429,68.0,517,1
LA04814,Housing,Urban,Residential,6.05,9.0,13,1.0,0,2.0,3,14,No,2,No,Yes,215,52.0,285,1
LA04815,Railway,Rural,Residential,73.08,6.0,10,1.0,2,1.0,3,7,No,3,No,No,303,101.0,400,1
LA04816,Road,Urban,Agricultural,15.57,6.0,12,0.0,2,1.0,1,10,No,2,No,No,200,37.0,217,0
LA04817,Road,Urban,Mixed,16.91,8.0,10,1.0,0,1.0,2,12,No,4,No,No,541,81.0,538,0
LA04818,Railway,Urban,Mixed,27.24,6.0,10,2.0,0,4.0,2,11,No,2,No,Yes,388,76.0,519,1
LA04819,Railway,Semi-Urban,Agricultural,46.42,15.0,22,0.0,3,0.0,2,20,No,1,No,Yes,386,65.0,489,1
LA04820,Industrial,Rural,Agricultural,42.32,6.0,9,1.0,2,2.0,3,11,No,5,No,Yes,460,45.0,625,1
LA04821,Airport,Rural,Residential,89.3,5.0,8,,0,1.0,2,11,No,5,No,No,360,57.0,357,0
LA04822,Road,Rural,Agricultural,40.82,3.0,6,0.0,1,0.0,3,7,No,3,No,No,502,56.0,513,0
LA04823,Industrial,Semi-Urban,Agricultural,8.74,9.0,11,,0,3.0,3,13,No,8,No,No,323,44.0,453,1
LA04824,Airport,Semi-Urban,Mixed,13.8,12.0,16,1.0,0,2.0,2,19,No,3,No,No,343,55.0,403,1
LA04825,Railway,Semi-Urban,Agricultural,8.02,8.0,9,1.0,1,1.0,3,16,Yes,4,No,Yes,410,57.0,430,0
LA04826,Railway,Urban,Mixed,7.88,5.0,6,1.0,0,0.0,4,9,No,3,No,No,389,52.0,567,1
LA04827,Road,Rural,Mixed,24.82,5.0,10,0.0,0,0.0,3,7,No,4,No,No,377,66.0,379,0
LA04828,Railway,Semi-Urban,Residential,69.62,10.0,16,0.0,0,2.0,4,17,Yes,8,Yes,Yes,284,48.0,388,1
LA04829,Airport,Semi-Urban,Agricultural,36.4,8.0,12,0.0,1,2.0,6,11,No,2,Yes,No,320,67.0,418,1
LA04830,Housing,Semi-Urban,Mixed,47.69,9.0,12,2.0,0,0.0,4,13,Yes,2,No,No,460,48.0,596,1
LA04831,Industrial,Rural,Agricultural,58.62,7.0,11,1.0,2,1.0,1,9,No,6,Yes,No,317,50.0,334,0
LA04832,Road,Urban,Agricultural,72.97,11.0,16,2.0,0,3.0,2,14,No,2,Yes,No,432,54.0,508,1
LA04833,Industrial,Rural,Mixed,18.45,6.0,8,0.0,3,1.0,7,11,No,2,No,No,277,46.0,395,1
LA04834,Airport,Rural,Residential,66.48,14.0,16,,1,1.0,1,18,Yes,5,Yes,Yes,415,97.0,544,1
LA04835,Road,Rural,Mixed,60.64,6.0,10,0.0,1,,2,9,No,3,No,No,439,48.0,447,0
LA04836,Housing,Urban,Agricultural,24.02,9.0,10,5.0,2,1.0,2,11,Yes,5,Yes,No,417,98.0,553,1
LA04837,Road,Urban,Agricultural,17.47,12.0,17,0.0,0,1.0,3,13,No,2,No,No,354,36.0,339,0
LA04838,Road,Semi-Urban,Agricultural,29.44,8.0,14,5.0,1,0.0,5,12,Yes,5,No,Yes,344,109.0,448,1
LA04839,Road,Rural,Agricultural,87.62,8.0,9,2.0,1,0.0,4,10,No,4,No,No,563,56.0,648,1
LA04840,Road,Rural,Residential,72.14,7.0,14,1.0,0,1.0,5,11,No,3,Yes,No,479,44.0,480,0
LA04841,Housing,Semi-Urban,Residential,,10.0,16,0.0,2,1.0,2,13,Yes,3,No,No,370,71.0,468,1
LA04842,Railway,Urban,Agricultural,67.83,7.0,10,0.0,0,1.0,5,7,No,4,No,No,269,53.0,260,0
LA04843,Road,Urban,Agricultural,53.12,3.0,7,,1,1.0,0,5,No,2,No,No,471,64.0,461,0
LA04844,Railway,Semi-Urban,Commercial,46.69,11.0,16,0.0,1,3.0,3,12,No,5,No,No,289,68.0,398,1
LA04845,Railway,Urban,Residential,83.01,8.0,11,2.0,0,0.0,1,11,Yes,4,No,No,348,87.0,412,1
LA04846,Road,Semi-Urban,Residential,41.92,12.0,16,2.0,1,1.0,5,16,No,3,Yes,No,275,,443,1
LA04847,Road,Rural,Residential,34.78,5.0,8,3.0,2,3.0,7,9,No,1,No,Yes,281,82.0,254,0
LA04848,Industrial,Semi-Urban,Agricultural,4.92,,16,0.0,1,0.0,5,14,No,2,Yes,Yes,356,67.0,470,1
LA04849,Road,Semi-Urban,Residential,58.29,6.0,11,0.0,0,1.0,5,12,No,2,No,No,434,49.0,446,0
LA04850,Airport,Urban,Residential,16.27,8.0,11,1.0,1,1.0,3,10,No,6,No,No,361,58.0,357,0
LA04851,Road,Urban,Agricultural,14.14,15.0,19,2.0,0,2.0,1,19,Yes,3,No,No,587,116.0,793,1
LA04852,Airport,Semi-Urban,Commercial,35.65,8.0,14,0.0,1,0.0,3,15,No,5,Yes,No,344,18.0,528,1
LA04853,Housing,Semi-Urban,Commercial,13.87,7.0,12,3.0,0,2.0,3,14,No,2,No,No,435,95.0,540,1
LA04854,Road,Urban,Residential,44.39,8.0,12,0.0,1,3.0,3,12,Yes,5,No,No,202,55.0,289,1
LA04855,Road,Urban,Mixed,39.17,8.0,10,1.0,0,4.0,3,14,No,4,No,Yes,324,46.0,378,1
LA04856,Housing,Urban,Commercial,36.74,,15,1.0,4,1.0,6,15,No,6,Yes,No,244,88.0,361,1
LA04857,Railway,Semi-Urban,Commercial,29.45,7.0,12,0.0,0,4.0,5,11,Yes,2,No,No,407,49.0,583,1
LA04858,Industrial,Semi-Urban,Residential,57.04,8.0,9,3.0,1,0.0,3,11,No,3,Yes,No,398,42.0,411,0
LA04859,Road,Semi-Urban,Residential,44.52,10.0,15,1.0,1,1.0,4,13,No,4,No,No,482,67.0,598,1
LA04860,Road,Semi-Urban,Agricultural,43.99,8.0,10,0.0,0,2.0,3,13,No,3,No,No,482,66.0,542,1
LA04861,Railway,Urban,Residential,17.64,4.0,7,2.0,0,2.0,2,11,No,4,No,No,433,33.0,427,0
LA04862,Housing,Semi-Urban,Commercial,31.5,10.0,13,0.0,1,0.0,3,14,Yes,3,Yes,No,341,107.0,481,1
LA04863,Road,Urban,Agricultural,17.41,6.0,10,0.0,1,3.0,1,9,No,3,No,No,455,18.0,463,0
LA04864,Airport,Rural,Residential,31.14,11.0,14,0.0,0,1.0,4,15,No,1,No,No,402,56.0,500,1
LA04865,Industrial,Urban,Residential,19.66,9.0,13,2.0,1,1.0,3,13,No,3,No,No,215,,401,1
LA04866,Road,Semi-Urban,Residential,30.59,6.0,10,1.0,2,1.0,1,8,No,3,No,No,421,83.0,442,0
LA04867,Road,Urban,Agricultural,31.51,11.0,19,0.0,1,0.0,3,20,Yes,4,Yes,No,395,118.0,410,0
LA04868,Road,Rural,Residential,30.59,5.0,7,0.0,1,2.0,6,9,No,2,No,No,368,89.0,372,0
LA04869,Railway,Urban,Agricultural,57.9,7.0,11,1.0,0,0.0,3,11,No,3,Yes,No,437,52.0,446,0
LA04870,Industrial,Rural,Residential,48.69,4.0,7,3.0,0,3.0,2,5,Yes,3,Yes,No,267,73.0,515,1
LA04871,Railway,Urban,Agricultural,11.03,12.0,20,1.0,3,2.0,3,18,No,2,No,No,397,94.0,502,1
LA04872,Road,Rural,Mixed,28.22,8.0,10,0.0,1,0.0,2,10,No,4,No,No,404,54.0,421,0
LA04873,Industrial,Semi-Urban,Mixed,36.69,15.0,17,1.0,0,1.0,5,23,No,3,Yes,No,534,68.0,502,0
LA04874,Industrial,Urban,Agricultural,18.99,10.0,14,3.0,0,1.0,3,16,No,5,,No,304,58.0,411,1
LA04875,Railway,Urban,Agricultural,39.21,9.0,14,0.0,1,1.0,2,11,No,3,No,No,140,40.0,216,1
LA04876,Industrial,Semi-Urban,Commercial,20.83,11.0,14,2.0,1,1.0,7,13,No,4,No,No,354,60.0,486,1
LA04877,Road,Rural,Mixed,33.02,5.0,11,0.0,0,1.0,4,11,No,5,No,Yes,176,44.0,174,0
LA04878,Industrial,Rural,Agricultural,15.92,5.0,10,2.0,2,2.0,3,7,No,5,Yes,Yes,211,110.0,322,1
LA04879,Railway,Urban,Residential,30.46,9.0,10,0.0,2,1.0,4,13,No,3,No,No,370,81.0,533,1
LA04880,Railway,Semi-Urban,Mixed,49.52,5.0,10,2.0,0,1.0,0,9,No,5,No,No,438,63.0,536,1
LA04881,Road,Urban,Residential,54.17,4.0,5,0.0,1,2.0,1,6,No,5,No,No,503,42.0,494,0
LA04882,Industrial,Urban,Mixed,33.48,6.0,6,1.0,2,4.0,1,10,No,6,No,No,435,92.0,585,1
LA04883,Industrial,Semi-Urban,Residential,111.93,6.0,9,0.0,2,2.0,1,9,No,4,No,Yes,264,49.0,333,1
LA04884,Road,Urban,Residential,41.92,8.0,12,2.0,0,0.0,3,12,Yes,6,No,No,367,54.0,358,0
LA04885,Housing,Urban,Mixed,55.24,8.0,12,2.0,1,3.0,1,12,Yes,4,No,No,262,62.0,327,1
LA04886,Housing,Rural,Commercial,74.86,11.0,13,2.0,2,2.0,6,16,Yes,4,Yes,Yes,336,88.0,545,1
LA04887,Road,Rural,Agricultural,19.27,11.0,15,0.0,0,0.0,3,14,Yes,6,No,No,333,60.0,326,0
LA04888,Industrial,Rural,Mixed,49.19,4.0,8,2.0,2,2.0,3,7,No,5,No,No,421,84.0,515,1
LA04889,Railway,Urban,Mixed,,11.0,11,1.0,2,1.0,0,15,No,3,No,No,298,69.0,295,0
LA04890,Housing,Rural,Agricultural,50.39,8.0,15,0.0,0,,0,13,Yes,1,No,No,506,107.0,683,1
LA04891,Road,Semi-Urban,Mixed,63.41,8.0,11,3.0,0,2.0,4,13,No,4,No,No,374,87.0,545,1
LA04892,Road,Semi-Urban,Agricultural,16.77,10.0,15,3.0,1,1.0,3,14,No,3,No,No,304,65.0,328,0
LA04893,Railway,Urban,Residential,109.0,10.0,13,0.0,1,2.0,3,12,Yes,3,No,No,296,85.0,392,1
LA04894,Road,Rural,Mixed,34.56,10.0,15,2.0,0,0.0,3,14,No,3,No,Yes,240,90.0,277,1
LA04895,Industrial,Semi-Urban,Agricultural,26.25,8.0,14,1.0,2,2.0,3,12,Yes,2,No,No,311,84.0,509,1
LA04896,Railway,Rural,Mixed,3.41,11.0,12,0.0,2,2.0,3,15,No,2,No,Yes,523,67.0,600,1
LA04897,Road,Semi-Urban,Residential,71.67,6.0,10,0.0,0,2.0,5,8,No,3,No,Yes,341,47.0,328,0
LA04898,Railway,Rural,Residential,60.58,6.0,9,2.0,2,1.0,5,7,No,6,No,Yes,322,84.0,434,1
LA04899,Housing,Semi-Urban,Residential,28.94,10.0,12,1.0,0,2.0,5,10,No,5,Yes,Yes,512,63.0,646,1
LA04900,Airport,Rural,Commercial,6.38,8.0,10,1.0,0,2.0,5,13,No,5,No,No,229,82.0,195,0
LA04901,Railway,Urban,Mixed,35.59,10.0,15,2.0,0,0.0,4,13,No,2,Yes,No,488,34.0,486,0
LA04902,Road,Urban,Agricultural,9.94,9.0,13,0.0,1,0.0,2,13,Yes,4,Yes,No,411,72.0,483,1
LA04903,Road,Rural,Residential,66.98,12.0,13,3.0,0,0.0,1,15,Yes,4,No,No,365,63.0,358,0
LA04904,Housing,Semi-Urban,Agricultural,28.27,6.0,9,3.0,0,1.0,3,8,Yes,3,No,No,557,85.0,535,0
LA04905,Airport,Semi-Urban,Agricultural,15.61,13.0,17,1.0,0,2.0,1,22,No,4,No,No,446,88.0,518,1
LA04906,Industrial,Rural,Commercial,39.94,11.0,14,2.0,1,3.0,3,15,No,3,Yes,No,359,65.0,468,1
LA04907,Housing,Semi-Urban,Commercial,44.04,6.0,14,1.0,0,1.0,6,9,No,2,No,No,273,40.0,272,0
LA04908,Road,Rural,Residential,47.63,10.0,16,0.0,1,1.0,2,15,Yes,5,No,No,292,80.0,311,0
LA04909,Industrial,Urban,Agricultural,,10.0,14,0.0,2,1.0,2,15,No,7,No,No,422,76.0,547,1
LA04910,Road,Rural,Commercial,63.07,7.0,9,2.0,1,2.0,5,11,No,6,No,Yes,316,100.0,330,0
LA04911,Road,Urban,Residential,28.77,8.0,9,0.0,0,1.0,5,13,Yes,5,No,No,307,54.0,420,1
LA04912,Railway,Semi-Urban,Agricultural,4.63,8.0,12,0.0,3,2.0,3,11,No,4,No,No,260,60.0,252,0
LA04913,Railway,Rural,Commercial,31.28,10.0,18,1.0,0,5.0,4,12,Yes,2,No,No,438,94.0,538,1
LA04914,Housing,Urban,Agricultural,30.98,7.0,13,1.0,0,0.0,4,12,No,6,No,No,439,33.0,437,0
LA04915,Road,Urban,Residential,30.58,11.0,15,4.0,1,5.0,5,14,No,3,No,Yes,366,75.0,469,1
LA04916,Housing,Urban,Residential,,5.0,10,2.0,0,2.0,4,8,No,8,,No,314,76.0,440,1
LA04917,Airport,Semi-Urban,Mixed,94.4,10.0,14,3.0,2,3.0,4,15,Yes,4,No,No,371,118.0,505,1
LA04918,Industrial,Semi-Urban,Residential,31.95,5.0,7,0.0,1,1.0,4,8,Yes,5,No,No,348,50.0,349,0
LA04919,Housing,Urban,Mixed,34.8,5.0,9,0.0,1,0.0,2,10,Yes,4,No,No,321,50.0,319,0
LA04920,Railway,Rural,Agricultural,22.09,8.0,12,2.0,1,0.0,3,10,Yes,4,No,No,265,15.0,251,0
LA04921,Railway,Urban,Agricultural,31.89,8.0,13,1.0,2,1.0,2,10,No,4,No,No,338,86.0,500,1
LA04922,Road,Semi-Urban,Mixed,48.34,11.0,15,1.0,1,2.0,5,12,No,4,No,No,403,96.0,492,1
LA04923,Road,Semi-Urban,Agricultural,49.11,14.0,15,1.0,1,1.0,3,17,Yes,4,No,No,120,76.0,219,1
LA04924,Housing,Urban,Residential,78.59,13.0,16,0.0,0,0.0,3,16,No,3,No,No,589,15.0,621,0
LA04925,Railway,Urban,Residential,5.92,8.0,12,2.0,0,0.0,2,11,No,5,No,No,420,71.0,421,0
LA04926,Road,Rural,Commercial,58.63,16.0,23,2.0,1,0.0,3,18,No,5,Yes,Yes,313,87.0,414,1
LA04927,Road,Semi-Urban,Agricultural,53.0,6.0,12,2.0,3,1.0,7,9,No,3,No,Yes,155,57.0,271,1
LA04928,Railway,Urban,Mixed,8.76,12.0,17,2.0,1,0.0,4,13,No,8,Yes,No,253,81.0,312,1
LA04929,Airport,Rural,Agricultural,77.5,2.0,8,1.0,0,2.0,3,3,No,4,No,Yes,273,38.0,343,1
LA04930,Road,Semi-Urban,Agricultural,10.58,9.0,13,0.0,0,2.0,1,14,No,2,No,Yes,435,70.0,455,0
LA04931,Airport,Urban,Residential,49.24,5.0,9,2.0,1,,2,9,No,2,Yes,No,322,46.0,295,0
LA04932,Industrial,Semi-Urban,Residential,4.8,,7,3.0,0,1.0,4,11,Yes,5,No,Yes,428,76.0,431,0
LA04933,Airport,Semi-Urban,Mixed,15.49,11.0,14,1.0,1,0.0,3,12,No,2,No,No,311,57.0,433,1
LA04934,Road,Urban,Residential,50.23,8.0,12,1.0,0,1.0,4,11,No,7,No,Yes,290,51.0,275,0
LA04935,Industrial,Rural,Mixed,51.65,8.0,11,0.0,0,3.0,4,11,Yes,2,No,No,494,59.0,508,0
LA04936,Road,Urban,Residential,29.71,7.0,10,1.0,2,3.0,2,12,Yes,3,No,No,359,94.0,350,0
LA04937,Railway,Urban,Agricultural,82.27,8.0,13,0.0,0,2.0,3,10,No,4,Yes,No,208,80.0,207,0
LA04938,Airport,Urban,Residential,49.46,10.0,11,1.0,0,2.0,3,12,No,4,No,No,524,96.0,496,0
LA04939,Industrial,Rural,Mixed,64.13,11.0,14,3.0,0,4.0,5,17,No,5,No,No,421,88.0,432,0
LA04940,Road,Rural,Residential,30.7,4.0,14,0.0,3,1.0,5,8,No,4,Yes,No,363,76.0,401,0
LA04941,Housing,Rural,Agricultural,13.62,5.0,9,1.0,1,2.0,2,8,No,4,No,No,352,39.0,364,0
LA04942,Road,Urban,Mixed,13.5,7.0,10,0.0,2,1.0,6,9,No,6,No,No,342,68.0,332,0
LA04943,Industrial,Rural,Commercial,25.9,9.0,13,1.0,0,0.0,2,14,No,4,No,Yes,252,30.0,263,0
LA04944,Housing,Semi-Urban,Residential,16.09,10.0,13,2.0,1,2.0,6,11,No,6,Yes,No,334,72.0,421,1
LA04945,Railway,Urban,Mixed,15.18,9.0,14,2.0,3,1.0,1,15,No,3,No,No,419,29.0,512,1
LA04946,Housing,Urban,Agricultural,7.32,7.0,9,1.0,1,,2,11,Yes,6,Yes,No,120,58.0,126,0
LA04947,Industrial,Rural,Residential,27.2,7.0,12,1.0,1,2.0,3,11,Yes,8,Yes,No,212,71.0,316,1
LA04948,Airport,Urban,Agricultural,7.15,4.0,7,0.0,0,1.0,3,12,No,2,Yes,No,218,75.0,206,0
LA04949,Industrial,Semi-Urban,Mixed,26.78,7.0,10,0.0,2,,5,12,No,3,No,No,323,64.0,319,0
LA04950,Industrial,Semi-Urban,Agricultural,5.4,11.0,20,0.0,0,,1,17,Yes,2,No,No,295,57.0,289,0
LA04951,Road,Urban,Mixed,24.89,4.0,6,3.0,1,1.0,3,11,Yes,2,No,No,407,91.0,526,1
LA04952,Airport,Rural,Commercial,,7.0,11,3.0,0,2.0,3,10,Yes,3,No,No,245,72.0,387,1
LA04953,Road,Rural,Agricultural,15.61,10.0,13,0.0,0,2.0,3,16,No,3,No,Yes,357,72.0,343,0
LA04954,Housing,Semi-Urban,Agricultural,40.87,12.0,12,2.0,0,2.0,2,17,No,6,No,Yes,309,50.0,296,0
LA04955,Road,Semi-Urban,Commercial,39.01,8.0,11,1.0,0,2.0,2,12,No,1,,No,318,47.0,306,0
LA04956,Road,Semi-Urban,Agricultural,19.46,7.0,9,2.0,0,0.0,5,9,No,7,No,No,461,73.0,544,1
LA04957,Housing,Rural,Residential,6.79,16.0,16,0.0,1,1.0,3,20,Yes,2,No,Yes,446,72.0,512,1
LA04958,Road,Urban,Agricultural,58.86,13.0,16,1.0,6,,1,19,No,7,No,Yes,472,116.0,620,1
LA04959,Railway,Semi-Urban,Mixed,19.33,13.0,17,,0,1.0,3,15,No,4,Yes,No,318,79.0,318,0
LA04960,Airport,Urban,Residential,89.34,11.0,16,3.0,1,2.0,2,14,No,3,Yes,No,532,83.0,548,0
LA04961,Road,Semi-Urban,Residential,56.9,5.0,10,1.0,1,,4,13,No,6,No,No,522,70.0,578,1
LA04962,Road,Semi-Urban,Residential,50.53,4.0,7,2.0,0,3.0,6,9,No,3,Yes,No,239,87.0,332,1
LA04963,Railway,Urban,Residential,10.4,9.0,14,2.0,2,2.0,2,14,Yes,7,No,No,212,91.0,200,0
LA04964,Road,Rural,Mixed,50.75,6.0,13,2.0,1,0.0,2,8,No,5,No,No,512,57.0,520,0
LA04965,Road,Urban,Agricultural,69.03,8.0,15,0.0,1,,1,16,No,4,Yes,Yes,309,38.0,318,0
LA04966,Road,Urban,Commercial,35.01,10.0,16,,2,1.0,3,19,No,4,No,No,328,72.0,303,0
LA04967,Railway,Semi-Urban,Mixed,,8.0,9,1.0,1,,2,9,Yes,4,No,Yes,331,81.0,419,1
LA04968,Road,Semi-Urban,Agricultural,48.51,12.0,17,1.0,1,1.0,3,15,No,4,No,No,386,67.0,469,1
LA04969,Road,Urban,Mixed,74.23,,10,0.0,3,2.0,1,11,No,2,No,No,522,93.0,603,1
LA04970,Industrial,Semi-Urban,Mixed,43.99,11.0,13,1.0,1,2.0,4,18,No,3,Yes,Yes,306,76.0,383,1
LA04971,Industrial,Rural,Commercial,47.46,8.0,14,3.0,1,1.0,2,9,No,4,No,Yes,323,55.0,418,1
LA04972,Road,Urban,Commercial,39.89,7.0,13,0.0,0,2.0,4,12,Yes,9,No,No,345,,447,1
LA04973,Road,Rural,Agricultural,91.07,3.0,7,3.0,1,3.0,2,6,No,3,Yes,Yes,434,71.0,549,1
LA04974,Housing,Urban,Mixed,35.7,10.0,12,1.0,2,2.0,4,12,Yes,5,No,No,365,101.0,463,1
LA04975,Industrial,Semi-Urban,Residential,47.23,11.0,22,0.0,1,0.0,1,15,No,4,No,No,371,69.0,446,1
LA04976,Railway,Urban,Commercial,77.18,9.0,12,1.0,1,1.0,0,13,No,3,No,No,306,81.0,313,0
LA04977,Railway,Rural,Agricultural,23.66,10.0,20,2.0,0,0.0,6,12,No,3,No,No,370,112.0,382,0
LA04978,Road,Rural,Agricultural,101.92,11.0,14,0.0,1,1.0,3,16,No,7,Yes,No,289,66.0,296,0
LA04979,Housing,Urban,Mixed,21.84,8.0,10,0.0,2,2.0,5,11,Yes,7,No,No,446,68.0,463,0
LA04980,Housing,Urban,Commercial,15.8,9.0,11,1.0,1,3.0,0,14,Yes,4,No,No,218,97.0,324,1
LA04981,Housing,Urban,Residential,48.2,9.0,16,0.0,2,2.0,0,18,No,4,Yes,No,512,86.0,699,1
LA04982,Road,Urban,Commercial,20.98,8.0,10,2.0,0,1.0,3,16,Yes,4,No,No,371,61.0,366,0
LA04983,Road,Rural,Mixed,88.38,7.0,12,0.0,4,1.0,1,13,Yes,5,,No,327,87.0,336,0
LA04984,Road,Semi-Urban,Commercial,122.79,9.0,13,1.0,0,1.0,1,11,No,4,,No,533,69.0,538,0
LA04985,Road,Semi-Urban,Mixed,16.3,11.0,15,1.0,1,2.0,4,13,Yes,5,Yes,No,298,80.0,416,1
LA04986,Road,Rural,Mixed,15.03,8.0,14,2.0,1,2.0,2,13,Yes,4,Yes,No,426,117.0,573,1
LA04987,Industrial,Rural,Mixed,14.44,9.0,12,2.0,1,3.0,3,12,No,4,No,No,187,90.0,339,1
LA04988,Road,Rural,Agricultural,4.61,9.0,15,1.0,1,2.0,3,10,No,7,No,No,319,48.0,321,0
LA04989,Housing,Urban,Agricultural,20.5,7.0,10,1.0,1,1.0,3,14,Yes,2,No,No,263,78.0,336,1
LA04990,Road,Urban,Mixed,67.09,10.0,13,0.0,1,1.0,1,12,No,5,Yes,No,316,41.0,375,1
LA04991,Road,Urban,Mixed,49.88,5.0,9,1.0,1,1.0,4,7,No,3,Yes,No,485,,625,1
LA04992,Housing,Urban,Residential,28.77,8.0,11,1.0,0,1.0,3,11,Yes,3,No,No,349,53.0,444,1
LA04993,Airport,Semi-Urban,Residential,45.99,8.0,16,,2,1.0,4,12,Yes,4,No,No,459,108.0,560,1
LA04994,Railway,Urban,Agricultural,11.15,8.0,18,1.0,0,4.0,2,11,No,8,No,No,485,77.0,610,1
LA04995,Industrial,Semi-Urban,Mixed,35.58,7.0,10,0.0,1,1.0,6,11,Yes,4,No,Yes,363,65.0,442,1
LA04996,Road,Semi-Urban,Mixed,40.36,11.0,15,0.0,0,1.0,0,15,No,2,No,Yes,672,24.0,659,0
LA04997,Road,Urban,Agricultural,38.63,8.0,10,0.0,0,0.0,6,16,No,3,Yes,Yes,329,41.0,312,0
LA04998,Railway,Urban,Residential,19.97,5.0,10,0.0,2,0.0,1,7,Yes,3,No,No,472,93.0,558,1
LA04999,Railway,Semi-Urban,Agricultural,19.37,10.0,13,1.0,2,1.0,3,12,No,9,No,No,450,88.0,427,0
LA05000,Industrial,Semi-Urban,Mixed,53.07,14.0,20,3.0,3,0.0,4,15,No,6,No,No,406,107.0,589,1
LA01502,Housing,Urban,Agricultural,33.49,4.0,7,0.0,0,3.0,2,10,Yes,4,No,No,352,111.0,369,0
LA02587,Road,Urban,Residential,34.73,14.0,18,0.0,1,1.0,2,19,No,5,No,Yes,120,54.0,96,0
LA02654,Airport,Urban,Commercial,43.42,4.0,7,0.0,2,3.0,2,7,No,5,Yes,No,403,51.0,411,0
LA01056,Industrial,Urban,Commercial,23.52,11.0,13,1.0,1,0.0,5,18,No,3,Yes,No,402,85.0,518,1
LA00706,Industrial,Semi-Urban,Agricultural,33.37,14.0,16,3.0,2,2.0,3,18,No,4,No,No,358,85.0,533,1
LA00107,Railway,Urban,Agricultural,27.45,7.0,11,1.0,1,1.0,2,12,No,4,No,No,414,16.0,449,0
LA00590,Road,Semi-Urban,Agricultural,11.07,11.0,14,0.0,0,4.0,3,13,No,3,Yes,No,383,68.0,467,1
LA02469,Industrial,Rural,Residential,113.75,9.0,16,1.0,1,3.0,3,14,Yes,2,Yes,No,418,75.0,520,1
LA02414,Railway,Semi-Urban,Mixed,16.58,8.0,13,4.0,2,1.0,7,11,No,3,Yes,No,487,,471,0
LA01601,Housing,Urban,Mixed,24.4,5.0,12,2.0,0,0.0,1,13,No,2,No,No,372,82.0,466,1
LA02465,Road,Rural,Mixed,34.54,9.0,10,1.0,2,2.0,1,11,No,4,Yes,No,357,61.0,348,0
LA00229,Industrial,Urban,Residential,61.65,10.0,10,1.0,0,2.0,2,10,No,7,No,No,272,48.0,270,0
LA00916,Housing,Semi-Urban,Mixed,97.8,7.0,10,2.0,1,0.0,4,13,No,1,Yes,No,169,94.0,156,0
LA00795,Road,Rural,Residential,27.24,6.0,9,1.0,2,2.0,2,10,Yes,5,No,No,485,67.0,475,0
LA03022,Airport,Urban,Agricultural,28.03,7.0,13,1.0,1,1.0,2,11,No,4,No,No,298,77.0,339,1
LA03544,Road,Rural,Residential,36.56,4.0,9,2.0,0,1.0,4,7,No,4,No,No,546,77.0,542,0
LA01074,Housing,Urban,Agricultural,52.35,5.0,10,1.0,0,2.0,4,6,No,3,No,No,335,70.0,347,0
LA03352,Road,Rural,Mixed,31.42,6.0,10,1.0,0,2.0,8,17,No,4,No,No,238,60.0,236,0
LA01745,Airport,Urban,Agricultural,35.19,10.0,15,0.0,0,1.0,0,15,No,3,No,Yes,420,69.0,408,0
LA01085,Housing,Urban,Agricultural,27.39,9.0,14,0.0,0,1.0,4,14,No,6,No,No,327,68.0,325,0
LA00927,Road,Rural,Agricultural,36.32,12.0,20,1.0,3,0.0,4,14,Yes,1,Yes,No,399,85.0,515,1
LA03050,Road,Semi-Urban,Residential,28.46,7.0,10,2.0,1,2.0,2,9,No,3,Yes,No,509,60.0,611,1
LA01118,Airport,Urban,Agricultural,40.08,8.0,10,0.0,1,0.0,4,12,No,6,Yes,No,417,58.0,538,1
LA00643,Road,Rural,Mixed,15.92,7.0,11,0.0,1,2.0,2,10,No,3,No,Yes,412,87.0,432,0
LA04768,Industrial,Semi-Urban,Agricultural,,7.0,10,0.0,2,0.0,4,14,No,4,No,Yes,477,108.0,544,1
